timestamp,x,y,z,lat,lon
0.0,-0.017556927560395112,-0.017271498700123452,0.9863860789879066,28.613899882051538,77.2090008075299
0.02,-0.0030130779718309264,0.026015761052581996,1.0078942395160793,28.613899771295767,77.20900161638038
0.04,-0.0382654903519318,-0.007852813231680631,1.014276542526598,28.613899665637952,77.20900242611533
0.06,0.027309157889979962,0.03173165189498884,0.9838242587016811,28.613899563355833,77.20900323641253
0.08,-0.020491733862909704,-0.016364233939207072,0.9726411777358982,28.61389945097245,77.20900404497164
0.1,-0.022961970681469945,0.030153486692255448,1.003603824564558,28.613899341047354,77.20900485396913
0.12,-0.008116635546414692,0.001678824280674163,0.9915869486557096,28.613899227181875,77.20900566225912
0.14,-0.026847660629232335,0.017214597334215095,1.016721689953776,28.613899111230204,77.20900647016417
0.16,0.012885811862049219,-0.026010946573140285,0.9802957292520853,28.61389898853033,77.20900727677487
0.18,-0.019320445941856394,-0.026107148354013638,0.9758841747712071,28.61389887932052,77.20900808589806
0.2,0.010029385484065179,0.0051600648601435265,0.9873333225931864,28.61389876767484,77.20900889458976
0.22,0.018497617857245036,-0.020277446289239318,1.0103956629299828,28.613898654399332,77.2090097029873
0.24,-0.010987148633520974,0.026579767701630858,0.9929675109987286,28.613898541832356,77.20901051151326
0.26,-0.014349061448837555,0.007280097650777083,0.9982280514241315,28.61389842163278,77.2090113186123
0.28,-0.0160433370992372,-0.012883537111358883,0.9900957162219836,28.613898302289577,77.20901212587623
0.3,-0.021644394793546438,-0.018400809924515284,1.020310005345133,28.613898176722383,77.20901293191413
0.32,-0.0084071495684807,-0.005770682183689523,1.009661048682076,28.61389804995197,77.20901373770761
0.34,0.0013476120484213919,-0.0113565752283751,0.9695479416173691,28.61389792143223,77.20901454314142
0.36,-0.02766032010783369,0.009905811107747912,1.0180235973102285,28.61389779067755,77.20901534810832
0.38,-0.012839853119022892,-0.0015348346162546314,1.0118080471643678,28.613897661331997,77.20901615337057
0.4,0.003155532066932218,0.023367524678744398,1.021695540439642,28.61389752094678,77.20901695623006
0.42,-0.04299408604455173,0.012644408774072045,0.9983145088676018,28.613897372989054,77.20901775732311
0.44,-0.14071900083939792,-0.017339592636930926,0.9989976600429932,28.61389722545004,77.20901855851635
0.46,-0.1183901770594585,-0.008511101436167122,1.0250130972505926,28.613897076708636,77.20901935942105
0.48,-0.14998142601095119,-0.017290220503164377,1.0388164650195935,28.61389692458719,77.20902015950153
0.5,-0.2298908514179694,-0.017272311282234994,1.0681514353859565,28.613896766781178,77.20902095815205
0.52,-0.2968237767769101,-0.03590558845373793,1.0660638225976735,28.613896597689383,77.20902175379983
0.54,-0.3211009857416396,0.018824992685035936,1.065203968089992,28.613896422271036,77.20902254766833
0.56,-0.3653784672291435,0.025846402702105146,1.0685606040203477,28.613896248068535,77.20902334188415
0.58,-0.36919133415538585,-0.019751131941844982,1.0803051400815464,28.613896079571845,77.20902413769574
0.6,-0.41506140153303445,-0.021764962070722135,1.0721136403837144,28.613895904152084,77.20902493156382
0.62,-0.40034913172095954,0.011218555314874352,1.0935787431873516,28.613895726718756,77.20902572485102
0.64,-0.3596237096581586,-0.016387501612503737,1.050956264829228,28.613895556136402,77.20902652008583
0.66,-0.3899688296582778,0.025481503129754068,1.080173892408016,28.613895379602997,77.20902731363351
0.68,-0.3892764922918023,-0.014334888196193676,1.100882800138191,28.613895192526467,77.20902810404066
0.7,-0.39521238029825645,-0.042768358468130256,1.0572859484072419,28.613895005400703,77.20902889443266
0.72,-0.373634707793358,-0.0026052395261780006,1.11889334243505,28.61389480742832,77.20902968138846
0.74,-0.3851074180429181,-0.011846290762329688,1.0584542264746974,28.613894604168642,77.20903046659329
0.76,-0.3561175806259872,0.0029457256805200636,1.0699061556931324,28.61389440890863,77.20903125442794
0.78,-0.35393515890764143,-0.006978242132592178,1.1005186841450114,28.613894210727914,77.20903204131568
0.8,-0.3869141037853176,0.011530834327591602,1.1090406645846105,28.613894024812506,77.20903283207822
0.82,-0.3939329588761065,0.008462532902310067,1.087149591816161,28.61389383644059,77.20903362208603
0.84,-0.3899160249103245,0.00651471684261432,1.0866227087335436,28.61389365518451,77.20903441425098
0.86,-0.4045170438318485,0.003815438611850662,1.1157574143000732,28.613893472591396,77.20903520601739
0.88,-0.39051354219273077,-1.246353799743446e-05,1.0526378706414024,28.613893285293095,77.20903599635636
0.9,-0.4220303070192386,-0.027946265943779906,1.0455033101534643,28.613893102079377,77.20903678793672
0.92,-0.40742991618687174,0.007785574630434754,1.0415128814120362,28.61389290714519,77.20903757587605
0.94,-0.37745870180325014,0.014639125549800843,1.0629748137298431,28.61389271859309,77.20903836582808
0.96,-0.3824273533371272,0.00697970066588012,1.0656781785880662,28.61389254491423,77.20903916019267
0.98,-0.39573424506064603,-0.004030177947369727,1.087611430277526,28.613892371436805,77.20903995461438
1.0,-0.3848105766828091,0.011806878237542551,1.1001550286549369,28.61389218845499,77.20904074626434
1.02,-0.36306530858276487,0.004732470436281915,1.0981722087778798,28.613892005619103,77.20904153795803
1.04,-0.4009007264033391,0.014202154920934152,1.0975875661468537,28.613891826907867,77.20904233087289
1.06,-0.42189247838885235,-0.0017515516964781352,1.060838945803713,28.613891659696396,77.20904312703613
1.08,-0.38064432292252787,-0.028547168742239025,1.0876959422700732,28.61389149648174,77.20904392427484
1.1,-0.3824633379245026,-0.003575348402964148,1.0653241946965832,28.613891341271053,77.209044723585
1.12,-0.3779945183770319,-0.018973324476868,1.092017893765822,28.6138911843511,77.20904552246198
1.14,-0.41713283548037583,-0.009272556799515804,1.0808533599169015,28.613891025128805,77.2090463207476
1.16,-0.4231932686994774,0.0017306488216030924,1.0976987696238754,28.61389087256371,77.20904712071841
1.18,-0.3878896529677794,0.019801142215755185,1.127525116065196,28.613890722290602,77.20904792125197
1.2,-0.3892895163586002,0.013320128282118655,1.0793432949870045,28.613890561870207,77.20904871922627
1.22,-0.40033199154678695,0.0041763471321085545,1.0579331575644002,28.613890404435086,77.20904951797172
1.24,-0.36425360612546714,0.024962489795446394,1.0473758894561667,28.613890250166243,77.20905031751843
1.26,-0.3933862454499889,0.0009474886803062172,1.0620638444588193,28.61389009458854,77.20905111673599
1.28,-0.36856799985201305,0.004047670039758477,1.1013367391128384,28.61388994891792,77.2090519183727
1.3,-0.37562406873312054,-0.007582733902291619,1.089689977163454,28.613889796569854,77.20905271839716
1.32,-0.3712988929031144,-0.02138870350703135,1.0757171945062385,28.61388964712439,77.20905351913173
1.34,-0.32355187195582896,0.011138460330167346,1.0698511962414963,28.613889505829338,77.20905432178402
1.36,-0.2877698653044622,-0.03136193436277672,1.0677207180747375,28.61388936075049,77.20905512355996
1.38,-0.20981279528043498,-0.01862505082080745,1.0133035338069074,28.61388921910617,77.20905592613238
1.4,-0.17278826266376382,0.00355033240487455,1.0552807183194035,28.61388908363785,77.20905673008714
1.42,-0.10406093515503669,-0.01697981695836427,1.0344545452018674,28.61388894765684,77.20905753392958
1.44,-0.07547355522882754,0.0003557748071182868,0.9889631096784506,28.613888804261492,77.20905833609841
1.46,-0.06964683766995519,0.0029474873855973617,1.0155976623500642,28.61388866375946,77.20905913893132
1.48,-0.00924118941556614,-0.011205667323443611,0.9739516360239173,28.613888530066244,77.20905994327157
1.5,-0.04220872972762187,0.0011032903693113537,1.0102035948735033,28.613888412263158,77.20906075082891
1.52,0.005867456891384626,0.0008358273725200452,1.0023985144308647,28.613888304751878,77.20906156024714
1.54,0.05581496685797459,-0.0228116786589114,0.9798162615665585,28.613888200669397,77.2090623702467
1.56,0.0026163654651020995,0.010931229708088543,1.0082700971783367,28.613888105892364,77.20906318172713
1.58,0.0040237073879488055,-0.040617162903495804,1.0161806238030737,28.613888016095597,77.20906399394218
1.6,-0.00034634964557022057,0.037568613973216716,0.9885300483311752,28.613887912569307,77.20906480403423
1.62,0.007117032183018933,0.010681608211646335,1.0156453240817662,28.613887800295753,77.20906561261303
1.64,-0.0031246878770608034,0.020423211090727835,0.9944294801297989,28.613887693832922,77.20906642221107
1.66,0.012357108275131071,0.013233994740977249,1.0174860711866087,28.613887586388724,77.20906723164084
1.68,-0.01544834504666221,-0.0008560791597712449,0.9980811098757681,28.613887486628695,77.20906804234585
1.7,-0.014619508869320754,-0.015438869274379053,1.0234630423536475,28.613887375763856,77.20906885117684
1.72,-0.025849595951819772,-0.0004914591344106379,0.9817278758563807,28.61388726439395,77.20906965991779
1.74,-0.0006505229982013755,0.01672234306378952,0.9823070275973548,28.61388714557411,77.2090704672818
1.76,-0.022116467319972806,-0.01645319012377456,0.9842400417948008,28.61388703233337,77.20907127568557
1.78,0.02905072778647633,0.003140496344695784,1.0025331806311406,28.61388690774402,77.20907208192025
1.8,-0.00861881215587618,-0.036203843107279345,0.9969543777111458,28.613886786269667,77.20907288877152
1.82,-0.039380311256426215,-0.016167602934635147,1.005731201392539,28.613886677320817,77.20907369794027
1.84,-0.02270851081150649,-0.0171733458689733,0.9767174626310129,28.613886569604627,77.20907450732314
1.86,0.0027008670592741824,0.03360699907736483,0.9856501926624474,28.61388646677139,77.20907531752971
1.88,0.013047098581371755,-0.026748806636516034,1.0254128502597784,28.61388635679475,77.20907612651803
1.9,0.007078547114536112,0.007971067029831407,1.0074317710013758,28.613886251226315,77.209076936268
1.92,-0.016446792682948862,0.0318894522947501,1.0124717940838448,28.613886141836304,77.20907774535951
1.94,-0.01142459079870514,0.020108266004629748,0.9948939793194754,28.613886037294602,77.20907855528232
1.96,-0.013766805784972105,0.03042900314338554,1.0058967562500734,28.613885938770473,77.2090793661834
1.98,0.011332702740301818,0.03339902565957392,0.9905024419234437,28.61388584024055,77.20908017708358
2.0,0.0023259027022854233,0.0011236303356148233,0.9629946060980549,28.61388573792668,77.20908098737546
2.02,-0.008948063116260719,0.009502111568396157,1.0207087495936564,28.61388564672464,77.20908179938728
2.04,-0.013189195577057767,0.003898527825382551,1.0036435747748822,28.61388554894756,77.20908261040569
2.06,-0.010458800529885917,0.009615370596634063,0.9853592013688478,28.613885444503236,77.2090834203448
2.08,0.00016972681423175554,0.00843594081164187,1.0000252410270165,28.613885342224844,77.20908423064249
2.1,0.026816432305362476,0.034347891025034424,0.9906768959775953,28.613885241300103,77.20908504116039
2.12,0.003731934834538849,0.0058356044206536615,1.029969396897562,28.613885159254238,77.20908585443868
2.14,-0.006732111400662068,-0.01907543664325451,1.0134311794150985,28.613885064352385,77.20908666590016
2.16,-0.008290678814031078,0.011916745880818402,0.9770432311566527,28.613884971742625,77.2090874777052
2.18,0.03403788874830578,0.01461609655651895,0.9743327895466045,28.613884871413635,77.20908828831907
2.2,0.01649452759812844,-0.016439082113231963,1.0050108015897905,28.613884775392183,77.20908909960961
2.22,0.01957422222348013,-0.017257110430029646,1.0026872701290903,28.61388467935013,77.20908991089699
2.24,0.014947807171861774,0.019016871986804722,1.0103594102153062,28.613884579584187,77.20909072160103
2.26,-0.0009988122856350874,-0.010660725730959246,0.997133464220067,28.613884483085354,77.20909153281806
2.28,-0.01659353810546619,-0.008271646473135063,0.9959420890911588,28.613884397744272,77.2090923456562
2.3,-0.1104547795788005,-0.009229415035411083,1.0279707311605555,28.613884313301455,77.20909315861606
2.32,-0.0906289446062939,0.004902604270601152,1.0385486254127652,28.613884238960964,77.20909397285509
2.34,-0.14735424899003147,0.022064647722430976,1.0607050452654396,28.613884170790367,77.20909478779444
2.36,-0.19302828419831425,0.0133727167037518,1.0591335332728744,28.613884107128204,77.20909560320685
2.38,-0.25843526767022795,-0.009245275661236127,1.0365966803990863,28.61388404290082,77.20909641856173
2.4,-0.2652256152745795,0.026761318539580553,1.0673512568989505,28.61388398327713,77.20909723437019
2.42,-0.30149311101664084,0.017388527563391338,1.0653950326115864,28.613883932390046,77.20909805094614
2.44,-0.3790314900775862,0.019849283901560207,1.061099863416566,28.61388388015699,77.2090988674118
2.46,-0.37842286506650064,0.019198557401912914,1.0442223430891813,28.613883823250085,77.209099683472
2.48,-0.38561548891856817,-0.010291779621128838,1.1249548581503288,28.613883776280225,77.20910050035246
2.5,-0.3539835219931876,-0.01839707097783202,1.0688218879849045,28.613883729173587,77.2091013172227
2.52,-0.3669064549359772,-0.006768459162665569,1.0774762108816858,28.61388367667251,77.20910213366605
2.54,-0.32249364356595744,0.019812092597277505,1.084396183013579,28.613883623444206,77.20910295004829
2.56,-0.39562511517871796,-0.023597496828765212,1.0822336985960341,28.61388357889439,77.20910376710464
2.58,-0.38235569453073165,-0.0263021226964394,1.0295685645633852,28.613883532627373,77.20910458403714
2.6,-0.3647028000838604,-0.03627561649036739,1.0766852343042104,28.61388348636286,77.20910540096982
2.62,-0.3516430845310463,-0.02512182143049833,1.115423106111209,28.61388343900832,77.20910621782146
2.64,-0.3525484079924714,-0.01578177351023774,1.0757632878731627,28.613883391382956,77.20910703465266
2.66,-0.36325337989456613,0.0024899019086127238,1.1127023157535856,28.613883358240823,77.20910785241247
2.68,-0.3578954645381311,-0.023029493570031728,1.080628324256644,28.613883326344418,77.20910867023656
2.7,-0.36257463885845326,0.013238963453261612,1.0729771913658679,28.61388328762703,77.20910948767845
2.72,-0.3439559998393463,0.0009013842970639089,1.0828883657734591,28.613883238601392,77.20911030440215
2.74,-0.3760684110625637,-0.040857418118418726,1.0807514030065783,28.61388318244883,77.20911112053014
2.76,-0.3738031297685099,-0.00037047080604606764,1.0803066704090192,28.61388312611117,77.20911193664159
2.78,-0.3511546521444021,0.0028306342450417923,1.068358622771827,28.613883064818914,77.20911275228957
2.8,-0.33349651425220883,0.038330064134366605,1.052722532295447,28.613882999639593,77.20911356754642
2.82,-0.37762828106775304,0.00484064129212401,1.0912250288022027,28.61388293612138,77.20911438297338
2.84,-0.36011966067664414,-0.035385401645975534,1.0818968911878108,28.613882864380336,77.20911519751492
2.86,-0.3725118516712943,0.004591867385651581,1.1132887111101673,28.613882797264925,77.2091160125679
2.88,-0.35384799599785266,0.003488174971221753,1.0793329383418064,28.613882730920068,77.20911682770274
2.9,-0.397768809243613,0.012098276543671373,1.0497229995479709,28.61388265812247,77.20911764212264
2.92,-0.37185778524949986,0.05273893673158679,1.0864482371081905,28.613882591882668,77.20911845726856
2.94,-0.3764274911881349,-0.010731413717890752,1.0815184204645674,28.6138825352074,77.20911927334967
2.96,-0.3717903912567644,-0.013052475268777229,1.0713827967848744,28.613882485486158,77.20912009001879
2.98,-0.4157209497126625,0.009381519837459678,1.092368488249542,28.61388243258109,77.20912090642828
3.0,-0.32445435922837845,0.036511273703161914,1.0899524423510472,28.613882363682833,77.20912172128821
3.02,-0.4148272221412201,0.013420920931913601,1.0560617407450406,28.613882286221326,77.20912253514962
3.04,-0.3554191783796616,-0.006852834038321523,1.0706430953313646,28.61388220316971,77.2091233482954
3.06,-0.3908216873276853,0.01969719276941739,1.1018884973128464,28.61388210895026,77.20912415986004
3.08,-0.389837574507235,0.035877157768312185,1.0604053214495164,28.613882012669293,77.20912497111065
3.1,-0.36218285487791735,-0.015375785640851831,1.0765527856734132,28.613881920790178,77.2091257830234
3.12,-0.35111837160237513,-0.020013733155375725,1.084543564594433,28.61388182934843,77.2091265950002
3.14,-0.3864528260149664,0.0011172626978704807,1.0569221833096036,28.613881739814016,77.20912740725278
3.16,-0.38710440292561726,0.006022972680939036,1.0780316782281036,28.61388165715097,77.20912822044994
3.18,-0.3502920527254897,0.02768112754653024,1.0684862063042284,28.613881575975483,77.20912903384152
3.2,-0.27955065715580196,-0.009375407945855365,1.0557526223171099,28.613881505947923,77.20912984857651
3.22,-0.26423944102414,0.008037579732519302,1.0227222016094317,28.613881438228194,77.20913066356462
3.24,-0.17697204042598727,0.03113797619973167,1.0444382088292852,28.613881371207736,77.20913147862773
3.26,-0.18527269695802642,0.004479578043060419,1.0231842073974309,28.613881305424723,77.20913229382164
3.28,-0.11081175404689307,-0.007904357514667695,1.0479822205897038,28.613881227608292,77.2091331076391
3.3,-0.05020502012649733,0.011403941110463785,1.0260912463783567,28.6138811483609,77.20913392127737
3.32,-0.03917283957246043,-0.006607274065092198,0.9933481591848056,28.613881056522143,77.20913473319604
3.34,-0.03580726613740277,0.006752435654932752,0.9920905236464971,28.61388097447372,77.20913554647396
3.36,0.008001373626804755,-0.0037281670377811256,1.0025025285731772,28.613880886171764,77.20913635890159
3.38,-0.004926361592065358,-0.002886774530396232,0.9920585063707359,28.61388079634395,77.20913717111212
3.4,-0.0008328483640236257,-0.008056969646703552,0.9696966906678981,28.613880707211045,77.20913798342198
3.42,0.031720897135787865,-0.011474133732828637,1.0058472304315673,28.613880627538794,77.2091387970064
3.44,0.0010314918190532955,0.01987968181089599,1.0105233716341127,28.61388054543693,77.20913961027732
3.46,0.010268648229986589,0.003799528825496521,1.014817995933525,28.613880447120614,77.2091404212111
3.48,-0.013241019111965964,0.025476107105619192,1.0187748850204237,28.61388034566846,77.20914123164353
3.5,-0.0056123152246867055,-0.045007789865157195,0.9834327684904824,28.61388024454511,77.20914204212927
3.52,0.02246380014882105,-0.01039613656303529,1.0156951266324377,28.613880142364017,77.20914285244285
3.54,0.0027265486409136837,-0.014813759254568683,0.9771643403259787,28.61388003599032,77.20914366205602
3.56,0.005709189853627601,-0.00507894496951386,1.0071431754788231,28.61387991852407,77.20914446967697
3.58,0.02002223939472361,-0.020639954098592917,0.9858260127154346,28.613879803679865,77.20914527778712
3.6,0.03260393600352102,-0.03214541791212608,1.0083661944901332,28.61387968752362,77.20914608565388
3.62,-0.023116527808826656,0.013445092980061886,0.969842921336058,28.61387957133314,77.20914689351426
3.64,-0.009831201123011522,-0.011864102518387872,1.0108545934244717,28.613879458375038,77.20914770196929
3.66,0.029161507900821226,0.01111317783714083,0.9842664088911618,28.613879344024877,77.20914851017032
3.68,0.03984990817379953,-0.023566172204304216,1.0096568646256947,28.613879218828743,77.20914931628297
3.7,-0.005239112625172435,-0.032720171583025225,1.0074548294027028,28.613879098249395,77.20915012330836
3.72,0.005426676042905887,0.004824505336303185,1.0077082584422714,28.61387897506068,77.20915092982221
3.74,0.007023707151215562,0.012653667539379574,1.0009520268908725,28.613878849023035,77.20915173576468
3.76,0.004685702922043119,-0.012311096673954683,0.9766567797634476,28.613878723054807,77.20915254172122
3.78,0.0049517696554111255,-0.02034144902055854,1.029806600952569,28.613878594042628,77.20915334705272
3.8,0.02729714775171348,0.024985452283669586,0.997401116500029,28.61387846229725,77.20915415180984
3.82,-0.03601486112218956,-0.001144564520524121,0.9973510619710683,28.613878337016803,77.20915495790548
3.84,-0.013105025792209799,-0.019962520301848342,1.0276967795139462,28.613878212161794,77.20915576408677
3.86,0.01277478558954261,-0.02994185197263464,0.9822211740055073,28.613878087414644,77.20915657028972
3.88,-0.009924611209760568,-0.013768365525789328,0.999050336707631,28.61387797009853,77.20915737793896
3.9,0.005729401728670372,-0.007886425181674822,1.0033951812957445,28.613877852364443,77.20915818550928
3.92,0.02173143809861045,0.015257209688610556,0.9953650112032482,28.613877734825884,77.20915899311656
3.94,0.03200258198880932,-0.0003338647906917143,1.0054650776677425,28.613877602967715,77.2091597978497
3.96,0.005548931652215875,-0.0027097788270299124,0.9883738690757696,28.61387747693967,77.2091606037941
3.98,0.029790067272344622,-0.018307215236872013,0.9986361339452876,28.613877343840457,77.20916140826209
4.0,0.0028372659641426037,0.02761571573394034,1.0026253598345651,28.613877207400233,77.20916221200346
4.02,-0.006070680134354967,0.019529730255576118,1.027340337644873,28.61387706367897,77.2091630140965
4.04,-0.03086233709622299,0.017933989785141335,1.0331239821130296,28.61387692560397,77.20916381747553
4.06,-0.020065789821913885,-0.0012170736548401207,1.003389991675121,28.613876800830095,77.2091646236731
4.08,9.431921834582604e-05,0.008020475993321192,1.0239847511321847,28.613876676816098,77.20916543002281
4.1,0.0005129909837819596,-0.05150077688735831,0.9854983565445482,28.613876547351033,77.20916623525997
4.12,0.0045888380584113405,0.004048936232562445,1.0450263594750366,28.61387642015943,77.20916704096715
4.14,-0.006892076545424078,0.03845763389426078,1.0039945241656103,28.613876294010694,77.20916784688704
4.16,-0.07222134526004742,-0.011607127506427471,1.0171211336328316,28.61387615391145,77.20916864981119
4.18,-0.11477653101893184,-0.01971209167055606,1.0373075406186136,28.613876018943746,77.2091694538751
4.2,-0.1379282387937651,-0.002847609904381996,1.0526061979732546,28.61387587744975,77.20917025648183
4.22,-0.2252386851375786,-0.017228766335345234,1.041015594655055,28.61387574287336,77.20917106063084
4.24,-0.27190990175961466,-0.01848262923840267,1.013169337118013,28.613875600186645,77.20917186296352
4.26,-0.2809045346974519,0.005300163060646422,1.0753394787122694,28.613875457991675,77.20917266540947
4.28,-0.33925894461523487,0.016489967787037735,1.0529092303291503,28.613875312358388,77.20917346705485
4.3,-0.3934844827410338,0.005481115122602299,1.0954841217972315,28.613875171249905,77.20917426974962
4.32,-0.3938087455104814,-0.022926141359888855,1.0950462273727706,28.61387502947784,77.20917507229267
4.34,-0.39603695192815985,-0.013384214402221706,1.0838515900427874,28.61387488651703,77.20917587456202
4.36,-0.3946174913263607,0.006421552958028571,1.0980861386252523,28.613874753526087,77.20917667905321
4.38,-0.39265341995121245,0.013148069239572978,1.0701937706323343,28.613874624020678,77.20917748428195
4.4,-0.39854665709526454,-0.004160351827173959,1.1074952627123213,28.61387449262699,77.20917828911364
4.42,-0.3814893279809865,-0.0178662646397284,1.0832586732883902,28.613874366562598,77.20917909505064
4.44,-0.37766672543822655,0.01548842807210977,1.0762935328729744,28.613874239257704,77.20917990073458
4.46,-0.40389126084086613,0.03624944579440718,1.1028254288232753,28.613874113262412,77.2091807066856
4.48,-0.37454514492331953,0.022476135216101957,1.0666962913355493,28.613873983064178,77.20918151176934
4.5,-0.41802499551930267,0.03968830236474776,1.0379047028359332,28.613873854056827,77.2091823171018
4.52,-0.382522412229648,-0.012427725535928094,1.055046721259416,28.613873708255426,77.20918311870753
4.54,-0.38152252392379643,0.02062795603839748,1.1087015730790912,28.613873576340218,77.20918392342851
4.56,-0.3942721694914762,0.025767909864388962,1.084999204687632,28.613873450031306,77.20918472931582
4.58,-0.391449768204227,-0.009742472614577303,1.0834028397619724,28.61387331892808,77.20918553420897
4.6,-0.39726697686783813,-0.01651265878504591,1.0982148470729545,28.61387318651363,77.20918633882354
4.62,-0.40275059193281876,-0.019222138188514832,1.085911174510476,28.61387305101863,77.20918714277235
4.64,-0.39258744046357286,-0.0018201478577408448,1.0744962424268016,28.613872938222382,77.20918795125664
4.66,-0.40352354474910573,-0.030113877443374917,1.071227604229753,28.6138728267186,77.20918875997354
4.68,-0.36980688325050887,0.03378925795997482,1.0564914854853047,28.61387271517089,77.20918956868259
4.7,-0.43464840259503235,-0.025675489125139818,1.058661012917651,28.61387259930596,77.20919037660359
4.72,-0.39528907985577305,0.008436465723484991,1.083494214655171,28.613872480919888,77.20919118405017
4.74,-0.4306127950055297,-0.045261890811781454,1.07688597337065,28.613872362441377,77.20919199147916
4.76,-0.413874551117828,0.0409051725014442,1.0897613984436836,28.61387224468632,77.20919279904547
4.78,-0.40413373878194997,0.024988745614921412,1.0782845875825735,28.613872135869894,77.20919360823723
4.8,-0.3658058108356595,-0.031875907803787615,1.058720293561757,28.613872024603168,77.2091944169965
4.82,-0.36952393651077214,0.00610091372731093,1.084912171212303,28.613871914209977,77.20919522591107
4.84,-0.39114371006445453,-0.004831082009071612,1.083712123257152,28.61387180688425,77.20919603536113
4.86,-0.3913203051204419,0.003100437342805043,1.0803452651530934,28.613871699651785,77.20919684482722
4.88,-0.37184779417702746,0.012706331421437575,1.0831446553137798,28.61387159497644,77.20919765472752
4.9,-0.36997046718748744,-0.016011560937056645,1.1193138459310858,28.613871500600474,77.20919846626848
4.92,-0.4040935044229107,-0.001072288309747308,1.0561630445956243,28.61387140154658,77.2091992770857
4.94,-0.3791423216799587,-0.036190144515087855,1.0608560975588863,28.613871289187205,77.20920008564892
4.96,-0.4117265302826756,0.0016637070493955844,1.0459623731096748,28.613871174860343,77.20920089385417
4.98,-0.4003868770059261,-0.04118086551495797,1.0818512210802818,28.61387105843831,77.20920170167123
5.0,-0.38071348386825116,0.026115895354704783,1.0412803919357034,28.613870931395525,77.20920250740883
5.02,-0.405751552841534,-0.029296477215423153,1.0844834153233582,28.613870790914863,77.20920331024645
5.04,-0.3560754155629566,0.005886384980707316,1.0699874649635779,28.613870651673043,77.20920411336407
5.06,-0.3385283816463661,0.016572572422737224,1.0507450114605275,28.61387051752665,77.20920491760626
5.08,-0.25271528591285314,0.03728300221423975,1.0627711633067358,28.61387038030001,77.20920572117383
5.1,-0.23576095893584395,0.03546692945541511,1.0503763353179265,28.613870241962378,77.20920652449418
5.12,-0.19091044298663856,0.027878050479677795,1.0676575001299717,28.613870096817568,77.20920732625447
5.14,-0.10376112929722091,-0.00032078922808311916,1.038927662085978,28.613869951646482,77.2092081280086
5.16,-0.10099063076686375,0.02231309743333656,1.016515083187966,28.613869805935252,77.20920892963557
5.18,-0.02857221986798094,0.005519044170685943,0.9632627171670988,28.613869666988705,77.20920973281953
5.2,0.02198456690780697,0.007223839052651844,1.018592743660437,28.61386952084819,77.20921053434509
5.22,0.018345969932186245,-0.012404349304034095,1.0187535207047935,28.613869379181214,77.20921133691216
5.24,-0.004983158631321655,0.03482990445395316,1.0264727455407388,28.613869245932193,77.2092121413479
5.26,-0.008543914654900026,-0.016057400534867223,0.9542450508375463,28.61386913145959,77.20921294952637
5.28,-0.01826632788942962,-0.021408099855779156,1.0041016750473517,28.61386901770491,77.20921375783637
5.3,-0.035230147955626484,0.008152913111177636,1.013170821324149,28.613868908993826,77.20921456704647
5.32,0.015444562028311782,-0.03584116549565759,1.0240312524030666,28.6138688019432,77.20921537654378
5.34,0.013543879970663773,0.0023511938889948097,1.0120379569124616,28.613868698366936,77.20921618662739
5.36,0.009539500373293618,0.03269263669819174,1.001211315137784,28.613868597389192,77.2092169971366
5.38,-0.05676258965659213,0.008301733157088766,0.9796329142487983,28.613868502274013,77.20921780856553
5.4,-0.00354427408160915,0.0006323849060853782,0.9976584237917945,28.61386841248904,77.20921862078211
5.42,0.01259072952380394,-0.01679981873647078,1.0077764744303461,28.613868329475416,77.20921943393282
5.44,0.02573106241839659,-0.030045463241312104,1.0156568005962332,28.613868247866034,77.20922024726795
5.46,0.0059782921705710534,0.017271164914490104,0.9682752200996767,28.613868174438476,77.20922106161434
5.48,0.0038778503220389393,0.0005598059161414499,1.0059089986523233,28.613868092024997,77.20922187484426
5.5,-0.013576850887310959,0.012490578201373104,0.9705442785970908,28.61386800967616,77.20922268808268
5.52,0.007571111836379266,-0.04384327848001274,1.005317578109762,28.613867938298196,77.20922350266548
5.54,-0.004736661777683002,0.014639848632191312,0.9770520376834331,28.613867865348777,77.20922431706762
5.56,-0.014587307012718929,0.039715590987461344,0.9711398434434263,28.61386779882329,77.20922513218325
5.58,-0.023148505928195232,0.026826117496845724,1.0362095173154027,28.61386772482435,77.20922594646252
5.6,-0.01891431850458823,0.005933186530321048,0.9723569612055669,28.61386765521007,77.20922676124337
5.62,0.006498412527405132,-0.02088945076757776,0.9872663503255334,28.613867575636593,77.20922757484023
5.64,-0.02775754925774743,0.0024359328083774215,0.9995925708419416,28.613867488926964,77.20922838749027
5.66,-0.0058821554184789885,0.0030817606601103342,0.9583519858819564,28.61386737631115,77.20922919600716
5.68,0.026156186587161095,-0.009912231964545411,1.0157079896286099,28.61386726300364,77.20923000439863
5.7,-0.028682367951057556,-0.008385065268858542,0.9859855432104982,28.613867144805692,77.20923081188094
5.72,0.008985155121577462,0.04197131809118485,0.9795966116738918,28.613867026518424,77.20923161934628
5.74,0.010943589619072706,-0.01931445181314065,1.0184878009243112,28.61386690762831,77.20923242669673
5.76,-0.005825835732722439,-0.00857751676527471,0.9732825671090882,28.613866780008752,77.20923323231601
5.78,0.012442703730631211,0.011222154974685945,1.008952719611757,28.613866646929374,77.20923403678817
5.8,-0.0037607502967920464,0.04361817638736947,1.0004710735502258,28.613866514500447,77.2092348413996
5.82,0.01590553620078008,-0.006020889908857111,1.0011457936131327,28.613866372753574,77.20923564394835
5.84,-0.021361668792147737,-0.03597718777533736,0.9988721588686716,28.61386622395961,77.20923644484014
5.86,0.03778099385559362,-0.04273165770008368,1.0025721807232377,28.613866064240323,77.20923724299675
5.88,0.028745011729377757,0.05040215817644336,0.954457939596751,28.613865895982705,77.20923803887374
5.9,-0.04459433229668314,-0.038186859029046026,0.9825152472532539,28.61386573019553,77.20923883542318
5.92,0.023448498399350412,0.0015195441776170407,0.9817348444963139,28.61386556763027,77.20923963283384
5.94,-0.011540401059587986,-0.03025182933064041,1.0221502836165617,28.613865408044934,77.20924043102521
5.96,0.028650196396450858,-0.015774519021960483,1.0031724406742417,28.613865242992873,77.20924122777271
5.98,0.020177390055342817,-0.012965109324089353,1.000226949539516,28.61386506856322,77.2092420219236
6.0,-0.07508111261270731,-0.03910570568822804,1.0460016025711305,28.613864886765235,77.20924281392718
6.02,-0.09517382838796917,0.02438063343663516,0.9772883878544385,28.61386471491447,77.2092436088073
6.04,-0.17403016160586804,0.008615160102850582,1.0549563554918318,28.613864548053968,77.20924440506586
6.06,-0.20259030191502533,-0.008540944606636956,1.0357914439501443,28.613864376421414,77.20924520000716
6.08,-0.2657681202896513,-0.01149698490146045,1.0293410276213177,28.613864196225528,77.20924599248569
6.1,-0.3346164060055137,0.021769859064882015,1.0426478839664512,28.61386401388702,77.20924678432802
6.12,-0.4001039966981832,0.0017997287945385146,1.0522590045667062,28.61386382094863,77.20924757290429
6.14,-0.4221006847241383,0.04171341906048764,1.1011126639531787,28.61386364113206,77.2092483654946
6.16,-0.4707584575568505,-0.008952469310525768,1.0847838253990338,28.613863462772503,77.209249158512
6.18,-0.48319683680965464,0.008511582311579233,1.0937292091806006,28.613863274565574,77.2092499485706
6.2,-0.4955224050644587,-0.024628175656786048,1.0651567430545752,28.61386308400757,77.20925073789758
6.22,-0.4897041874970853,-0.008664961994760325,1.0822234362140868,28.613862899034025,77.20925152894645
6.24,-0.5019644876704983,0.02075018104875156,1.098185878003574,28.61386270858137,77.20925231830641
6.26,-0.46531784821947497,0.023576379463641172,1.1025232991015341,28.613862517176674,77.2092531073675
6.28,-0.5232265273845453,0.03682626055434705,1.0532049281849474,28.61386232897403,77.20925389742742
6.3,-0.46100540878538704,0.008901203718655189,1.0961714402660943,28.613862151694427,77.20925469075897
6.32,-0.481558658428844,0.024715217638781123,1.0770827489186927,28.613861969570216,77.20925548266527
6.34,-0.4696070774508228,0.012477746625111466,1.087307475384824,28.61386179501135,77.2092562767793
6.36,-0.46764478320410113,-0.008260543314453183,1.0694399004529933,28.61386160555995,77.20925706645184
6.38,-0.4776940683261433,-0.030281640584721818,1.1105162549101986,28.613861428494516,77.20925785984544
6.4,-0.48784048941858527,-0.004629276650379068,1.0852035815124623,28.613861251047375,77.20925865312837
6.42,-0.4579172457760958,-0.02290582040419872,1.0682399205704531,28.613861068371527,77.20925944486977
6.44,-0.5143462910624089,0.021091881285756387,1.0702215118004077,28.613860892773822,77.20926023868654
6.46,-0.4540040503525199,0.02222703733986623,1.0971881963373995,28.613860722124972,77.20926103390256
6.48,-0.5025064134337607,-0.020310510692508738,1.0944305286225797,28.613860545547087,77.20926182743715
6.5,-0.486552063408907,0.022242913708730893,1.0816114093500067,28.613860375599913,77.20926262284813
6.52,-0.4514136534274009,-0.02360609513274457,1.0722636595401394,28.613860192273794,77.20926341439447
6.54,-0.4354506128271816,0.02889256893260981,1.0991025304779816,28.613860008561105,77.2092642058245
6.56,-0.47640048384785116,-0.0032332686903766778,1.0694766550281734,28.613859827764617,77.20926499812546
6.58,-0.5071320143685933,0.009175310423398562,1.068470702015224,28.61385963570991,77.20926578698156
6.6,-0.4629614172448547,0.028987179433669488,1.1305216590584208,28.613859450996625,77.20926657810932
6.62,-0.4808204912104184,0.011937874070032082,1.0875740391981552,28.613859254298294,77.20926736547929
6.64,-0.501280639010938,-0.002671793338007284,1.0783556072347793,28.61385906439961,77.2092681550124
6.66,-0.47565650141161964,0.017493349945542056,1.0711133532200288,28.61385886578664,77.20926894175844
6.68,-0.5062346957252072,-0.0193492224320336,1.0757946363262274,28.61385865433223,77.20926972414986
6.7,-0.47613896407438394,-0.0385798810603166,1.1049572799560314,28.61385844359212,77.20927050679133
6.72,-0.4984447759019113,0.022920554286184832,1.096571576745066,28.613858233588452,77.20927128968961
6.74,-0.5193996544605761,-0.02625298510580416,1.0670213941729734,28.613858025544932,77.20927207326667
6.76,-0.5132743846381048,0.0184370074085766,1.0733991171086599,28.613857822886228,77.20927285867278
6.78,-0.4921918559715154,0.0028246552494173246,1.0536912579587576,28.61385761964294,77.20927364388284
6.8,-0.47000254694871046,-0.0002899446451604537,1.085263756664684,28.61385741015782,77.20927442696136
6.82,-0.45495851897295725,-0.018900148328960805,1.0006457711081191,28.613857196634246,77.20927520862323
6.84,-0.4514885785023297,-0.009005736942023475,1.0491785525974844,28.61385697962318,77.20927598903782
6.86,-0.5102798519475953,0.0002720814664170808,1.081846005887223,28.613856767643124,77.20927677124463
6.88,-0.48453053844078947,0.003971460233484935,1.027508490051041,28.613856563075167,77.20927755600819
6.9,-0.43890684452927997,-0.018060967534718232,1.1167948501369553,28.61385634636085,77.20927833652978
6.92,-0.3754907895649229,0.014872441635475263,1.0444889259919123,28.613856138812782,77.2092791202773
6.94,-0.2918173672631259,0.01614349364625192,1.0630091865459734,28.61385593230985,77.20927990438298
6.96,-0.2634657966881584,0.009677725972976321,1.0698001230028062,28.61385572063436,77.2092806866968
6.98,-0.19599572998286602,-0.008773602172255585,1.0409267677980423,28.613855498537124,77.20928146525243
7.0,-0.11578390283563997,0.017189288305030515,1.026564331563024,28.61385527629333,77.20928224375379
7.02,-0.13797269841619328,0.01242118820614721,1.0064223238171144,28.613855052175378,77.20928302155765
7.04,-0.06283659242263749,-0.039082651485861514,0.9825274434966459,28.613854831286453,77.2092838005592
7.06,0.01142452313556489,0.004226340588510883,0.9904877170474676,28.61385459859476,77.20928457508919
7.08,0.005331028879823189,0.03866312988014161,1.0020606259786502,28.61385435659453,77.20928534590887
7.1,0.020973180564267013,0.019438501873271223,0.9994811116924044,28.613854121376214,77.2092861194479
7.12,-0.007676064397229412,0.023069092817588222,0.9809014898675535,28.613853881706284,77.20928689121176
7.14,0.004119886073332556,-0.014022444234581651,1.021268845783745,28.613853642822423,77.20928766329179
7.16,-0.01512443374822069,0.002512824722950391,0.9713887994288998,28.61385340182253,77.20928843451804
7.18,0.021277269281557702,-0.0036627219903448823,1.011898199160286,28.61385316625574,77.20928920791944
7.2,0.0008418546824956484,-4.470300222934362e-05,1.0170140976719766,28.613852944001557,77.20928998641693
7.22,0.02807540520631858,-0.010285986156885195,1.0047603928965725,28.61385272933727,77.20929076767324
7.24,0.02822142124691045,-0.024705793467816713,1.033277760710056,28.613852518486834,77.20929155027609
7.26,-0.025632364842113526,0.001286680816322463,1.0081114799758166,28.6138523110657,77.20929233406719
7.28,0.03129915270057351,-0.01561275244874519,1.027575328930804,28.613852119824777,77.20929312317973
7.3,0.01862173040653687,0.01172047488110272,0.9466632046850708,28.613851926427508,77.20929391161005
7.32,-0.003131140134991044,-0.0006137523876820192,1.0187587874496455,28.613851742804126,77.2092947030669
7.34,0.016824550134638832,-0.038543908745169185,1.0117135509352149,28.613851559453074,77.20929549460568
7.36,-0.010157741487205227,0.027636587260856712,1.0106971016527995,28.613851384341107,77.2092962885616
7.38,0.027220911953198465,0.008706407607060089,1.0123436722720707,28.613851221727685,77.20929708595942
7.4,0.001983693877191181,-0.009159264567159257,0.9903776674514098,28.613851059462675,77.20929788344932
7.42,0.01775908490412026,-0.006727729128044935,1.0151775508636118,28.613850898601722,77.20929868130824
7.44,-0.012617085770000687,-0.02456240680148382,1.03562766286858,28.613850737078803,77.2092994789936
7.46,0.00563416007998995,-0.0012483569831674625,0.9624435078277379,28.613850564399183,77.2093002736405
7.48,0.017718886472007034,0.013623602667059045,1.0237988585829456,28.61385038677281,77.20930106687129
7.5,0.006155011124124655,0.034898349255494274,0.9974236795339882,28.613850195456994,77.20930185596026
7.52,0.011227974927834962,-0.0017734756732570103,0.9868086092223823,28.613850006269093,77.20930264571469
7.54,-0.015194925421171969,0.000979465463960454,0.9757888270738898,28.61384982208939,77.20930343700378
7.56,0.0060907479703191545,0.023850399600798412,1.00759662288175,28.61384963472551,77.20930422732225
7.58,-0.01509187138066802,-0.023176290501748433,1.0316510376743393,28.613849434501425,77.20930501353814
7.6,-0.00036723634191294886,0.0029123227753035446,0.9922214373612099,28.613849242012503,77.20930580225682
7.62,-0.00985866314562133,-0.015125069622539948,1.0133336791679655,28.613849039848205,77.20930658782818
7.64,-0.004092529606963114,0.0026232440241837386,0.9997901530026203,28.61384883440977,77.20930737229656
7.66,-0.03503253339258484,0.018734944788813438,0.9671304999527228,28.613848632011997,77.2093081577899
7.68,0.0005293217923135082,-0.03304334306846164,0.9964132176113326,28.613848419271452,77.2093089397287
7.7,-0.002150596156161722,0.022223249484732383,0.9867062285391884,28.61384821478068,77.2093097245183
7.72,-0.030307760529585923,0.007193633881587248,0.9797304737326492,28.613848005695278,77.20931050773537
7.74,0.006825318909452784,0.0027981756115492773,0.9913933711539944,28.61384779788601,77.20931129139302
7.76,0.016520458459234805,0.026919993294480467,0.9936329772459029,28.613847582402336,77.20931207235654
7.78,0.0063054814189866595,-0.015813340006392375,1.0201312927599298,28.61384736462372,77.20931285249357
7.8,0.015713684991454608,-0.02679614901320685,1.0004715662417585,28.613847139344923,77.2093136298621
7.82,-0.010539625366476806,-0.020488512550595535,0.9719031375881801,28.613846913737273,77.20931440710686
7.84,-0.004255650254441832,0.010654128087041491,1.0241315723188398,28.613846691099035,77.2093151854619
7.86,-0.042524890483336644,-0.009899258170365641,1.016591077419059,28.613846469013538,77.20931596402181
7.88,-0.08509699379333552,-0.017470705844936717,1.0233960812908667,28.61384624567788,77.20931674211754
7.9,-0.17901863868102835,-0.0195470546766338,1.044137176153729,28.613846019936936,77.20931751931207
7.92,-0.19445131464148896,0.0034951492176387667,1.035123457607687,28.613845789545564,77.20931829473379
7.94,-0.1999951181358075,-0.0005507839585462496,1.0337163746239841,28.613845559041778,77.20931907011216
7.96,-0.2796970710466745,-0.028375839905772336,1.0602647946891797,28.61384532391711,77.20931984368806
7.98,-0.3129971802814454,-0.027708390672024113,1.0746807947496628,28.613845073783533,77.20932061113119
8.0,-0.3531097825303619,-0.01053755111919035,1.0787396493704768,28.61384482853399,77.20932138061704
8.02,-0.4228826316006039,0.01836185838435449,1.096220389316507,28.613844576510395,77.20932214725738
8.04,-0.3644723208205677,-0.008517864842298094,1.0820090461862648,28.613844329074357,77.20932291583439
8.06,-0.39670179976325876,-0.029529646093924833,1.0600882499415045,28.613844088014762,77.20932368703636
8.08,-0.41320482278626897,-0.0017323871626980017,1.0674165038126338,28.613843837261424,77.209324454217
8.1,-0.38310647465534997,0.000760990124378215,1.1074521460680977,28.613843592584715,77.20932522393943
8.12,-0.4020100848343957,-0.029701113483777124,1.08065464503092,28.613843348078866,77.2093259937323
8.14,-0.3949000855560963,-0.024355838807684355,1.0574499448403496,28.61384310898843,77.20932676572929
8.16,-0.36789849841116795,0.01487876767047279,1.0555629034279004,28.61384285358137,77.20932753091526
8.18,-0.40689947422553785,-0.024608555864944204,1.053220910856915,28.61384259836446,77.20932829618356
8.2,-0.37321990471480565,0.015721654493815043,1.0964770741312209,28.613842350557096,77.2093290646053
8.22,-0.40291954725895057,-0.03093464975773918,1.086195247048097,28.613842108614804,77.20932983544849
8.24,-0.3947105332084242,-0.030188231943534812,1.1168946646475115,28.613841852370914,77.20933060027133
8.26,-0.39001301551314177,0.0004629309993844645,1.0915228855492203,28.61384159756588,77.20933136571769
8.28,-0.4029678835249186,-0.015092763521873758,1.0927258406112907,28.613841343309826,77.20933213140088
8.3,-0.41641032993712884,-0.01069570087793559,1.1197969001913317,28.613841079104443,77.20933289270062
8.32,-0.3870121476075985,0.0030331054380316087,1.0606241613158929,28.61384080640956,77.2093336501059
8.34,-0.37364586392290294,-0.011282890176343643,1.0499955387493687,28.613840539565082,77.2093344102103
8.36,-0.3835394765661487,-0.018962843541758458,1.091057797971444,28.613840278036946,77.2093351727086
8.38,-0.38411706297404036,0.009810074568212243,1.0751187557970456,28.613840020213807,77.20933593684244
8.4,-0.4052273826797154,0.0036142231189153964,1.0859507787604794,28.613839764586373,77.2093367019329
8.42,-0.38230839239057346,0.000865104803834641,1.1044952715812528,28.61383950337769,77.20933746457328
8.44,-0.38891275101844236,-0.0003628746070782041,1.0952311746423524,28.61383924275097,77.20933822747197
8.46,-0.3788176835298196,-0.016038698475486966,1.110330436447356,28.613838984176315,77.20933899127621
8.48,-0.39410200605010937,-0.02020848772847245,1.0618384022316136,28.613838725567987,77.20933975506566
8.5,-0.3841402529749441,-0.006894619492427041,1.0979474540369794,28.61383847075441,77.2093405205083
8.52,-0.40574021357359313,-0.015707119824126394,1.0645499720616574,28.613838205517382,77.20934128134239
8.54,-0.3821682748669949,-0.00024952101223295385,1.1133786851226353,28.613837944940617,77.20934204426321
8.56,-0.4212684001606064,-0.007832821809075572,1.0889624450358046,28.613837684184528,77.20934280710452
8.58,-0.40276887599278205,0.0003601765042812255,1.0901375315625008,28.613837419298424,77.20934356809722
8.6,-0.41002249924441053,-0.0018578902783436245,1.068359898082296,28.613837149909884,77.20934432703625
8.62,-0.32595817650362713,0.035305393387898926,1.069372503867381,28.61383688311601,77.20934508716367
8.64,-0.38303293435755587,-0.02772392850778899,1.0881057048046183,28.61383660902176,77.2093458439132
8.66,-0.41775179480106656,-0.0037469454649575575,1.1149652846002256,28.613836320754285,77.20934659379807
8.68,-0.42343020676025006,-0.022154117975541576,1.1116476805678317,28.613836020670615,77.20934733764368
8.7,-0.430989616632928,-0.00966141806954868,1.0871696020782233,28.613835736871508,77.20934808973693
8.72,-0.4188701059577423,-0.016340120149278232,1.0715739564722986,28.61383545362218,77.20934884209908
8.74,-0.4130508820619356,0.012779487835552428,1.0914581828338652,28.613835174750395,77.20934959658022
8.76,-0.37157426983159353,-0.029478239926563177,1.0962003847829445,28.613834892199538,77.20935034928308
8.78,-0.317401561235274,0.015616151201738416,1.0664582062310521,28.613834602712355,77.209351098558
8.8,-0.24736037181797726,0.010593782163002994,1.0455877135561686,28.61383432080344,77.20935185157312
8.82,-0.22402462209177348,0.04110831481290265,1.058026991117849,28.613834033167738,77.20935260177271
8.84,-0.16177557477141946,0.036060248875338326,1.0307619233089202,28.613833745706497,77.20935335205905
8.86,-0.1533269392084168,-0.01595843177407641,1.0195644735856402,28.61383345997456,77.20935410320206
8.88,-0.09566773731930152,0.024737186131948405,1.0166549419920452,28.61383317076078,77.20935485261396
8.9,-0.06276820994545167,-0.006487210668111752,1.0222209508033466,28.61383288250282,77.20935560250355
8.92,0.008854427844133313,0.006089133231467812,0.9955493423466463,28.61383258680572,77.20935634862515
8.94,-0.0036230858213027353,0.034401825603340555,0.9992557228725277,28.61383229369039,77.20935709606748
8.96,0.035461560118573536,-0.015164314761171607,1.002869157221656,28.613831991852273,77.20935783899138
8.98,-0.01340853176739852,0.0011188043599416086,0.9923637193326189,28.613831690152328,77.2093585819881
9.0,-0.02079206133453729,-0.03894822223310427,1.030991087940613,28.61383140404253,77.20935933294443
9.02,0.005934795262669588,0.017758650895968245,1.036858219260338,28.61383112323602,77.20936008649383
9.04,-0.003524248182004813,0.042052997381036974,0.9939438552435356,28.613830843121104,77.20936084037716
9.06,0.01005023368875084,0.011465127431574303,0.9840478590769915,28.61383056056215,77.20936159307604
9.08,-0.0012334420069373892,0.027362308360994247,0.9907201655295821,28.61383027865528,77.20936234609212
9.1,-0.0028138133776881946,0.022839012204202206,1.0089164315575296,28.613830001364075,77.20936310132879
9.12,-0.013359387835328947,-0.014132033334423352,0.9982799813993485,28.613829712309858,77.20936385082054
9.14,-0.005391792778834522,0.006484027907274632,0.9744238960589456,28.61382941404583,77.20936459561516
9.16,-0.030593380524387714,0.009878078076668526,0.9968837072077025,28.61382912369616,77.20936534445687
9.18,0.02395337499754893,-0.023328223039903652,1.0081411908476532,28.613828838893845,77.20936609605783
9.2,0.02539356482020256,0.028893238032757482,1.0196927661785549,28.613828551987318,77.20936684661962
9.22,0.01875012073291395,-0.010093895464444726,1.0351382183281876,28.613828266084695,77.20936759767831
9.24,-0.009156845098837336,-0.004336454841876307,0.9910382172214625,28.613827998332393,77.20936835736825
9.26,-0.012565269461655395,-0.00527288559488825,0.9875314013940901,28.613827735381765,77.20936911923138
9.28,0.009981908158486869,0.0007496686088302912,0.9949891948061128,28.613827467535476,77.20936987887832
9.3,-0.01903268640629706,0.05859355372520579,0.9810888813014847,28.613827198941507,77.20937063818262
9.32,0.022733157522685215,-0.012130710013259135,0.9859950628715745,28.613826936565662,77.20937140030284
9.34,-0.047621998313143996,-0.030917179395719564,0.9861143009966905,28.613826677934618,77.20937216408223
9.36,-0.009038733865298522,0.003272118192355765,1.0065380347749264,28.61382642080112,77.20937292851742
9.38,-0.021291853408851265,-0.017260116952210334,0.9833429349391745,28.613826146569465,77.20937368520228
9.4,0.02493823856486353,-0.00817239811435044,1.0164939557518944,28.61382587209725,77.20937444177395
9.42,0.021469492704378604,0.012396680777561871,1.0229825730518871,28.613825602435114,77.2093752005868
9.44,0.011287466872604094,-0.021751045408216756,0.9774831465808497,28.613825320806377,77.20937595373789
9.46,0.0383125261034929,-0.0072820841777696274,0.9739008643693171,28.613825035349738,77.20937670501665
9.48,0.00020023967637014807,0.005859457644043335,0.9892808286072842,28.613824755213695,77.20937745888975
9.5,0.012625158398144357,-0.015566948192822495,0.9919734557503199,28.613824474949702,77.20937821270113
9.52,-0.03195175938732584,-0.0007913967768759314,1.0253212508383847,28.613824195954027,77.20937896712276
9.54,-0.006402639242224604,0.005848370948702271,0.9989932872987709,28.613823913329185,77.2093797197895
9.56,0.0022008811781464746,-0.0023263943173022607,1.008394187323603,28.613823639034806,77.20938047644484
9.58,-0.018334249915051223,0.003138530025078882,1.008357363122775,28.613823372674776,77.20938123676956
9.6,0.005110448735910006,0.007136672951717204,0.9823882503196166,28.613823108032136,77.20938199787206
9.62,-0.039374781410089515,-0.013464797962658842,0.9949860562408683,28.61382284928068,77.20938276159849
9.64,0.010002633016446992,-0.029363649821739543,0.9997440266025783,28.61382258372283,77.20938352228723
9.66,-0.008692550440291994,-0.020711267030868497,1.0075517384275041,28.613822325046687,77.20938428604676
9.68,-0.015746981735610115,-0.02396339922027489,0.9713148854005845,28.613822050305558,77.20938504249173
9.7,0.014867304610118655,0.02464907815955637,0.9881082749530461,28.613821776572735,77.2093857994109
9.72,-0.017449159416739007,-0.034720251521536405,1.0091190830800965,28.61382150196622,77.2093865559193
9.74,-0.0756155969487336,0.012561965270948857,1.008985396423294,28.61382122503019,77.20938731132499
9.76,-0.1564065100292485,-0.01369121819953441,0.9986232162942992,28.613820948577697,77.20938806696047
9.78,-0.17354059856580847,0.02070759923040321,1.0211059512893754,28.613820664319142,77.20938881882843
9.8,-0.23874864980830185,-0.008441339030183856,1.01659507228287,28.613820379100012,77.2093895702242
9.82,-0.25776689039162004,0.0006195105313805874,1.0809522331849095,28.613820097324123,77.20939032330382
9.84,-0.322659130418928,0.010347517583590173,1.0558294312120469,28.61381982459837,77.20939108069454
9.86,-0.4032989234392193,0.025085135693602937,1.0698009446727212,28.613819549272886,77.20939183686376
9.88,-0.4253744418960408,-0.011402052305268098,1.0604218110668788,28.613819267889113,77.2093925901336
9.9,-0.4370389101141255,-0.012328885511750171,1.084614220145533,28.613818994908442,77.20939334740514
9.92,-0.4360777261127583,0.010227358627249626,1.0939013565742626,28.613818724463446,77.20939410585633
9.94,-0.42703195980886216,-0.0317400598339631,1.0616758445018928,28.61381844760146,77.20939486129723
9.96,-0.4150490487574702,-0.034350753750017754,1.0621253515010112,28.61381817639542,77.2093956193957
9.98,-0.4023723359116996,0.0073393904664654066,1.0700881184682507,28.613817910925786,77.20939638012436
10.0,-0.43104178590740555,0.013384349738670503,1.0519982403126507,28.613817646468735,77.20939714131052
10.02,-0.3962797888634019,0.006676408088265511,1.0876045125985752,28.61381737324553,77.20939789846854
10.04,-0.4545813759180224,-0.0019534187496014015,1.0951799826782078,28.61381709392824,77.20939865273569
10.06,-0.4372912322984659,-0.010768951904934525,1.0513485535258689,28.613816805921065,77.2093994027502
10.08,-0.3795680508872616,0.031751177835119083,1.09761966080482,28.613816524470238,77.20940015598751
10.1,-0.44338556142579666,0.034353756265600846,1.0976345188145564,28.613816247386797,77.20940091132302
10.12,-0.39550776462259474,0.0021522992977151857,1.0231831492627528,28.61381597148686,77.20940166722046
10.14,-0.4210528971894637,-0.013674623920934182,1.0579254873221788,28.61381569762212,77.20940242407765
10.16,-0.4219504883904321,-0.020182176427310454,1.0678686654752148,28.613815428926767,77.20940318333533
10.18,-0.40182807382231467,0.008623708400709022,1.0913678003338716,28.613815157029713,77.20940394111253
10.2,-0.40462998957109214,-0.024569748753021693,1.0887597084471112,28.613814896010254,77.2094047038368
10.22,-0.3938582788130821,-0.02410672786639624,1.061501539592427,28.613814633989364,77.20940546611537
10.24,-0.42547441170972616,-0.00968500440876521,1.112491699587617,28.613814360884316,77.20940622332868
10.26,-0.41767348597814113,0.010143711767523446,1.065998594967775,28.613814087257527,77.20940698029754
10.28,-0.42553717281530257,0.029374623966418024,1.063295058756246,28.613813819170385,77.20940773983413
10.3,-0.44277103705130083,0.005016016312921059,1.0567828319600714,28.613813559642526,77.20940850321858
10.32,-0.41712073021361235,0.009932466239388947,1.0764285532642004,28.613813297698403,77.20940926553139
10.34,-0.4238310474751784,0.019653004942247646,1.0980833582922926,28.61381302417434,77.20941002254841
10.36,-0.4579609991161566,0.017788271208279673,1.0619741021515943,28.613812749232498,77.20941077889869
10.38,-0.39834543425006647,-0.01103882532847867,1.0841684305404442,28.61381247651785,77.20941153629454
10.4,-0.4175712407332851,0.017423630571809814,1.0840671967190603,28.613812208884156,77.2094122960386
10.42,-0.43453788185270253,0.02063593322970047,1.079370860706373,28.613811951132664,77.20941306020359
10.44,-0.413884799302172,0.006214418466684565,1.0864421735878964,28.613811691554176,77.20941382356568
10.46,-0.43101550703436275,0.002729532158240092,1.0981218524755314,28.613811442740715,77.2094145915652
10.48,-0.4165034147649295,0.011988890496537912,1.0854597073428514,28.613811187767666,77.20941535693875
10.5,-0.3927891997535672,0.009900114915083021,1.1009354852255744,28.613810928586275,77.2094161204759
10.52,-0.4125582973234662,-0.03726007895061686,1.057998748235176,28.613810670853624,77.20941688464912
10.54,-0.43027461934500516,0.008576890968250537,1.0711557142794965,28.613810408780726,77.20941764690446
10.56,-0.44115226267899577,0.023582077402679633,1.058023203969122,28.613810145552502,77.20941840864306
10.58,-0.4348200747512607,0.019773495991496415,1.0909579246360663,28.613809878057594,77.20941916845052
10.6,-0.40429252464586685,0.007542996772505753,1.1044366641218994,28.613809604606093,77.20941992550154
10.62,-0.37493878510397305,0.002961042751707972,1.064917855660044,28.613809332850423,77.2094206833445
10.64,-0.3158864020271556,-0.00793751425667103,1.0678530823964594,28.61380906974181,77.20942144513673
10.66,-0.28594857889203235,-0.002290182649360576,1.023442502160106,28.613808791601073,77.20942219996778
10.68,-0.25229737626920734,0.014547042191633636,1.0448754686854633,28.613808514874194,77.20942295547283
10.7,-0.17492372314275156,0.007691222028334927,1.0020923601227896,28.613808240988465,77.20942371232012
10.72,-0.15635571379815794,0.01807481873914814,1.027879294183076,28.613807964155544,77.20942446777475
10.74,-0.10161048183351812,-0.010385900505298605,0.979310387155398,28.613807688604993,77.2094252238375
10.76,-0.07120422688808797,0.021672095984129575,1.0427784645644427,28.613807421425566,77.20942598378896
10.78,-0.01870400731847638,-0.012368918754425803,0.998987096692224,28.613807162216112,77.20942674731373
10.8,0.01791445464347244,0.004055637367615382,0.998203320693542,28.613806908984635,77.20942751343713
10.82,0.02095727604692812,-0.011237956604111254,1.0381667363409233,28.61380665335146,77.20942827852487
10.84,0.021829514976235576,-0.0019688761613977806,1.0013212268864957,28.61380640239556,77.20942904561929
10.86,0.021898516439312427,0.04067600099138856,0.9678098974468403,28.61380614515092,77.20942981000583
10.88,-0.0070806353647331,0.010187118610690526,0.9913838414889551,28.613805888946516,77.20943057484557
10.9,0.013307859401116536,0.0045037579513680735,1.0389034884815556,28.61380563327042,77.20943133991467
10.92,0.02105775012157348,0.028239240118993224,0.9820949628106233,28.613805377191532,77.20943210480895
10.94,-0.017451780298470658,-0.05129415610299783,0.991189013842154,28.613805128105685,77.20943287269385
10.96,0.0038754459256470524,-0.0031761824873801376,1.0309341590048904,28.61380487044408,77.20943363689813
10.98,-0.0025517901079941895,-0.009994136969720764,0.9845798109267265,28.613804610702324,77.2094344001881
11.0,-0.0374270005851053,-0.017150896782053664,0.9980916109617533,28.6138043521208,77.20943516398907
11.02,0.006512946475798962,-0.030572979303893858,1.02700908043257,28.61380409709118,77.2094359293381
11.04,-0.014291429176848187,-0.004381739964234453,0.9885247744324587,28.613803845750766,77.20943669626912
11.06,0.02102448760497924,0.013870123948781468,0.9840289331918531,28.613803602218283,77.20943746646198
11.08,-0.015247047433440327,-0.002937583421905367,0.9631398064142237,28.613803367710553,77.20943824028053
11.1,0.006582228993464603,0.01597815697585539,0.977941511409133,28.61380314226748,77.20943901758693
11.12,0.0022435955955110868,0.00142990684915056,0.9823317838359388,28.613802909583935,77.20943979211971
11.14,-0.03445967979297547,0.02332340209664301,0.9927374438454186,28.613802682119225,77.20944056866149
11.16,-0.006406832763139179,-0.01005593584677774,1.0071457116011804,28.61380246200466,77.20944134794703
11.18,0.007145568234805957,-0.0374534289204335,0.9991074155590037,28.613802233097598,77.20944212393864
11.2,0.020470148836107427,-0.031607028958711564,0.9753690427926214,28.613802003777103,77.20944289977184
11.22,0.00037074780103955104,-0.009955141260352025,1.0272091538957469,28.613801782466528,77.2094436786177
11.24,0.018121784843570125,-0.01760298053306785,0.9779594663648008,28.613801557257254,77.20944445601204
11.26,0.010747330577330093,-0.011810019619277247,1.0360730962370701,28.613801322154877,77.2094452295964
11.28,0.011416254299322722,0.022773882156406744,1.0030254862764618,28.613801082453516,77.2094460013472
11.3,0.012310573239806968,-0.0300219434007407,1.0209073457661972,28.613800841816154,77.20944677271994
11.32,-0.005491455943829083,0.030162714975443098,1.010597552127805,28.61380059801307,77.20944754280168
11.34,-0.019782894636139758,-0.016115589099166078,1.0301149776489338,28.613800346150278,77.20944830951028
11.36,0.031395093654556096,-0.024880200306722264,0.9991326780090333,28.61380008269516,77.20944907114702
11.38,0.01536656241707277,-0.00276740680403147,0.994668619772573,28.613799825610695,77.20944983560344
11.4,-0.0013695375302498123,0.02998035298584313,1.0060942950350056,28.613799568376077,77.2094505999943
11.42,0.012343193463008413,-0.01424586194590069,0.9944942060091337,28.613799307089263,77.20945136259965
11.44,0.00794777519562923,-0.012019412948530137,1.0090714489466914,28.613799044651458,77.20945212469199
11.46,-0.01708268593564823,-0.010683037147671399,1.030996117868402,28.613798778673598,77.20945288519012
11.48,-0.006756477607105796,0.023000622970800123,0.9661900210232355,28.613798498016713,77.20945363881161
11.5,0.02652881130433799,-0.008923456802410405,0.9984795559088679,28.61379821909295,77.20945439326756
11.52,-0.00010597458840520305,0.00892446305156581,1.0440118892190686,28.61379794955352,77.20945515213678
11.54,0.0075046252662188655,0.002411765203364576,0.992194017123839,28.61379766773605,77.20945590519605
11.56,0.025192359783377853,-0.0021999421768534293,1.0202745579856092,28.613797374276583,77.20945665246289
11.58,-0.04771868478629014,-0.009973289667245961,1.0263013701059425,28.613797077257665,77.20945739790267
11.6,-0.1137316627884582,0.0393796342159833,0.9890210162145967,28.613796783482645,77.2094581450086
11.62,-0.1403908730115825,0.05584119749568647,1.0326028356193775,28.61379648409435,77.20945888921743
11.64,-0.20137636626934036,-0.017669233901651413,1.039949098167084,28.613796184492777,77.20945963331488
11.66,-0.2655933322653571,-0.021428337599230567,1.1080920145257351,28.613795886913596,77.20946037846464
11.68,-0.26925322748180275,0.0008155733157008953,1.000813443186226,28.61379559376583,77.2094611258902
11.7,-0.33799295869116425,-0.04546017833784753,1.0298111366112224,28.613795300724746,77.20946187337005
11.72,-0.4401241498519142,0.0009659838787076369,1.066536790963832,28.613795004099376,77.20946261901311
11.74,-0.4229008241258889,0.04014372433971882,1.0728474821263736,28.613794706399744,77.20946336410043
11.76,-0.4226546432403046,-0.011978038712888358,1.0623301182617173,28.613794402927628,77.20946410615979
11.78,-0.38895553966202057,0.021609323201424696,1.0636055647692493,28.613794100884405,77.20946484897524
11.8,-0.42805456204945364,0.0293868947696106,1.0936854794890303,28.613793801573493,77.20946559322445
11.82,-0.40661903933089966,-0.01723173294226402,1.0631958205100365,28.613793499733486,77.20946633614709
11.84,-0.41504003174038073,0.00356570850587217,1.0691781343175035,28.613793197330747,77.2094670787727
11.86,-0.43975969818849636,0.007081536075627388,1.0999401720392383,28.613792885286735,77.20946781620457
11.88,-0.42100539027935047,0.01457768861589603,1.096862580162962,28.613792575488237,77.20946855486393
11.9,-0.4312596300175516,0.01603565564145184,1.070448486347926,28.613792268950682,77.20946929528654
11.92,-0.44172615500510837,0.02244999593718863,1.0506875739227046,28.613791963510778,77.20947003629752
11.94,-0.43830260538671595,-0.01564248157976838,1.097585596181281,28.613791660761155,77.20947077873971
11.96,-0.4410171496394433,0.003480455432487026,1.0612030947759163,28.613791362124992,77.20947152334054
11.98,-0.42816501889680875,0.029648273018814387,1.105836964328829,28.613791074196843,77.20947227339424
12.0,-0.42806578523258443,0.0318099148195075,1.0883876361911453,28.61379079388345,77.20947302718155
12.02,-0.4389671619372858,0.00450180658341652,1.0761346023324334,28.613790514365736,77.20947378135216
12.04,-0.4321349705390839,-0.010632441891776765,1.0887696454997111,28.61379024352859,77.20947453962155
12.06,-0.46549056365425817,0.02070465509409091,1.0409594586511985,28.613789968937084,77.2094752961368
12.08,-0.44814028820152607,0.010724378503663675,1.1096046064940812,28.613789691890343,77.20947605148959
12.1,-0.4338201322932812,0.010292726481333805,1.0758162664453272,28.613789419291784,77.2094768089395
12.12,-0.3945377216001535,0.015515447992018648,1.083339190489054,28.613789147044702,77.20947756655342
12.14,-0.41530652195710216,-0.01901426881349013,1.0684709839535755,28.613788876072608,77.20947832476023
12.16,-0.4475174493659413,0.016942623070462876,1.0765847302328655,28.61378861715694,77.20947908841418
12.18,-0.3956747095338935,0.0030905355690338324,1.1119599061034777,28.61378835526101,77.2094798507483
12.2,-0.42800339042532526,0.022829956702679236,1.0745995625940516,28.613788097368356,77.2094806148513
12.22,-0.45066388709867633,0.0004093636001741033,1.0716472004361621,28.613787846026312,77.20948138178152
12.24,-0.4295495445823746,0.01166831969207367,1.0936637665291875,28.613787590123945,77.20948214675232
12.26,-0.40826949557128517,0.009146872284369171,1.0862083187043579,28.613787332589112,77.20948291101192
12.28,-0.4506456370174197,-0.010918904261288213,1.1110753680074095,28.613787068951332,77.20948367256655
12.3,-0.44869399212046107,-0.01803470066101318,1.0396762237372477,28.613786806101867,77.20948443447467
12.32,-0.39184488185618993,0.016133403149197884,1.070789887067296,28.613786541812967,77.20948519573639
12.34,-0.42204270661311055,-0.0171373323946526,1.0515036003636296,28.613786272191902,77.2094859545679
12.36,-0.4374044364302038,-0.006721397184423605,1.1046275104945877,28.61378599144226,77.20948670814447
12.38,-0.4300955174045037,-0.007326009297852566,1.0541556241120473,28.613785712754506,77.2094874627135
12.4,-0.42226079056654836,0.007342340888447384,1.0865955571657728,28.613785432424205,77.2094882164926
12.42,-0.4318403223797969,0.01351495301691172,1.0538622187743472,28.61378514830313,77.20948896842773
12.44,-0.400974653334689,-0.031131903106220445,1.0700127471651204,28.61378486045317,77.20948971852033
12.46,-0.425992649107399,-0.014502878609646866,1.0600939123390134,28.613784575986113,77.2094904702857
12.48,-0.3671447223363733,-0.015444173259351799,1.0709734952046062,28.613784292258558,77.20949122241362
12.5,-0.3312002189989536,-0.004560634325808027,1.1027831792165002,28.613784004813162,77.2094919727075
12.52,-0.2860611235351114,-0.03984469583069235,1.0248241516415137,28.61378371620877,77.20949272242382
12.54,-0.219902688885933,0.02267599839390873,1.0216919040382824,28.613783415056812,77.20949346570862
12.56,-0.17193102341744348,0.0012079469182194387,1.0474951741680898,28.613783115925848,77.20949421005162
12.58,-0.1753285097302234,-0.002685818639596786,1.0236100116692604,28.613782822030114,77.20949495709584
12.6,-0.09549029423633813,0.01509946648941588,0.9923253661581212,28.61378252496041,77.20949570250924
12.62,-0.006558176493808639,0.010350668915250119,0.9994680175362324,28.613782234044194,77.20949645106525
12.64,-0.008923235254957716,0.010134793854151107,0.9697273561529002,28.613781946143668,77.20949720113263
12.66,0.009081364121474563,-0.00031268598911676846,0.9901966869959199,28.61378165771196,77.20949795093517
12.68,0.024945217053889506,0.0020941990244012945,0.9805634338680835,28.613781369497232,77.20949870084597
12.7,-0.022162858449465712,0.016886178885840264,1.0062185516375535,28.61378108168024,77.20949945095495
12.72,-0.00746554650474344,0.010640967672867927,1.0128626784935295,28.61378079757834,77.20950020289945
12.74,-0.031437708532782625,0.034565516652571085,0.9469219242682356,28.613780511037678,77.20950095364222
12.76,0.0020891837094881324,0.00280275607220077,1.0021412117910888,28.613780210247253,77.20950169711693
12.78,0.007696660057367077,0.013013921817824625,0.9539362710281184,28.613779904053693,77.20950243772411
12.8,0.012869066238001266,-0.00245976915075503,1.0001261559903405,28.613779609898675,77.20950318463588
12.82,0.03147551164676107,0.006474203036009021,1.0318304709836814,28.613779318416793,77.20950393290626
12.84,0.0012701875193383094,0.007516079884608556,0.9930327835068438,28.613779023444582,77.20950467939971
12.86,-0.023052423240287636,-0.008877959746009984,1.005118188574124,28.613778738307506,77.20950543083559
12.88,-0.017618760305493426,-0.01292869285550426,1.014747750186219,28.61377846922656,77.20950618991577
12.9,-0.015245547327275668,0.012823222457753039,1.0154689520076514,28.613778204982744,77.20950695119774
12.92,0.004153822478026462,0.009088168407075574,1.0166887491305663,28.613777946151938,77.20950771488896
12.94,0.04699948972373449,0.02935153639107635,1.0087032994589415,28.613777676361018,77.20950847364206
12.96,-0.0014408400471282467,9.084759559972074e-05,0.9849257749192576,28.61377740420401,77.20950923129789
12.98,0.027481107086520178,-0.019888848426543204,1.0128885042345974,28.613777133009116,77.20950998940124
13.0,-0.0022810476229603066,0.00023051152203712357,1.0297985270720056,28.613776863918112,77.20951074847679
13.02,-0.0232311763659667,0.015390101025892987,1.0096988827694966,28.613776591826813,77.20951150616324
13.04,-0.016327671060783082,-0.04243034658579648,1.0038029598425042,28.61377631841867,77.20951226323433
13.06,-0.014581678947774354,-0.0001234594855996436,0.9665026411421461,28.613776042030704,77.20951301890011
13.08,-0.0024449542309671296,0.013327657117551158,0.97873799693392,28.613775763500406,77.2095137735445
13.1,0.008110987596405602,0.0046953873538533395,0.9856246717361689,28.613775478101108,77.20951452485117
13.12,-0.01317085697866216,-0.007166775598306315,0.9780262971518077,28.61377519248538,77.20951527605112
13.14,0.015812297550185275,-0.024053791384047802,0.996713080882071,28.61377490174328,77.20951602469485
13.16,0.02094428760424045,-0.00023835370275235705,0.9814286237639939,28.613774608657863,77.20951677215199
13.18,-0.005267045343928094,-0.024486004284889576,1.0173253043664214,28.613774314244584,77.20951751893166
13.2,0.01836281780004255,0.013461874483985663,0.9920252261071725,28.613774022453555,77.20951826704564
13.22,-0.038844696660174635,0.0012250149430872801,0.977686556678516,28.61377373109269,77.20951901537714
13.24,-0.047164763968034686,0.029899580271082315,0.98154560789451,28.61377344004674,77.20951976386763
13.26,0.016655777442457293,-0.039066494617103736,1.001368393615762,28.613773141929645,77.20952050873818
13.28,-0.008438314806110975,-0.006799370097182088,0.9943569602992941,28.61377284227253,77.20952125280644
13.3,0.04407313585778824,0.014667503727265664,1.0008353798372185,28.61377254853053,77.20952199992905
13.32,-0.0018570863421821032,0.022853245658314845,0.995068640884284,28.613772264967313,77.20952275213729
13.34,-0.020005617650772328,0.015477450098254596,1.034359801563251,28.613771988935955,77.20952350797216
13.36,0.033733814660847815,-0.019061555765990622,1.017132016930573,28.61377171748221,77.20952426595525
13.38,0.013115713223067345,-0.009624044911144046,0.9827983889277309,28.61377144296446,77.20952502250509
13.4,0.03097550598609693,-0.04471519927894539,0.9610858337137964,28.613771172563627,77.20952578097636
13.42,-0.011730588848191397,0.0009085357392355577,0.9928005815183051,28.613770894016863,77.20952653561284
13.44,-0.03457135561535999,0.02326562618150045,0.9861472298824712,28.613770623616706,77.20952729408442
13.46,-0.10123259274022678,0.00014051742685939825,0.9832080336745425,28.6137703488085,77.20952805049741
13.48,-0.16049879285922156,0.011533760435631183,1.0394355095795296,28.613770086417567,77.20952881261049
13.5,-0.15259286839182606,0.011000932686341313,1.0353484156769244,28.61376983151792,77.20952957801545
13.52,-0.21843882606696002,-0.006337128262841384,1.0668953003545776,28.613769583305057,77.20953034626682
13.54,-0.2710783996947708,-0.04863703879919837,1.0518549394539674,28.61376934188753,77.20953111732294
13.56,-0.3207855078816438,0.026817992039377844,1.0578508422555888,28.613769104790038,77.20953189011654
13.58,-0.3312285963874866,0.008640004610557023,1.0456199463349978,28.613768862363017,77.20953266076155
13.6,-0.3754608017987581,-0.025014645768020802,1.0674801106034695,28.613768615087448,77.20953342940501
13.62,-0.3864129291785222,0.00741755806911342,1.0441129789354755,28.613768374618335,77.2095342008456
13.64,-0.390227498280264,0.0040012366613251015,1.1007786575703349,28.61376813547842,77.20953497282214
13.66,-0.3614219992456611,0.026221766883046494,1.0536631782980561,28.613767893261638,77.20953574355292
13.68,-0.42638858746061764,0.009441581611526612,1.0844144537816685,28.613767652297017,77.20953651479284
13.7,-0.3641241948995858,0.009513211228364953,1.0750661743274879,28.61376740068485,77.20953728160796
13.72,-0.36743933227326925,0.0039865771138962594,1.087773260246584,28.61376714650304,77.20953804732261
13.74,-0.40135127814241317,-0.015394444617437712,1.0806891813084725,28.61376689813325,77.20953881550814
13.76,-0.4154299846302782,0.013454903885737377,1.0535446933600112,28.613766654921243,77.20953958583212
13.78,-0.36497243271858554,-0.0005083656924149796,1.073346236407119,28.613766418257935,77.20954035879838
13.8,-0.40021997468636455,-0.019055727104669563,1.1053354903548058,28.61376618634535,77.20954113363086
13.82,-0.3452758013002406,-0.01318078042553427,1.0635369182102017,28.61376595428628,77.20954190840644
13.84,-0.3343822666489899,-0.022723140184933936,1.1031495425417333,28.613765723829648,77.20954268380241
13.86,-0.3682084740928668,0.021193638676090337,1.09323253989676,28.61376549657192,77.20954346042255
13.88,-0.3787718913729978,0.03957572184832765,1.082785946482514,28.613765265351454,77.2095442355234
13.9,-0.3811241212571354,0.023103233964540185,1.0652145446533985,28.613765031798938,77.20954500971644
13.92,-0.41086241889454067,0.007524605424958874,1.0854494859219297,28.61376480901049,77.20954578801509
13.94,-0.3824580868176741,-0.001309072405584418,1.069793999301534,28.613764594944538,77.20954656948375
13.96,-0.3859171789942668,-0.0058187012269762875,1.1020923313088045,28.613764387641933,77.20954735331489
13.98,-0.3894670937648597,-0.019725919217390087,1.0542522969569785,28.613764185904675,77.20954813902804
14.0,-0.368907765680694,0.0389357765198269,1.086159921552617,28.613763988579816,77.20954892619386
14.02,-0.3741174255922795,-0.02068046618648259,1.080575157821046,28.613763794043734,77.20954971425988
14.04,-0.36101984507452817,-0.016989400284209904,1.086570573824521,28.613763597043025,77.20955050153103
14.06,-0.38561490951250027,-0.00391002951864987,1.0943555005267311,28.613763407822503,77.20955129127465
14.08,-0.3646911892425498,-0.0022583954434934445,1.0622348552197407,28.613763223908013,77.20955208264313
14.1,-0.37658457283268765,0.012040786598918631,1.062217430003784,28.613763051019184,77.20955287723034
14.12,-0.36481561104962823,-0.013468572637461736,1.08430736754989,28.613762884563723,77.20955367359812
14.14,-0.37829792484040475,-0.03977186214552675,1.0992927582682988,28.613762719561446,77.20955447035823
14.16,-0.341182858447263,-0.004628476715432135,1.0750159387841474,28.61376256084038,77.20955526877239
14.18,-0.42557682112394213,-0.0032811441641901096,1.1087578596205478,28.613762409359385,77.20955606900951
14.2,-0.3642312652654526,-0.004905493375308355,1.07400095739701,28.613762261480467,77.20955687012041
14.22,-0.35961440014354,-0.005171504141416411,1.0657681683208424,28.613762111942176,77.20955767083151
14.24,-0.4020787938341408,-0.007012480211034497,1.0890850998717443,28.613761968863063,77.20955847307263
14.26,-0.340244306450459,-0.02648756438200981,1.0690768809304896,28.613761818595087,77.20955927360646
14.28,-0.3762967036273257,0.029244001680929152,1.0693260335833157,28.613761674280145,77.20956007556029
14.3,-0.37923744172480905,0.028112120489146637,1.0852000132175195,28.613761532898426,77.20956087819181
14.32,-0.3693176538088058,0.027908510124001303,1.0986374374355579,28.61376138336793,77.20956167890479
14.34,-0.3171331324477522,-0.02371110234276441,1.0771578848941892,28.613761229802442,77.2095624786262
14.36,-0.29037847695842933,0.00807617051396983,1.0643882349429439,28.613761077212732,77.20956327858993
14.38,-0.24914881445155945,-0.00845691396765531,1.0918049785893693,28.613760922015587,77.2095640779025
14.4,-0.19254524205262608,-0.00954412044369156,1.0583735321217664,28.613760775722408,77.20956487939108
14.42,-0.14806469289451527,-0.018572883109303495,1.0287857420600586,28.61376061674375,77.20956567773872
14.44,-0.11884968872352838,0.051311244404087096,1.048720759795966,28.613760466290586,77.2095664782274
14.46,-0.1146730150265193,-0.004974787308955069,1.0129874033504478,28.613760314372765,77.20956727835704
14.48,-0.06223130743290188,-0.01843987804319895,1.0209599818068782,28.613760154576312,77.2095680764928
14.5,0.021693354990180276,0.002763545296241201,1.010802738912141,28.613759992937606,77.20956887414704
14.52,-0.005561204082659182,0.015262716833014554,1.0000534017941305,28.61375983165892,77.20956967189584
14.54,-0.01197234315451714,-0.0028266985159660324,0.9855168086235369,28.613759662508325,77.20957046752636
14.56,0.008799293834771103,0.004885153349508605,0.9994489137948904,28.613759489027963,77.20957126194622
14.58,0.0063191809568914235,0.020037527685461094,0.9905182162529047,28.6137593189454,77.2095720573189
14.6,-0.004362706605188197,-0.019091923513985372,1.0052662399637542,28.613759138113785,77.2095728496087
14.62,0.014871031861512278,0.0035558254354233067,1.008449696744666,28.61375896246484,77.20957364341
14.64,-0.02536029260263365,-0.012780404433251173,0.9605879435864072,28.61375877551234,77.20957443385419
14.66,-0.03464863768583978,-0.015486745788703111,1.0067531267610386,28.61375858444661,77.20957522302109
14.68,0.030051655017016687,0.03503946780929852,1.05850560750297,28.613758396108512,77.20957601303834
14.7,-0.02245612011764447,-0.0017877872387896579,0.9936649785002941,28.613758214861804,77.20957680520506
14.72,-0.02951093553091377,-0.021238463332736896,1.0197784402953578,28.613758032503092,77.20957759704055
14.74,-0.00652330816165157,-0.0022306664676070777,1.0148393928956676,28.613757854441108,77.2095783901439
14.76,-0.0005920296221885685,-0.024189689709792957,0.9671541960871644,28.613757675628186,77.209579183028
14.78,-0.009567502434997079,-0.004348774329267085,1.0099540791643626,28.613757491505993,77.20957997433376
14.8,-0.004568790034628255,-0.013569676419557326,0.98318748869933,28.61375730125036,77.20958076375459
14.82,-0.02842749621270373,0.010218881824509505,0.9960497035196597,28.61375710138959,77.20958155008972
14.84,0.0142754183398953,0.03874153473964314,0.9708141156372906,28.613756908615013,77.20958233871717
14.86,-0.030592483638153076,-0.0034985132457931198,1.0088455867201476,28.61375671417011,77.20958312681233
14.88,0.00045014698702012997,-0.012818278967883883,0.9931793386896208,28.61375652952704,77.20958391796059
14.9,0.004678339846616804,0.0018200879108550155,1.0269058282472436,28.613756344856657,77.20958470910057
14.92,0.012977975979308705,0.02982595275183005,0.972808215415453,28.613756171000748,77.20958550341388
14.94,0.004546916070506906,0.010326621301989363,1.018173927462489,28.61375598241286,77.20958629335378
14.96,-0.02176603264358444,-0.0028209689236822423,1.0084270136460158,28.613755784862356,77.20958708044608
14.98,-0.008224616197196149,-0.04132788513447769,0.9828333546795701,28.61375559798834,77.20958787091433
15.0,-0.014079559850204171,-0.0010465189549739241,0.9690880842066416,28.613755415473804,77.20958866270321
15.02,-0.03146048854952928,0.015530970938573314,0.9942017127405175,28.61375522793673,77.20958945296766
15.04,0.008711479657508566,0.01915044256825116,1.0047330913110581,28.613755038775853,77.20959024272977
15.06,-0.015133205828701118,0.026216835610660252,0.9786885137962783,28.61375484948196,77.20959103245052
15.08,0.002974554139288145,-0.013489874119961076,0.9810197273731882,28.613754658444808,77.20959182162638
15.1,-0.0022221733255498323,-0.00806095147607337,1.0198090749089357,28.613754461504342,77.20959260891702
15.12,-0.02271730824686947,-0.0024041630681659295,0.9843702957762923,28.613754250712915,77.20959339153977
15.14,-0.0240538276604687,0.014192542840737146,1.0115981878919593,28.613754047717148,77.20959417683214
15.16,-0.006701365438553794,-0.005262654133554165,1.0243771433202475,28.61375384613367,77.20959496259644
15.18,-0.02627006786539514,0.01049663489428695,0.9839148682089227,28.61375365699064,77.20959575236408
15.2,0.019775518570430188,-0.007687373492565862,0.9750095339746548,28.613753468204443,77.2095965422425
15.22,0.026898937528981,-0.014116826190833903,1.0174399705421688,28.61375326806196,77.20959732848462
15.24,0.01566058585077445,0.022194569508690726,0.9940235927471961,28.61375306465341,77.20959811363836
15.26,0.006981409015397412,0.006247217452501064,0.9912240353918169,28.61375285593155,77.20959889698054
15.28,0.0012255608617729083,0.014932861550333153,1.0285727989125775,28.613752645961938,77.20959967988989
15.3,-0.06720930735051227,-0.004125865919797347,1.0035319605732829,28.613752440932448,77.20960046449636
15.32,-0.07595270572465707,0.016082539469078193,1.0233308336279823,28.613752246498482,77.209601252595
15.34,-0.11133909794589607,-0.02125340181673773,0.9944370112291552,28.61375204204622,77.20960203739689
15.36,-0.19179643059505014,-0.018068621889186978,1.03402852239174,28.613751840678567,77.20960282323298
15.38,-0.2319864348197325,0.018842109407381215,1.0268188468177444,28.61375164056307,77.20960360948402
15.4,-0.29366864127235887,-0.0014048010195617051,1.043194054259419,28.613751454027383,77.20960440005592
15.42,-0.33038848532314796,-0.004930989098605423,1.0509050038052683,28.6137512719824,77.20960519198502
15.44,-0.395166677691932,-0.018390683689755917,1.0971389094276085,28.61375108902073,77.20960598363995
15.46,-0.422052810726718,0.016089411659582532,1.0667373515216128,28.61375090368658,77.20960677457845
15.48,-0.4076138489255959,0.03730798403385432,1.069304641796504,28.613750707208595,77.20960756201899
15.5,-0.4097644803349693,0.012152410971172407,1.1106905046973055,28.613750512475352,77.20960835002171
15.52,-0.41125389729139444,-0.008982656285311339,1.0728633892170576,28.61375031848024,77.20960913826065
15.54,-0.4650934405121029,0.027735872816530192,1.0675910097318917,28.613750113977996,77.20960992304563
15.56,-0.4153074990791853,0.00718786840935588,1.1020009988328605,28.61374990140525,77.2096107050429
15.58,-0.4040046187763714,-0.008659775127746286,1.0803189731350875,28.613749698517825,77.20961149037157
15.6,-0.41644301452163646,0.02551364490050087,1.0817549354987137,28.61374948566608,77.20961227227036
15.62,-0.3935594471396903,-0.003608197103774436,1.0859776755415933,28.61374928385693,77.20961305795946
15.64,-0.41826145076141263,-0.028853657761453117,1.106792268223852,28.613749078804045,77.20961384255797
15.66,-0.4083244600359114,-0.006352338267506592,1.059320877866785,28.61374886857492,77.20961462537691
15.68,-0.4363218659338534,0.010641647853312784,1.1028884546948357,28.61374865705921,77.20961540774601
15.7,-0.40454321535173016,-0.014353163111252468,1.0501256400092556,28.613748448124213,77.20961619101442
15.72,-0.4005322264321743,-0.03744658653668681,1.0636925999184557,28.613748242269185,77.20961697534032
15.74,-0.43053936069108956,0.029396512378490808,1.062067388784552,28.613748053501045,77.20961776522431
15.76,-0.4448568628553468,0.059878101358693314,1.0771791126054673,28.613747863683347,77.20961855478184
15.78,-0.42528413707038804,-0.0095094064203837,1.0649955162815203,28.6137476736404,77.20961934426906
15.8,-0.4362308748636426,-0.012596507990586646,1.1054199715248425,28.613747473186777,77.20962013040828
15.82,-0.4042898019774112,-0.026941835194127007,1.0904018197000143,28.613747274611523,77.20962091716585
15.84,-0.4260453535427011,-0.016423828213836172,1.079707593145221,28.61374707967623,77.20962170510373
15.86,-0.4018994993203057,-0.030556694569195787,1.0624364003083295,28.61374688829005,77.20962249416978
15.88,-0.4475437059495842,-0.026099476617704735,1.1080271730536617,28.61374670272426,77.20962328503776
15.9,-0.4328333262053094,4.4922140625060216e-05,1.0819671696827415,28.6137465203195,77.2096240768594
15.92,-0.43154420021158413,-0.03158061781112172,1.0749843282202445,28.613746345086795,77.20962487077995
15.94,-0.4107550094911708,-0.029368532028018514,1.077278695601322,28.613746165581208,77.20962566346084
15.96,-0.4577950094551858,0.004140410187816583,1.0755621624697251,28.6137459833012,77.20962645531975
15.98,-0.421761484997192,-0.012349373459949227,1.0969222311339446,28.61374581114775,77.20962725011398
16.0,-0.42355648891095593,0.007133468841038565,1.1026070665919627,28.613745638334922,77.2096280447225
16.02,-0.4090364114777217,-0.006840111831293174,1.0614811226549654,28.613745457761866,77.20962883708873
16.04,-0.4152595172646038,-0.0037111680693209365,1.0669542908895884,28.61374526984203,77.20962962723512
16.06,-0.4353577858192014,0.015602126301981649,1.0679517775593481,28.61374508914316,77.20963041956412
16.08,-0.4614426580053755,-0.010973808195998323,1.086397278741618,28.61374489919178,77.20963120907992
16.1,-0.431680917954535,0.01419402072671901,1.0999612303095274,28.61374471291279,77.2096319997303
16.12,-0.44160341644432294,-0.008396954301459755,1.0525392233528066,28.61374452648471,77.20963279033509
16.14,-0.4404366867221368,-0.016414837274024263,1.0590725343601235,28.61374434249952,77.20963358168211
16.16,-0.43096400123777384,-0.021480375699681274,1.0731280523014326,28.613744166886367,77.20963437549356
16.18,-0.3999147543272776,-0.03313347929507637,1.0906751602249503,28.613743996713062,77.20963517084094
16.2,-0.39539968789817403,-0.024808450349285038,1.0522916646607177,28.61374381786046,77.20963596371332
16.22,-0.36086357273422204,-0.03546983707677238,1.0545009331095434,28.6137436301674,77.20963675392964
16.24,-0.2891015851076464,-0.01989019230347356,1.0389038929612506,28.613743437755822,77.20963754267201
16.26,-0.23682795579289181,0.016420117198651,1.0595947754037007,28.613743246904928,77.20963833190625
16.28,-0.19191262933635217,-0.00016628424935996906,1.0333647460828392,28.613743043605947,77.20963911709674
16.3,-0.15194741944139004,-0.007757516766591727,1.0120926249505704,28.613742833504986,77.2096398999603
16.32,-0.09739753804022734,-0.013825794868181427,0.9942510215129768,28.613742624208516,77.20964068310342
16.34,-0.04194181621247437,-0.001625046050001807,1.0009679485389043,28.613742428387894,77.20964147075635
16.36,-0.01744037740012154,0.0006041721815619121,0.9947208910087536,28.61374222661934,77.20964225645892
16.38,0.020043219055839976,-0.022301114281223954,1.016946268514232,28.61374201630334,77.20964303924754
16.4,-0.003661154557983043,0.009271166416591278,1.020363488856767,28.613741803043588,77.209643821002
16.42,0.01958831492507227,-0.006512661428527643,0.9763384663138155,28.6137416029313,77.20964460725402
16.44,0.005270718665130401,0.005936284538301299,1.0196914138327684,28.613741401451087,77.2096453930526
16.46,-0.02520516091427369,-0.0006402715019269996,1.0142517401676785,28.61374118500868,77.20964617367122
16.48,-0.039099179891242015,-0.02836808644155219,0.9893793528077803,28.613740969619148,77.20964695466763
16.5,0.021299771840637183,0.02601699079595222,1.0151587404008326,28.613740740808513,77.20964773069569
16.52,-0.01824877208164534,-0.00022910593443363378,0.9841571800331368,28.613740507220207,77.20964850487455
16.54,-0.0019430840926511833,-0.007353948945609951,1.0081129702557048,28.61374027331055,77.20964927892749
16.56,-0.012054586975607509,0.011651119202761863,1.0485046004694059,28.613740029891304,77.20965004916633
16.58,0.026848148292918494,-0.023146565381323116,1.0046109767644849,28.61373979058842,77.20965082107713
16.6,-0.0014934942020809012,-0.031485740613005304,0.993164337234629,28.613739559681758,77.20965159629917
16.62,-0.027605634527581056,0.011131759994054498,0.9737239825785166,28.613739337064825,77.20965237466132
16.64,-0.005276305659912999,0.022931336726060784,1.001642297416012,28.613739113029762,77.2096531524953
16.66,0.022493309115868092,0.005728312089216771,1.0199580673935276,28.613738885952362,77.20965392918369
16.68,-0.017401042390179568,0.01611567660449736,0.9858127568537367,28.613738663531905,77.20965470761871
16.7,-0.0312338901359899,-0.025323387290134496,1.0108189960925418,28.61373843279413,77.20965548290597
16.72,0.014603757103756027,-0.007185482267281359,0.9947336447657996,28.61373820145512,77.20965625796072
16.74,-0.019578801198737148,-0.013160878475068485,0.9920307330773218,28.61373796448081,77.20965703080311
16.76,-0.033999642493469644,0.020551935718975182,1.0097857607915919,28.61373773213623,77.20965780546744
16.78,-0.01890478610564601,0.00988134672959313,0.9621362719557459,28.613737501029583,77.20965858061213
16.8,0.004444382267969037,0.020623123603238747,0.9961730050328739,28.613737281971723,77.20965936028345
16.82,0.007736836390669366,-0.012357475528442326,1.019741143640414,28.613737064838723,77.20966014065314
16.84,0.006878642174726271,-0.02262957527750122,0.9963039134899438,28.613736846160933,77.2096609204629
16.86,-0.02157007711829601,0.02658157347978039,1.0001402535869555,28.61373663132373,77.20966170165666
16.88,0.016937073867983682,0.0005222070591037174,0.9973455849915905,28.61373641690241,77.20966248299868
16.9,0.013672395021010671,0.021297619624842765,1.038252371169564,28.61373620084208,77.2096632637546
16.92,0.008652312991191123,-0.0012988981675595404,1.0076968898578584,28.613735988450784,77.20966404581576
16.94,-0.022092920336433224,0.04407704194224407,0.9744788535392175,28.61373577787581,77.20966482851398
16.96,-0.013021605449246527,0.023559929899189615,0.9826809178742757,28.613735572329563,77.20966561294486
16.98,0.005631494322651978,-0.0032011084655280265,1.0018789888357684,28.613735373274093,77.20966639954486
17.0,0.010922534827451489,0.00041057803530541754,1.0251571927628509,28.61373516574394,77.20966718329764
17.02,-0.020912757344106345,0.00047975052351059423,1.013222260012817,28.61373496807404,77.20966797035089
17.04,0.03435059506277058,-0.022721187775413005,1.0198474828265292,28.613734764511737,77.2096687554528
17.06,-0.003391410301621255,-0.009638898393990337,0.9774047499017801,28.6137345703719,77.20966954364538
17.08,0.01834378882270692,-0.01115953778839608,1.0126155854050425,28.613734365796432,77.20967032840548
17.1,-0.025463694915490238,0.004650267127721368,0.9852442971870836,28.61373415726121,77.209671111812
17.12,0.0035079081434354576,-0.016302765639399194,0.9975997332674297,28.613733951297522,77.20967189610079
17.14,-0.025925125361524727,-0.0030014374837658148,1.0170018740532407,28.613733738844186,77.20967267814005
17.16,-0.05068292371465266,-0.007323396230325574,0.9975163947924456,28.61373351894014,77.20967345750219
17.18,-0.09756193621381987,0.0015165906557157503,0.9889720952499635,28.613733295079257,77.20967423540121
17.2,-0.14955756094863995,0.029362125361323967,1.0193048854317253,28.613733067984324,77.2096750120829
17.22,-0.2277755179373272,0.021908725653580582,1.0379767428050288,28.61373283936433,77.2096757881838
17.24,-0.3025070082860112,-0.02620998031864912,1.058102727335923,28.613732601115487,77.20967656051751
17.26,-0.31278146001723917,-0.0010367712795875316,1.0355514808229318,28.613732363035258,77.20967733291869
17.28,-0.3803082381907819,-0.006057363891435745,1.051140163548026,28.61373212414109,77.20967810499369
17.3,-0.43342390118016483,-0.012931992550785762,1.0754155375881997,28.613731879411596,77.20967887469352
17.32,-0.4969896430803529,0.04306042777935734,1.0909164634346662,28.613731636834537,77.20967964527699
17.34,-0.4796216169412088,-0.010535356113681633,1.084057904375836,28.613731386830985,77.20968041277428
17.36,-0.4786400120224168,-0.009148737563969413,1.0770692758295772,28.613731130827695,77.20968117770086
17.38,-0.4574468315632918,0.035087787205456744,1.0652094688067884,28.613730855819878,77.20968193401943
17.4,-0.51887822547669,0.019380720663516485,1.097742685583095,28.613730581630897,77.20968269072367
17.42,-0.5050028490336395,-0.00886596552320784,1.1042708113810928,28.613730303471403,77.20968344554518
17.44,-0.4693486913033964,0.015212090153180733,1.0683110228498678,28.6137300222208,77.20968419887892
17.46,-0.5225791428053407,-0.004788702065099791,1.0705120167725921,28.613729735621618,77.20968494959234
17.48,-0.4930039292171424,-0.0034563275726669073,1.0936733572245712,28.6137294494897,77.20968570053702
17.5,-0.431055431836305,-0.01610765700594755,1.08334570904909,28.61372916029735,77.20968644995891
17.52,-0.48410171888932063,-0.048661062970132174,1.091637988803666,28.61372887014923,77.20968719890126
17.54,-0.46455895028851085,-0.02849746641012842,1.0854203256048112,28.613728574357623,77.20968794497352
17.56,-0.5121819574841096,-0.02209211210032193,1.0875943485370603,28.6137282912055,77.20968869738238
17.58,-0.4645453064502765,0.008380075477328962,1.0718558472296562,28.613728009629742,77.20968945055846
17.6,-0.48609260436130086,0.00306876608738275,1.0400403719758193,28.613727714092718,77.20969019676161
17.62,-0.47276054881045465,0.02172466568413987,1.0838665323760122,28.613727408497965,77.20969093768929
17.64,-0.46741105741215244,-0.024066736871718845,1.0937984901192563,28.613727100931605,77.2096916775576
17.66,-0.4888365657025908,0.03573580970879344,1.0857165534718067,28.61372678952424,77.20969241533813
17.68,-0.4688124017013551,0.033887077870912025,1.065079856626082,28.61372647475403,77.20969315126455
17.7,-0.5009610854866694,0.0007087330009581925,1.068423986000872,28.613726155915884,77.20969388491511
17.72,-0.4774700941841256,-0.013725007541271936,1.1291418675029543,28.613725842735196,77.20969462172097
17.74,-0.46814660317104034,-0.012690061486064575,1.087035420143108,28.613725533865644,77.20969536088448
17.76,-0.48933596001313234,0.003962712163785996,1.0330453175932115,28.613725229225643,77.20969610232214
17.78,-0.49780215425714586,0.03765190606111169,1.0685152566631797,28.613724927483446,77.20969684529584
17.8,-0.4876712706861431,-0.0018984047886171185,1.0756591314743211,28.613724615512698,77.20969758276743
17.82,-0.4567434549109059,-0.03164065155136311,1.0552326131552014,28.613724311113874,77.20969832433362
17.84,-0.45981039286999337,0.0379073530819961,1.0774031214742097,28.61372399399023,77.20969905894779
17.86,-0.46333107163862897,-0.008007722199603788,1.0701416007722102,28.61372367425612,77.2096997920922
17.88,-0.4477905413613172,0.029075921041445005,1.0839170128721491,28.613723362054692,77.2097005294371
17.9,-0.4778212183882932,0.012515530296612341,1.0743040865913072,28.613723053546696,77.20970126879651
17.92,-0.4744292931982194,-0.0029685775290129576,1.0659991804911464,28.613722742195495,77.20970200660777
17.94,-0.5178064771550569,0.01931879109719404,1.073223381248593,28.613722439240185,77.20970274894059
17.96,-0.49614754141841466,-0.014694917549078304,1.0969411840922705,28.613722138556415,77.20970349247087
17.98,-0.467717715583225,-0.005819137286809223,1.0812815982677475,28.613721845313513,77.20970423984748
18.0,-0.46058273646673625,-0.010614707086656251,1.0756963312698364,28.613721547907087,77.2097049850862
18.02,-0.5038022966342653,-0.004013622624257701,1.0870248830334073,28.613721257854593,77.20970573407656
18.04,-0.47980895381210015,0.01095501178597828,1.0799682814745322,28.6137209777501,77.20970648796413
18.06,-0.38165363989594026,0.010805643280517745,1.0489798351925836,28.613720687985747,77.2097072370992
18.08,-0.37349101653602884,-0.03110633999585966,1.0759530865257494,28.613720400228818,77.20970798723765
18.1,-0.2897347352430607,-0.01071079541871007,1.0408462903481346,28.613720115062105,77.20970873865852
18.12,-0.25858043724090096,-0.0072578239743674436,1.0375933511127184,28.61371982678961,77.20970948854006
18.14,-0.2011935909789767,0.011723031806513365,1.0052839282602246,28.61371953869977,77.20971023851267
18.16,-0.17750531502511688,-0.02800634594471325,1.0431056431631813,28.61371925603604,77.20971099115971
18.18,-0.13838951641706077,0.014129354977959536,1.020271050231127,28.61371897741243,77.209711745759
18.2,-0.03865708078050046,-0.02253417916696947,1.014585984138952,28.61371869403676,77.20971249805856
18.22,0.006142091528501036,0.00496695368003922,1.0162761241775886,28.61371841704153,77.20971325343535
18.24,0.0012113661409341434,0.022288793300008453,1.0164476666762177,28.613718140285595,77.20971400892594
18.26,-0.026542117113009682,-0.02453760769143427,0.9859139682794086,28.613717852507076,77.20971475905363
18.28,-0.00713525878697003,0.004834993510943226,1.0002424244618424,28.613717566688894,77.20971551015323
18.3,-0.012333418228040731,-0.003709624914630872,0.998282992299292,28.613717272766024,77.20971625718313
18.32,-0.010375011205904035,-0.019548953332700385,0.9963878936561532,28.613716985480135,77.2097170075558
18.34,0.004569540501837366,-0.02449925513060558,0.9839096822941703,28.613716696979473,77.20971775732345
18.36,0.014124584610176665,-0.014150678337648333,1.0285005582333886,28.613716400299836,77.20971850293795
18.38,0.0057215167125822,-0.016209994818370814,1.0202832897552712,28.613716107359917,77.20971925046868
18.4,0.003889224317675269,-0.0041119086209067505,1.0088684010137385,28.613715801892983,77.20971999146467
18.42,0.0022703730720502907,-0.008532487607557945,1.0271360432039385,28.61371549677581,77.20972073264761
18.44,-0.0034954626023718256,0.00847232424145009,1.0094887036437825,28.61371519924382,77.20972147782125
18.46,-0.016613319854531072,0.01616984548857704,0.993937990189113,28.61371489515951,77.20972221955478
18.48,0.0009369214479009134,-0.03058011273194285,0.9915703804468698,28.61371458079197,77.20972295570442
18.5,0.014945521677444151,-0.005013011488736885,1.0077144727511407,28.613714274507558,77.2097236962624
18.52,-0.002305937778610653,-0.01899849287592508,0.9724374014008925,28.61371396535621,77.20972443527296
18.54,-0.01840726786233299,-0.02170332642207785,1.0173336662347094,28.61371366057699,77.2097251766363
18.56,-0.023912888619696482,-0.03137603270169295,0.967430522849451,28.613713362461525,77.20972592150727
18.58,-0.01907564759841769,-0.032853789643907214,1.0220474827840782,28.613713070124803,77.20972666934433
18.6,-0.02287467078992909,-0.010382519994409879,1.009934025104023,28.613712776408924,77.20972741647984
18.62,0.05782423699677967,0.00785815666669272,1.0390146928156596,28.613712474234124,77.20972815922528
18.64,-0.01755457697683623,0.007786940456135806,1.0036016108275845,28.61371217245661,77.20972890218027
18.66,-0.0007686112152317911,-0.021053585678061666,1.0131191345160964,28.61371186794244,77.20972964368491
18.68,-0.0017353961866702465,-0.02307641773287196,1.0139398243000477,28.613711567038607,77.20973038709958
18.7,0.028266296668069683,0.004784897076002689,0.9822884486750904,28.613711266959623,77.20973113094676
18.72,0.008587481508125114,-0.008634853146070072,0.9786526049732288,28.613710972560817,77.2097318777334
18.74,0.00848989021093975,0.017794203632068042,0.9813244277321594,28.613710690079383,77.20973263046918
18.76,0.003487713310648696,-0.022214422894365954,0.9993453832430921,28.613710410983426,77.20973338484187
18.78,0.005501865059995439,-0.03715421902863438,0.999854827146971,28.61371012442682,77.20973413557624
18.8,0.0064451031234278675,0.012249684205956304,1.0006810952098413,28.613709854398966,77.20973489421948
18.82,-0.012548152766467154,-0.03780078527210041,1.0098830334915687,28.61370957705292,77.20973564942915
18.84,-0.01834719030173681,-0.028915998044926852,0.9851433936198576,28.613709297529127,77.20973640359625
18.86,0.0011728410635008033,-0.013384567793950941,1.016779799379302,28.613709018923075,77.20973715820388
18.88,-0.010738459498394633,-0.005699868835017524,1.0086105573892175,28.61370874380087,77.2097379144683
18.9,0.003687333276182145,0.012029546551332766,1.0316138707264682,28.613708465502302,77.20973866922314
18.92,-0.021585309542116807,-0.020284363540790332,1.008618606987016,28.61370817796479,77.20973941947067
18.94,-0.02947516015637952,0.026354234524177744,0.9986109745071862,28.61370788872906,77.20974016887067
18.96,-0.02558647139763892,-0.03032197163600273,1.0429496358733419,28.613707600878282,77.2097409189623
18.98,-0.0014775650263320942,-0.0074387788013493775,0.9983207632599579,28.613707295362264,77.20974165993196
19.0,-0.03231137366515084,0.016603099185298002,1.005790108196405,28.613706989285955,77.20974240060153
19.02,-0.0012378117380613674,0.017661872983969543,1.0175797074815953,28.613706693902973,77.20974314688367
19.04,-0.04141736917427226,-0.059100518975538606,1.0363988732234848,28.613706396373875,77.20974389205874
19.06,-0.10298315500742687,0.054158882835670705,1.028376984830829,28.613706102699005,77.20974463921512
19.08,-0.168312209587179,-0.006444563455628325,1.0908962029839588,28.613705811341603,77.20974538754788
19.1,-0.21082706336425083,0.005568906748380126,1.0329785087632066,28.613705511609595,77.20974613157652
19.12,-0.23545532407136108,-0.00667277759943803,1.0831249350285026,28.61370520615579,77.20974687257946
19.14,-0.26968463716799024,0.04270307775990505,1.0329748516528063,28.613704912211002,77.20974761959809
19.16,-0.3159228975335658,0.025786874818559156,1.0514202314250425,28.613704629650233,77.20974837229518
19.18,-0.3882885289480542,0.04215013876476641,1.0488753222137464,28.613704346157558,77.20974912453744
19.2,-0.36587723520723164,0.009464661497847306,1.0614955538681035,28.613704056255813,77.20974987360341
19.22,-0.3514137459662197,0.01824294054032918,1.0472796334528003,28.613703781195355,77.20975062989694
19.24,-0.4093098288656833,-0.020892375861804088,1.082163757570958,28.613703499644217,77.2097513830848
19.26,-0.3841852833560321,-0.005291927314343514,1.0621422334618154,28.613703201874827,77.20975212813529
19.28,-0.3515616707946754,0.01825909240613836,1.1102957419736068,28.613702896367208,77.20975286910942
19.3,-0.3683218554279398,0.006364912759749333,1.0900534393132733,28.613702596027977,77.20975361282024
19.32,-0.3683015299454027,0.0021140867743288643,1.0813327960411614,28.613702291503024,77.20975435431906
19.34,-0.33991022866415393,-0.015513375982692524,1.0853150940676501,28.61370198546223,77.20975509500762
19.36,-0.3631552784459113,0.02330942841538585,1.0929207873470685,28.613701667884854,77.20975582936725
19.38,-0.37154814619702126,0.02302560550142864,1.103854357217465,28.613701343009446,77.20975655957275
19.4,-0.3682505322001998,0.02084417613069435,1.070055178342747,28.613701023909744,77.20975729307557
19.42,-0.3675919728043256,0.005840759540001547,1.0663679829826906,28.61370070103489,77.20975802443155
19.44,-0.37876986363988324,0.00020209102111859675,1.088295605776764,28.61370038343773,77.20975875878007
19.46,-0.3665296741234404,0.022482647724641713,1.1113788991036653,28.613700059165172,77.2097594893332
19.48,-0.3848771053399784,0.018736009660417927,1.0527616045646537,28.61369973652121,77.20976022082138
19.5,-0.36874552301164976,-0.017854126307708617,1.0879839122250858,28.613699414130437,77.2097609524544
19.52,-0.37240084708037197,0.006326954116930176,1.1058194149850504,28.613699090651927,77.20976168346417
19.54,-0.35745198833480757,0.013161028516105558,1.0923128214907927,28.613698770715235,77.2097624164937
19.56,-0.331788576170105,-0.013462063236982638,1.0866404920415988,28.61369845009364,77.20976314913483
19.58,-0.35688771805410546,0.018068805568024628,1.0908072543451026,28.613698126524053,77.20976388009227
19.6,-0.36001609750137614,0.014353125806592962,1.1160675063077956,28.613697804759756,77.20976461208305
19.62,-0.3574023450086908,-0.008326105491571055,1.0958991705456038,28.61369748158668,77.20976534326807
19.64,-0.37933536598325696,-0.027135780567525556,1.0489776297828568,28.613697163198253,77.20976607717182
19.66,-0.3480399343906085,0.011724816879850641,1.0783087705946717,28.613696852762054,77.20976681548302
19.68,-0.3539510282250723,0.039292244997830766,1.081751219466529,28.61369654254685,77.20976755391474
19.7,-0.36297881273628846,0.005107982161098559,1.1005172981447038,28.613696225752346,77.20976828871297
19.72,-0.35497949699192966,0.01282766354806407,1.0816654808161934,28.613695902620595,77.20976901992168
19.74,-0.355526140286745,-0.023306703271867037,1.0803205110811567,28.613695573583925,77.20976974770538
19.76,-0.355489826109345,-0.0009557926557336541,1.080853678333953,28.613695238112065,77.20977047166689
19.78,-0.3421937383501248,-0.0022292201516356225,1.0847971573510506,28.61369490147041,77.20977119492343
19.8,-0.3772415477798854,-0.017728297433468578,1.0781320175272118,28.613694568314855,77.20977192027156
19.82,-0.33585480649064303,0.008795710262768845,1.0716173420472443,28.61369423682188,77.20977264660743
19.84,-0.39413222647947993,0.008027867922322792,1.0770457365129995,28.613693906101194,77.20977337339998
19.86,-0.34884126899546386,-0.005882851391505527,1.0861025970759548,28.613693579585764,77.20977410265562
19.88,-0.35872385469638113,-0.0002546831219403305,1.0924133683078265,28.61369324928017,77.20977482969306
19.9,-0.38133726909444404,0.04105896878919954,1.1347288953226884,28.61369292288703,77.20977555901972
19.92,-0.3012659932320543,-0.01241217684264035,1.0445267640588933,28.613692608391997,77.20977629509854
19.94,-0.317887333199019,-0.02262711755303818,1.0739658136025718,28.6136922870741,77.20977702734369
19.96,-0.20888158580477686,-0.0231075309898594,1.0828488346434444,28.61369196248001,77.20977775771145
19.98,-0.15601874587494297,0.004983049169460519,1.028974641819874,28.613691648995513,77.20977849434941
20.0,-0.164188030292097,-0.050890343646035625,1.0492489790970814,28.613691339707607,77.20977923328566
20.02,-0.14124738747627022,-0.010206469253986153,1.0193690393311525,28.61369103104424,77.20977997256068
20.04,-0.09201675625486293,-0.019373390033665314,1.0074496080252169,28.61369072240092,77.20978071184656
20.06,-0.02072871636267529,-0.0011450313549237316,0.9942262503943924,28.61369040016716,77.20978144356927
20.08,-0.00644749697916751,-0.0010619859921074547,0.9981860856075437,28.61369008410979,77.20978217877924
20.1,-0.05870981642865388,0.006894825755340886,0.9974360371578542,28.61368977465905,77.20978291762701
20.12,0.007668547372842933,0.01231038046850917,1.0150659509035256,28.613689456986616,77.2097836519332
20.14,0.01787677621926806,0.02283594199228836,0.9711171056355508,28.613689140496028,77.20978438690129
20.16,0.01028623836503156,-0.007073025662796883,1.017000362481891,28.613688816456897,77.20978511758872
20.18,0.013466445510615778,-0.013326475630890485,1.016555808883913,28.6136884941244,77.20978584925498
20.2,0.032090458924436065,0.017052644534143055,1.0061789199850064,28.61368816398896,77.20978657639267
20.22,-0.004229211000450054,-0.03317937915785293,1.0457562884303195,28.61368783562635,77.20978730457125
20.24,0.03436651180293141,0.015147270624177638,1.0246684974619045,28.613687508062696,77.2097880332166
20.26,-0.0030874408041068526,0.002860458174937804,0.9899821770877896,28.61368718715079,77.2097887656927
20.28,0.022533031260775247,0.008980789716707524,0.9762099994811386,28.613686855176205,77.20978949174304
20.3,-0.0028482072031872857,0.007299347605169026,0.9862435378577236,28.613686528015386,77.20979022062319
20.32,0.04076611651519362,0.002728599417987304,0.9883798593317425,28.613686209052695,77.20979095420323
20.34,0.012958351766671481,0.0035432752172479248,0.9634358802560524,28.613685879698927,77.20979168180072
20.36,-0.0019234431594859786,-0.022211768246421907,1.009885457879479,28.613685546143927,77.20979240691054
20.38,-0.023991654308529637,-0.013025163693996492,0.97372277679625,28.613685202545444,77.20979312590934
20.4,0.004124264536442326,0.035546114035851846,1.0046603936540741,28.613684863457397,77.20979384768138
20.42,-0.01638554449826629,0.013457153753717374,1.0187572155907028,28.613684520541124,77.20979456710268
20.44,0.008819998894103141,0.021212060051551386,1.0279895466630462,28.613684168816285,77.20979528098451
20.46,0.01317935746030747,-0.006907436353582672,0.9949717516077451,28.61368382427473,77.20979599939747
20.48,0.020807218123430813,0.0015871893530057207,0.9856744037289142,28.613683477675302,77.2097967165248
20.5,0.01075413301024834,0.01053388202933383,1.0267282305007976,28.613683133932316,77.20979743543397
20.52,0.0016011592502214514,0.02411414945766671,1.0301285319251758,28.613682792673636,77.2097981558773
20.54,0.026491396363860786,-0.003052740822405083,1.0136527676418479,28.61368245661944,77.20979887948818
20.56,0.028809354788025533,0.009541346874187897,0.9861619379382488,28.613682117860687,77.20979960146082
20.58,-0.02105414345405679,0.014213936679776051,0.97366037982407,28.61368178060848,77.2098003243481
20.6,0.0352415561526794,0.01869819167266487,1.0223246839873554,28.613681449243504,77.20980105075965
20.62,0.02458092317948064,-0.004032620804371785,0.9987673690959962,28.61368110885732,77.20980177173836
20.64,-0.017062280069543575,0.025634470791897283,1.0247956519172494,28.613680768145553,77.20980249251747
20.66,-0.03758268348663621,-0.028449161386073764,0.9866956424101969,28.613680437391654,77.20980321929031
20.68,0.024089448198103207,-0.022589762856847544,1.022174027765763,28.613680111016325,77.20980394862721
20.7,0.004124912752548744,0.00961321006830201,1.0281499326241477,28.613679794154116,77.20980468338745
20.72,-0.009106880704897059,0.009085801066202066,0.9951594026739521,28.61367948133791,77.20980542039386
20.74,0.00627852893258678,-0.004698946623972895,1.0061720211101775,28.613679166245927,77.20980615614125
20.76,0.023725565424637857,-0.008845677919233156,0.976776151921317,28.61367884716064,77.20980688965206
20.78,-0.040631546486222365,-0.008579021193779665,0.9772799019696746,28.61367852264479,77.20980762006484
20.8,0.0025236631450719434,-0.017980973476824633,1.006345877361806,28.61367820213466,77.20980835276912
20.82,0.0011480795403862195,-0.0008988015220623146,0.9891968466554225,28.613677883917113,77.20980908676889
20.84,0.029929121187451377,-0.03112095937699263,1.0048141671741722,28.613677562869043,77.20980981916749
20.86,0.016570655542470315,0.022640260468435088,1.0032769161594963,28.613677236285945,77.20981054838369
20.88,-0.03788465296441675,0.0076375035436305715,1.021938781213463,28.61367691060068,77.20981127812074
20.9,-0.11741557062690276,0.02587535846802501,1.0283717774968792,28.613676580808892,77.20981200546068
20.92,-0.149416079145344,0.003220876815273284,1.0450776850507915,28.613676254599174,77.20981273489369
20.94,-0.2267797489824904,-0.000743484699696696,1.0400958755955356,28.613675942225488,77.2098134721436
20.96,-0.2735208868528882,0.0025088903855251545,1.0505903954698836,28.613675623999907,77.20981420613883
20.98,-0.3141375449195081,-0.013990623765089708,1.0532918438851364,28.61367530214869,77.20981493807987
21.0,-0.37817686522067345,-0.024869016038489563,1.0832169093460071,28.613674980923083,77.20981567037744
21.02,-0.4278289823274311,-0.019690153774513944,1.107919186411566,28.613674658573604,77.2098164020339
21.04,-0.46216205552652656,-0.008526050363585062,1.0949932963880424,28.613674328817602,77.20981712939486
21.06,-0.49572226490230004,-0.01766697209315892,1.0899492461913292,28.613673999115502,77.20981785678754
21.08,-0.509174937177495,0.026974364066202808,1.075653007269342,28.613673688020455,77.20981859473865
21.1,-0.5065581845246796,-0.014107392098902511,1.0848594020083768,28.61367339014171,77.2098193397322
21.12,-0.5109124726654055,0.007872502183715886,1.072100140928344,28.613673083534497,77.20982008011654
21.14,-0.4562742922474311,0.01168721663241178,1.067682435179363,28.6136727730765,77.20982081841568
21.16,-0.4753381281706729,0.024748771051293618,1.0760760222638799,28.61367245527636,77.20982155265004
21.18,-0.46701227179517935,0.013633236845153569,1.1157924262372438,28.61367212793082,77.20982228142246
21.2,-0.4705972825570387,-0.0034692457846870386,1.0783049589908138,28.61367179148023,77.2098230047942
21.22,-0.4923910029940278,0.03411941956555565,1.112468221049582,28.61367146401209,77.20982373349514
21.24,-0.45582518589447746,-0.024880231683469787,1.060557447420121,28.61367113783538,77.20982446294728
21.26,-0.5022409771734252,-0.018801531238719447,1.0827792839705954,28.613670817339198,77.20982519565942
21.28,-0.4481755143222146,0.004398422297918245,1.0944139918446778,28.613670495792984,77.20982592777435
21.3,-0.4859486982340168,0.001717557083397083,1.0954432356330448,28.61367018298313,77.2098266647842
21.32,-0.4526491499413414,0.016342522791228237,1.0583400698438936,28.61366986989535,77.20982740164091
21.34,-0.5094050220121027,0.003211038766245542,1.0556845423848604,28.61366956799571,77.20982814453122
21.36,-0.4970517228460082,0.00738069418062973,1.092388495272038,28.613669268361686,77.2098288886108
21.38,-0.5204807785716162,0.019923327087972884,1.0689347163873595,28.613668959233447,77.20982962763358
21.4,-0.4675779866053691,0.0028154719916333353,1.09268904314314,28.61366865453802,77.2098303690413
21.42,-0.48335856145527395,0.013591879740636442,1.108715940603836,28.61366835435797,77.20983111283525
21.44,-0.4480906947971175,-0.015112818061536876,1.0668780444553683,28.61366805335617,77.20983185619815
21.46,-0.4981026111036025,-0.013793374034538862,1.0695559970812123,28.613667751166787,77.20983259893558
21.48,-0.4616812797152012,0.017620695072775715,1.039476372914625,28.61366744693251,77.20983334058897
21.5,-0.48682464117617946,0.002420449507545021,1.0960220453926164,28.613667147884136,77.2098340849742
21.52,-0.49029872703410404,0.0033858844953784982,1.122608144892528,28.613666852771,77.20983483139459
21.54,-0.49421060596167854,-0.01387015650684205,1.0550629496826578,28.613666557210237,77.20983557758511
21.56,-0.5053258883212072,-0.00817380428697915,1.1048792073603926,28.61366625522105,77.20983632042817
21.58,-0.4809379848936717,0.005734094257719602,1.1067090376359106,28.61366595800234,77.20983706576367
21.6,-0.4841951085395533,-0.0060219904293903875,1.0956796754686664,28.613665662073853,77.20983781176504
21.62,-0.519876598651794,-0.0172389237284261,1.0678896515377352,28.613665378874632,77.20983856415043
21.64,-0.5386471966360423,-0.01700644729636237,1.0751318130791103,28.61366509855964,77.20983931793606
21.66,-0.49468287490927615,-0.012746630370985664,1.0910478675006563,28.613664816911353,77.2098400710765
21.68,-0.4651830379147071,-0.0067788723411938406,1.0904623697430451,28.613664529519035,77.2098408213959
21.7,-0.48398152093297825,-0.005530307263852507,1.0749897415837024,28.61366424731401,77.20984157426587
21.72,-0.5144772694015232,0.031367535104953354,1.089208104415857,28.613663963974638,77.20984232658277
21.74,-0.5238998619411286,0.018483486992874307,1.072778010754036,28.613663678842386,77.20984307802021
21.76,-0.46532701670766635,0.005938396138202675,1.0777487523429874,28.613663405576666,77.20984383515722
21.78,-0.4672145716479336,0.037247839364075726,1.0670541434190357,28.61366314068756,77.20984459614729
21.8,-0.364697705573331,-0.0023108567455045127,1.0841186812708177,28.613662872445328,77.20984535561173
21.82,-0.31423445634252883,0.009509685354276633,1.024763119891571,28.613662603799693,77.20984611489112
21.84,-0.2386528591074847,0.006576273060845217,1.0574423805449578,28.61366233452122,77.20984687387957
21.86,-0.2296598487744868,0.009450910351048222,1.0427407319226865,28.61366207144793,77.20984763568656
21.88,-0.14402154114281993,-0.01496843938693962,0.9812830175631129,28.613661818085898,77.20984840175291
21.9,-0.08054099426258182,-0.006088751535105492,1.0351982673885076,28.613661561507044,77.2098491664287
21.92,-0.08101173950050677,-0.016230638425991914,1.0288046112945788,28.613661303805777,77.20984993061457
21.94,0.0026612393076098856,0.008153152042076343,0.9918956313065066,28.61366105917058,77.20985070035279
21.96,-0.0008077327956071958,6.654839166390174e-05,1.00969539657219,28.613660815203367,77.20985147036606
21.98,-0.02127558382900876,-0.03764337658159061,1.0053523011696273,28.61366055923651,77.20985223530795
22.0,0.005286196042603795,0.010271043937257836,1.044637952105183,28.61366029924689,77.20985299848736
22.02,-0.02337982716337405,0.004334729083992854,1.010048427981977,28.61366004526654,77.20985376428797
22.04,0.007643253627216144,0.034084549889859234,1.0021152884724092,28.61365979016492,77.20985452960481
22.06,0.043475188154358184,0.018540268896996715,1.021898926979748,28.61365953644642,77.20985529551804
22.08,-0.0040846697212972224,0.022256734870989118,1.0321538405344337,28.613659271693155,77.20985605656942
22.1,-0.0018978260938218,-0.02257681828030341,1.0414402256651822,28.613659014476177,77.20985682096696
22.12,0.028330165951013977,0.022364486391621818,0.9880487011175737,28.61365874856088,77.20985758149247
22.14,0.02518975850851986,-0.003897927850169724,1.0085955664382884,28.613658490633643,77.20985834557939
22.16,-0.01235290717755732,-0.01383834370684848,0.9875767199601331,28.61365823046853,77.20985910868119
22.18,0.013764311350009016,-0.04690833869135863,1.046423101039774,28.613657965987255,77.20985986985526
22.2,-0.05905259235020486,0.02626740502355989,1.0009461294004836,28.61365769381363,77.2098606275025
22.22,-0.020082366410248704,-0.005691464905579582,1.0191414797527294,28.613657416537727,77.20986138274522
22.24,0.021397626093444425,-0.0024443805809456483,0.9966928837306587,28.61365714939974,77.2098621427145
22.26,-0.010204498317989743,0.006420737357293059,1.0099820602869185,28.61365688225404,77.20986290268026
22.28,-0.004006637532060277,0.037245996046943064,0.9638830622311272,28.61365661170129,77.2098636610804
22.3,-0.018486408740214177,-0.004516717194145638,1.0208034083285307,28.61365633393219,77.20986441608791
22.32,-0.021694524745830997,-0.00030865439369951716,1.0260526871109152,28.613656063673865,77.20986517462427
22.34,-0.04992360043952733,0.01937298012907515,0.98814846849373,28.613655799680863,77.20986593601825
22.36,-0.007263009478711359,-0.005582290622598794,0.9638023994643756,28.61365554549807,77.20986670173166
22.38,0.009312206880568039,-0.01662448108927899,1.0296574517979626,28.613655291317666,77.20986746744609
22.4,0.004937006053102667,-0.043767445843369154,1.0271203698550688,28.613655035320008,77.20986823237456
22.42,-0.016640321492807583,0.02672568127000769,1.0158204652820868,28.613654776943275,77.20986899626438
22.44,-0.028579834750255377,0.004774566567121529,0.9962973793381928,28.613654520350327,77.20986976093398
22.46,-0.007477533320865151,0.010921154751276483,0.9943988961812684,28.613654264516757,77.20987052593368
22.48,-0.026579367129004043,-0.009723463741277997,1.026680653653297,28.61365400939051,77.20987129123984
22.5,-0.015351412957722823,0.013594875887469547,0.993584905481959,28.613653755827627,77.20987205721988
22.52,0.0025821148084457395,-0.011675927317081764,1.0031490454274978,28.61365351464693,77.20987282837132
22.54,-0.017430127181600814,0.00325341213288569,0.9998945000723537,28.613653279953,77.20987360211551
22.56,0.025726297381963335,0.0021560791505723918,1.0065589411481553,28.613653041610384,77.20987437441109
22.58,-0.020916326371669375,0.02258675358373033,0.9978531106714078,28.613652806283966,77.20987514790596
22.6,-0.01209561572063543,0.012940132998226135,1.0001938334142915,28.613652574361286,77.20987592273369
22.62,0.016994619912442374,-0.012530822288212354,1.0358302469827787,28.613652333844087,77.20987669415396
22.64,0.013808488312846496,0.012025503622595104,1.0104949603292703,28.61365208605877,77.20987746258353
22.66,0.01033240093588783,-0.007342419869739369,1.0076533597642436,28.61365184320728,77.20987823305425
22.68,-0.012760963386863612,-0.016244569935829452,1.0164355441207449,28.61365159029766,77.20987899931448
22.7,0.01168256642918394,0.011019593086070242,0.9776236172161163,28.613651338704457,77.20987976613684
22.72,0.015841290998522165,0.003879826578981704,1.0203521296924376,28.613651081734492,77.20988053064212
22.74,-0.044573626723113394,-0.02391859917594715,1.014946156224589,28.61365082499655,77.20988129524855
22.76,-0.10746215893983535,-0.010304072587152845,1.0054365152808005,28.61365057255842,77.20988206171049
22.78,-0.14868046695375534,0.014908195173911547,1.0247417633145932,28.61365031473311,77.20988282584199
22.8,-0.21514529136517516,0.007782299086890321,1.0462187740365443,28.613650062969928,77.20988359259194
22.82,-0.258958678470112,0.008620912766506785,1.0461683499993746,28.61364981226556,77.20988435979193
22.84,-0.3189524107643704,0.03690679754349282,1.0750566265871142,28.61364956158041,77.20988512700006
22.86,-0.40406591361289473,0.019919979287729477,1.0471920158851262,28.613649313492907,77.20988589530309
22.88,-0.43893410013335016,-0.0023357267973224617,1.0486097579837246,28.613649074598847,77.20988666737753
22.9,-0.4390578199087365,-0.008078939870382773,1.0647594387146153,28.613648832274098,77.2098874380634
22.92,-0.5194151288513998,-0.013602600297795711,1.0718066186735382,28.613648583730882,77.20988820617528
22.94,-0.449622301459219,-0.00919565623529179,1.0826834361865518,28.613648334080793,77.20988897382124
22.96,-0.46815645046349674,-0.031982842102140786,1.0733709509468146,28.613648089564293,77.2098897436083
22.98,-0.47998256894370056,-0.024321918099484,1.05625709467344,28.61364783045807,77.20989050717736
23.0,-0.5142752895701387,0.01315522407889344,1.052938881379021,28.613647572901534,77.20989127142644
23.02,-0.4806900264243034,0.03069555195388845,1.0544322472426608,28.613647317010958,77.20989203640134
23.04,-0.4955934981569151,0.0011046499702608728,1.0742330188049645,28.613647080871253,77.20989280957448
23.06,-0.45688746490415116,-0.014052435168279346,1.0637779807865422,28.61364685317263,77.20989358602615
23.08,-0.49400101508037564,-0.06808972971863705,1.072323790759744,28.613646617579157,77.20989435941549
23.1,-0.4861835892955845,0.0340772523395057,1.1065502138870642,28.613646359760743,77.20989512354997
23.12,-0.47574343066073965,-0.026770450441020336,1.0566065704966796,28.613646093338396,77.20989588384508
23.14,-0.4935576015502195,-0.029442194126546122,1.0859920218709345,28.613645833885062,77.20989664726117
23.16,-0.46149522896362133,-0.0059490243531546295,1.056304042937775,28.61364557124402,77.20989740926154
23.18,-0.4865848377693857,-0.0008465181928597167,1.0533013908325048,28.613645311206316,77.2098981724196
23.2,-0.5182838113571145,0.00020726226219762456,1.0874258376263641,28.613645053570824,77.20989893663413
23.22,-0.47765170205368224,-0.017098831235050543,1.0934987266454748,28.61364480469084,77.20989970460447
23.24,-0.46451955246117965,0.008314266473958973,1.0957806241266044,28.61364455231198,77.20990047109169
23.26,-0.4519064175990966,-0.010435318917114793,1.1022192752971411,28.61364430848902,77.20990124116412
23.28,-0.46961365599705057,-0.00993910963138975,1.076454430474244,28.61364408028272,77.20990201742234
23.3,-0.45760433776392223,-0.0055742714686881,1.0854993625332243,28.613643854867856,77.20990279473817
23.32,-0.4708529277343035,-0.013538287203029405,1.072292946518331,28.613643646988905,77.20990357837032
23.34,-0.49985537091524984,-0.02508579197821414,1.1058587992501967,28.61364344467534,77.20990436389027
23.36,-0.4962917212466099,-0.023780173604693283,1.0617736675297977,28.61364323823054,77.20990514801423
23.38,-0.5266423213060769,-0.022103024652720762,1.0900162317588626,28.61364302400847,77.20990592942647
23.4,-0.48500412916932717,0.009121553949442853,1.058695566785795,28.61364280541691,77.2099067092669
23.42,-0.46761063751389914,0.00798237364129379,1.082199818731416,28.613642588405718,77.20990748967986
23.44,-0.5122233809182963,-0.0053751274807654495,1.0478712828706274,28.613642375125465,77.20990827142633
23.46,-0.45478755784738667,-0.004382049683921189,1.0845318924908862,28.61364216821299,77.2099090553903
23.48,-0.4827228853322531,0.023350777472511634,1.1194823363431987,28.613641951094095,77.20990983576438
23.5,-0.49859464435755063,0.01028416305297481,1.0688269359450495,28.613641742615325,77.20991061918971
23.52,-0.5123257295616239,0.031297707603652934,1.0751532066948182,28.613641533282255,77.20991140231939
23.54,-0.44744595581681573,-0.011546229214095675,1.0973340609746225,28.613641319872567,77.20991218402001
23.56,-0.4570250945665053,-0.023299113209659033,1.0808921017105648,28.613641120128122,77.20991297039264
23.58,-0.4887351905788961,0.019938086627937186,1.1044424211832142,28.61364093711426,77.20991376203108
23.6,-0.4620868547655522,-0.00041132117920479036,1.0878715234759835,28.61364074999457,77.20991455242304
23.62,-0.48485817129136505,-0.01605676467445335,1.097510514994847,28.613640572990697,77.2099153458328
23.64,-0.43934823818983326,0.009775972828060878,1.0315567613309395,28.613640393831645,77.20991613861462
23.66,-0.386917043069771,-0.014100327515053537,1.0640613279548152,28.613640220773267,77.209916933153
23.68,-0.32508752728956625,0.013779918924886907,1.0311767584745852,28.613640045848918,77.20991772716098
23.7,-0.2750083462871952,0.009719033419159416,1.0365456404154638,28.613639868115687,77.20991852035914
23.72,-0.21240046672489882,-0.0045192691539856986,1.0441970247649712,28.613639683393707,77.20991931148261
23.74,-0.12805542299792969,-0.033733311374056746,1.0220738541320316,28.61363949559656,77.20992010166604
23.76,-0.06124815874251666,-0.018463275594778002,1.002093939582127,28.61363930624247,77.20992089136719
23.78,-0.07745871109138655,0.030367086350914466,1.033972078092031,28.613639104858436,77.20992167719699
23.8,0.009189225996408187,0.034909554874392755,1.0201443999468114,28.613638910224562,77.20992246523073
23.82,0.004192601678365725,0.05186510292166599,0.9725620316019963,28.613638715228408,77.20992325314826
23.84,0.010609349809051975,0.008007644668142385,1.0152493357038828,28.613638513943048,77.20992403901086
23.86,-0.00900360845463399,-0.021801813921633512,1.0034036687820163,28.61363833107628,77.2099248306934
23.88,0.010882153070337432,0.026780119958423523,1.0047166984161071,28.613638137633078,77.20992561910748
23.9,-0.027593645182523482,-0.005283362125118233,1.0311109261431224,28.61363794534047,77.20992640788671
23.92,0.06764485752470327,-0.013646455571366274,1.0030979077286504,28.613637750079196,77.20992719571903
23.94,0.005812183389228083,0.0066948805364459105,1.0142839481075276,28.61363755823123,77.20992798463874
23.96,0.014600590624124157,0.037938580899385815,1.0042807588944258,28.61363736333633,77.20992877258875
23.98,-0.022365122892992046,-0.0021061819866829124,1.0043905227500567,28.613637166606203,77.20992955994676
24.0,-0.013902963400541313,0.00034003165974029286,0.9814932865727385,28.613636977658974,77.20993034977434
24.02,-0.02937164432977776,-0.03064296064098884,1.0490779419045064,28.613636791763177,77.20993114054093
24.04,0.0291257057782599,0.0021550500669881185,0.9384883442216104,28.613636602378985,77.2099319302327
24.06,-0.02219396003697966,0.013309621031831483,0.9854885903670467,28.613636402820294,77.20993271666649
24.08,-0.003776889100067396,-0.001752888202708381,0.9902249387245446,28.613636205858654,77.20993350394937
24.1,-0.00288881672156761,-0.00026991623373692525,1.0181682558161624,28.613636017836594,77.20993429406337
24.12,0.009464055561455232,0.004502750851508322,0.9717805372942966,28.613635827366014,77.20993508341601
24.14,-0.02584840688724423,-0.020983544356463497,0.9964881952661088,28.61363563898178,77.20993587341806
24.16,0.01719225878759668,-0.045554428118709266,1.015737760275553,28.613635445037882,77.20993666167249
24.18,0.024899622256287748,-0.0020657636686231048,0.9756425486290037,28.61363525625995,77.20993745155258
24.2,-0.013200989810107436,-0.004512367430572929,0.9972608106759623,28.613635076935402,77.2099382442858
24.22,-0.0007318285026756752,0.011400038825858067,0.996638826717172,28.613634886712095,77.2099390337158
24.24,0.01253090537360293,0.04794207197734734,0.9880403547004013,28.61363469977149,77.2099398241627
24.26,0.005111456100744021,0.02592047537432698,1.0007349047933454,28.613634519123,77.20994061650578
24.28,-0.019994389644198782,-0.04113992278700691,0.9914893985854379,28.613634343236082,77.20994141023775
24.3,0.014025278500768954,0.050415667457890126,1.0193525277718731,28.61363415753987,77.20994220106516
24.32,0.030253885161858802,0.013280171985879894,1.010587502558333,28.613633955973,77.2099429868341
24.34,0.030191033486107823,-0.005293576613966684,0.9963130919174906,28.613633759859542,77.20994377439166
24.36,0.011505498667245435,0.029527774191812003,1.0013177222934166,28.61363356509307,77.20994456238286
24.38,0.015319458163091227,-0.051062496094419825,0.9922186224652142,28.61363336810145,77.20994534965598
24.4,-0.0077837616223205555,-0.010890611466785318,1.0267353401930994,28.613633184019747,77.20994614097303
24.42,-0.01834475831664179,0.003941632339642954,1.0090444155333096,28.613633003488857,77.20994693335086
24.44,-0.0013741513340912409,0.0013464513914419397,0.9972007185913396,28.613632809843597,77.20994772170054
24.46,0.04528872295891775,0.030281555895233507,1.0087712815119152,28.61363261845066,77.20994851076361
24.48,-0.010619936991172252,0.02360980737161357,1.0377755956752994,28.613632418319167,77.20994929700846
24.5,0.008688263008682988,0.013642472707658601,0.9862907273658668,28.613632218655386,77.2099500834076
24.52,0.007555251604022986,-0.005539277082405233,1.0176911001012743,28.61363203372564,77.20995087446803
24.54,-0.007486398385084375,0.01922664871413535,1.0082847101727115,28.613631841915826,77.20995166339974
24.56,0.029672514873306667,-0.011961291145307763,0.9956773248532472,28.613631652519327,77.20995245308764
24.58,0.03177620827614899,0.015446407635469585,0.9854074885155096,28.613631453216925,77.20995323960571
24.6,0.000188430416194367,-0.014579551978921568,1.0260723243423644,28.613631252519422,77.20995402566332
24.62,-0.12227354154924858,0.005883878463425239,1.0235934776202584,28.61363105177807,77.2099548117064
24.64,-0.15131619800928392,-0.029116365703011838,1.055542680955459,28.613630847788524,77.20995559666362
24.66,-0.2108396795601233,0.020710376069219685,1.058914946001025,28.613630641182514,77.20995638073238
24.68,-0.27949184279495926,-0.0088914797207415,1.0504534101229646,28.61363044654357,77.20995716876443
24.7,-0.33224003088789605,-0.027380826786086058,1.0388931095817406,28.613630244576793,77.20995795440008
24.72,-0.3687324879736171,-0.01927312055124999,1.1033083645422828,28.613630042837435,77.20995874011155
24.74,-0.4345602521229962,-0.006129166536587005,1.0587252526905637,28.613629840910942,77.20995952576062
24.76,-0.4979675438581108,-0.018244198036084364,1.0966110474296187,28.61362963610222,77.20996031044099
24.78,-0.47590275589154896,0.014403348764147368,1.0445650935215467,28.613629425073984,77.20996109298
24.8,-0.5004999303358405,-0.005554707777329852,1.111413230867695,28.613629206809478,77.20996187293919
24.82,-0.4877015393694459,0.01869940716050194,1.0393221608606162,28.613628983990765,77.2099626512256
24.84,-0.47113920564849815,-0.005658077232044942,1.0737292727027061,28.613628773134916,77.2099634338249
24.86,-0.4810763197953988,0.014341580581313948,1.058756877549465,28.613628562766618,77.20996421659443
24.88,-0.483522839357518,0.0001796944923955815,1.1079102077643728,28.613628358839506,77.20996500157268
24.9,-0.44219729716927636,-0.005187530132140835,1.0651565561389191,28.613628153677613,77.20996578613332
24.92,-0.4503219687371838,-0.02081262659377135,1.0905759672832154,28.613627949884595,77.20996657115676
24.94,-0.47672528720578083,0.001357044836191005,1.0853392048357862,28.613627732103712,77.20996735129133
24.96,-0.4986607714233168,0.014707919853906723,1.0510991725884082,28.613627523678904,77.20996813473518
24.98,-0.4621592406086191,-0.013750247427203661,1.1005794381993765,28.613627315184537,77.20996891815501
25.0,-0.42785083882083524,-0.00024940813940132117,1.0796803608355237,28.6136271059122,77.20996970130564
25.02,-0.4510745804367285,-0.011031548891116657,1.1101528801558347,28.613626899848807,77.20997048555964
25.04,-0.5043768455495331,0.03872434568411874,1.0922698987143065,28.613626693943974,77.20997126986767
25.06,-0.4823272475825036,0.0062398485738179065,1.0647993818303687,28.61362647334237,77.20997204897317
25.08,-0.49303409466891995,0.0017988774649768406,1.0759773523977385,28.61362625026306,77.20997282716269
25.1,-0.49689586835754207,-0.009715063393918895,1.0754071399724605,28.613626016882336,77.20997360142192
25.12,-0.4556735402482319,0.017678470024582848,1.0955599249097683,28.613625786698496,77.20997437692199
25.14,-0.4560951113711142,-1.3571933406820558e-05,1.094903949271518,28.613625551263766,77.2099751503739
25.16,-0.4428655896101722,-0.0012981537042062845,1.0665359029942147,28.613625321341953,77.20997592597482
25.18,-0.4648074472011042,-0.0014657631667196237,1.0989433147091707,28.61362509736622,77.20997670383014
25.2,-0.4792700122748302,-0.02211954357430097,1.0881318782587763,28.613624885590337,77.20997748610698
25.22,-0.4746165918089101,0.029916771997681245,1.0933878363945497,28.613624681147044,77.20997827091097
25.24,-0.4964860577326674,0.01839214763258301,1.0903565810938418,28.61362447631814,77.20997905558447
25.26,-0.45097243806997245,0.00017839743694523857,1.0965803912774175,28.61362426086444,77.20997983655705
25.28,-0.49319852849649587,-0.0020620532725452887,1.061343763871794,28.61362404620923,77.20998061781489
25.3,-0.4865465920814128,-0.017631883404116238,1.083801716467864,28.613623829962343,77.20998139850296
25.32,-0.4844482997258589,-0.029520357787152153,1.1001483735588955,28.613623605878107,77.20998217631772
25.34,-0.5397942067282866,-0.017619000246025886,1.1023144192565746,28.613623384004885,77.20998295495451
25.36,-0.46102318477013304,0.02287257472871276,1.1022835566719067,28.613623168814286,77.20998373602121
25.38,-0.49732915937108885,-0.007733961765907589,1.0622815344329142,28.61362295954302,77.20998451917218
25.4,-0.4645846238689061,0.021647781166464087,1.1215649465456223,28.613622742576283,77.20998529960103
25.42,-0.48734562823856,-0.000600030424405111,1.1153016933536997,28.61362252461957,77.20998607967185
25.44,-0.48752280349405297,-0.017368269391905066,1.0626896786551423,28.613622305672774,77.20998685938281
25.46,-0.5005858521072085,-0.014680105334777982,1.074019530023594,28.613622092835765,77.20998764128586
25.48,-0.4506056541806307,0.004931991638185274,1.0937029718458662,28.613621870797633,77.20998841986165
25.5,-0.3929969984448076,-0.03238984704634385,1.056682299160982,28.613621636171832,77.20998919363241
25.52,-0.35207122514985756,-0.015340712713208695,1.0738566747031726,28.613621400369848,77.20998996693909
25.54,-0.31361405518646346,-0.009072201450621185,1.0575678254478187,28.61362115834478,77.20999073774695
25.56,-0.2630492029082146,0.016410972668006445,1.0702182738275847,28.613620920688327,77.20999151031663
25.58,-0.19087900261420196,0.005658857737173984,1.0441499230889788,28.613620674408175,77.2099922793736
25.6,-0.16197195500649655,0.0037479722998751477,0.9860559717984432,28.613620424246236,77.20999304680309
25.62,-0.07995233138428881,0.009267606087795633,1.0350307186169077,28.613620182392037,77.20999381768053
25.64,-0.07240530675988101,0.020682334618120125,1.03348147047135,28.613619937480852,77.20999458730455
25.66,0.019631646651945094,0.0010113602641658563,0.9987384100321766,28.61361968955172,77.20999535567368
25.68,0.025701856474949342,-0.020685636276439885,1.0029575721778037,28.613619440397695,77.20999612352853
25.7,-0.0219622624442165,0.003757840457485569,1.0030217056237163,28.613619187819236,77.20999688993024
25.72,-0.016780580718122506,-0.016807865282776852,0.988293603543364,28.613618935555785,77.20999765646657
25.74,-0.000889421595808881,-0.04138139407649852,1.0493900078935572,28.61361868452656,77.20999842352848
25.76,0.008462447347036413,0.00377866820628534,0.9843519448180832,28.613618431816416,77.20999918987386
25.78,-0.012351899619063314,0.01033458038251605,1.0185589605026244,28.613618181460534,77.20999995722127
25.8,0.0018439383317546102,0.006937299327331333,1.018466948835324,28.613617935473787,77.21000072640005
25.82,-0.04132429262019771,0.01010674169803397,0.9908427903363733,28.613617682004637,77.21000149242009
25.84,0.015299846912068173,0.02229360962409611,0.9812721886342861,28.61361743239589,77.21000226008326
25.86,0.016240701337894205,-0.019381403163842723,0.9978705136344751,28.613617183871295,77.21000302820272
25.88,0.03041999298278751,-0.007760076452562298,1.013945898570457,28.61361693858435,77.21000379767143
25.9,0.011475475448560394,-0.02574185661598519,1.006135650717334,28.61361669918583,77.21000456954285
25.92,-0.007401373044795505,0.008986846199039989,1.036317056473707,28.613616449368884,77.21000533711812
25.94,-0.02028655777284437,0.0245762623070675,0.9882470859032708,28.61361620928741,77.21000610871424
25.96,-0.016262779634870987,-0.010889509096269186,0.9887323482514745,28.613615966516843,77.21000687921779
25.98,-0.001776412988517387,0.014446123908208215,1.0176336291800596,28.61361572463118,77.21000765008237
26.0,-0.016936749575954774,-0.015387083233289417,0.9666337729162932,28.61361547950874,77.2100084196191
26.02,-0.015368435074864871,0.012909709677921004,0.9887376170293127,28.61361523553794,77.21000918963055
26.04,-0.0007554713886901965,-0.04467706727355194,0.9973878358419049,28.613614988241174,77.21000995826405
26.06,-0.03223209288950467,0.030452797833463444,0.9997150473823796,28.613614739035366,77.21001072609705
26.08,-0.019815267458979127,-0.02180547328555005,0.9898461515089535,28.61361448586622,77.2100114922458
26.1,0.0043686899011536945,0.0033788634928086938,0.9635167167021723,28.613614221009005,77.21001225324993
26.12,0.005329997345556151,0.02809609103871044,1.0282937203604627,28.613613968669036,77.21001301975353
26.14,0.017297660643936775,-0.023360483836634822,1.027238853262668,28.613613715782343,77.2100137860233
26.16,0.0030989712165366834,0.03519094543659124,0.966709771842584,28.613613469592917,77.2100145551179
26.18,0.0006184964134679568,0.04206175457336458,1.013476673005798,28.613613228302206,77.21001532622438
26.2,0.01274062121207457,0.013779670933631223,0.9972982391791595,28.6136129934675,77.21001609991285
26.22,0.003806035797367265,0.00033620287143787365,1.0111892759387269,28.61361276061804,77.21001687437952
26.24,-0.019442114120999377,-0.0036960892994766883,1.0056119865036917,28.613612520154007,77.21001764582101
26.26,-0.015991103959774933,0.011484809967648257,0.9708548577538416,28.613612282251,77.21001841829217
26.28,0.033531531339032895,0.014923812815124414,1.016040598705419,28.61361204200373,77.21001918982128
26.3,0.06433967173580377,-0.04026144380146554,0.9889605522446304,28.61361179569233,77.21001995886519
26.32,0.014722011116819301,-0.005696637905039443,0.9480725693776426,28.613611555139283,77.21002073027066
26.34,-0.020168277801153402,-0.011694228074294124,1.0039840518526086,28.61361131999538,77.21002150383724
26.36,0.03797930669383224,-0.014588622067996453,0.9687362130842367,28.61361108484931,77.21002227740297
26.38,-0.008604706706785018,-0.014194232533374634,1.0228954612428858,28.613610861976507,77.21002305566915
26.4,0.00849815265068786,-0.02588230949442666,0.9941796889231895,28.613610625422258,77.21002382867758
26.42,-0.00040804214252088486,0.030997434083185293,1.0015784920226625,28.613610388829695,77.21002460167078
26.44,0.0037196223298941737,-0.01174620395696375,1.0103936354969698,28.613610148443584,77.21002537314376
26.46,-0.05100358281766758,-0.002896797659006709,1.0109876076766038,28.613609909381328,77.21002614515035
26.48,-0.05843818122098049,-0.006250094969979226,1.005957184036036,28.613609666013073,77.21002691540914
26.5,-0.13028279891725197,-0.010975122398379734,1.049258277324141,28.61360942382379,77.21002768614997
26.52,-0.15653778625977152,0.008339451259603068,1.033384463123037,28.6136091778607,77.2100284553385
26.54,-0.19916815104191427,-0.006244348381719441,1.0219606341300265,28.613608923162413,77.21002922082927
26.56,-0.25539620131509516,0.012107467885738061,1.0604289547319636,28.613608683323072,77.21002999252303
26.58,-0.32547981151097105,0.03140101794940225,1.060612024843332,28.613608438975355,77.21003076237935
26.6,-0.35413178548222285,-0.022003458218098723,1.0706520475147332,28.613608198208706,77.21003153369831
26.62,-0.3655419175422712,0.006456336762535035,1.0825150112006232,28.61360796493677,77.21003230799997
26.64,-0.3736330857669248,0.0058648809395793755,1.0811195656907955,28.613607741501028,77.21003308605664
26.66,-0.39608204163345334,-0.023507811264381947,1.1091497105447052,28.613607517398577,77.21003386386447
26.68,-0.37890735249667373,0.012923297437763395,1.0639790583451665,28.6136072913716,77.21003464094936
26.7,-0.37558833103399575,-0.0052459460388281426,1.0383837204597233,28.613607069617697,77.21003541963013
26.72,-0.3681261693604756,0.03158593153127935,1.080011759745952,28.61360685648279,77.21003620142777
26.74,-0.343376089729982,0.019980026609252497,1.096636927071659,28.613606642560995,77.21003698294648
26.76,-0.42543889365296206,-1.0084197474708197e-05,1.0487161713647937,28.61360642816307,77.21003776429586
26.78,-0.35556747954970874,-0.00432794344015748,1.0872906187589793,28.61360620964453,77.21003854416257
26.8,-0.37543767020496016,0.03465177887119513,1.0518673625193593,28.613605986425135,77.2100393222998
26.82,-0.40038677549420704,-0.011586162821963277,1.0968751992573695,28.61360575526579,77.21004009742313
26.84,-0.3764836970144977,0.00528915554889246,1.0802157762545785,28.613605519525475,77.2100408707541
26.86,-0.3508531565954142,-0.0013025071382048474,1.0624027819316533,28.613605294896672,77.21004164836486
26.88,-0.34486750586473647,0.02389727342232874,1.0479293792176811,28.613605070331243,77.21004242599939
26.9,-0.40020461146324054,0.025434181854415337,1.1236215715764826,28.61360483895048,77.21004320103697
26.92,-0.39675343769918037,0.010847927692797861,1.1261048874690434,28.613604601808067,77.21004397381147
26.94,-0.4056413466182868,-0.010556101288284712,1.0584187028992975,28.613604348254057,77.21004473979497
26.96,-0.375121013113858,-0.003129933931762351,1.0579477164842421,28.61360408873116,77.21004550318008
26.98,-0.37413434228520764,-0.02460434426957131,1.0815816649932046,28.613603838256708,77.21004627047718
27.0,-0.3600315277203322,0.004977770462889347,1.0722878512122513,28.61360359845704,77.2100470421869
27.02,-0.3709551489564807,-0.016131713549435493,1.0734783301524007,28.61360335827836,77.21004781374367
27.04,-0.3619114810860993,0.04477665789769621,1.085674667396206,28.613603117077854,77.21004858488669
27.06,-0.40752034877727855,-0.010953092045744947,1.1183548615164054,28.613602879593376,77.21004935752487
27.08,-0.34472609862709647,0.020515788596684317,1.1072421277532278,28.61360263690593,77.21005012806229
27.1,-0.3538367629491906,0.030569675930996125,1.07359488462359,28.61360241130062,77.21005090530613
27.12,-0.3903653695319988,0.01657673770404077,1.094442277456046,28.61360218886338,77.21005168373392
27.14,-0.395525858943378,-0.010132756851417693,1.0430590937233388,28.613601982083228,77.2100524677429
27.16,-0.3648568731047452,-0.01156181873151298,1.082717997737278,28.613601780484597,77.21005325350102
27.18,-0.4110138538152474,0.05888232017965201,1.0752670219005829,28.61360158128232,77.21005404005177
27.2,-0.3944855674676802,0.039478918028447045,1.0992690935046463,28.613601374832463,77.21005482417368
27.22,-0.40033662136941783,0.006069429134116828,1.0924386073205326,28.613601176808146,77.21005561111032
27.24,-0.38171801128986843,-0.0067674436556857025,1.0861775684309745,28.613600979728083,77.21005639835448
27.26,-0.38866084936116335,-0.017400230396354802,1.0892049083056177,28.613600786271807,77.21005718676412
27.28,-0.39548972890924267,-0.012395744940921511,1.0713291196051304,28.61360059365918,77.21005797544174
27.3,-0.3974547638625472,0.014206166598875681,1.0993528969081159,28.613600403734935,77.21005876496491
27.32,-0.3925624573967783,0.04625821259521747,1.0892027400829,28.613600215567754,77.21005955503382
27.34,-0.40358338345231104,-0.0023759801494433515,1.0767550689228909,28.61360003192463,77.21006034648285
27.36,-0.32673001967268456,0.023969530721987934,1.0730859604827765,28.613599845713576,77.2100611371529
27.38,-0.2728623852575536,0.017969748773885928,1.079104019119003,28.613599651862398,77.21006192543666
27.4,-0.24515686434219447,-0.005849606702368223,1.0721071933707345,28.613599457721524,77.2100627136279
27.42,-0.18333354609807478,0.01998144705707733,1.0375996460449932,28.61359924972464,77.21006349721911
27.44,-0.18560295398147098,0.020602797121651632,1.0176812065003888,28.613599041187513,77.21006428062397
27.46,-0.1415670178731483,0.018336177917677634,1.0175537025575219,28.613598827113766,77.21006506208862
27.48,-0.07555049985293451,-0.008252171486958323,1.0096952177614502,28.613598618258187,77.21006584538338
27.5,-0.03075322781621773,0.014342201897338218,1.0113539340999682,28.613598410194207,77.21006662895147
27.52,0.00030583990591614367,0.023780881084576017,1.0239484067890983,28.61359820426637,77.21006741325145
27.54,-0.0004963924449225636,0.019115129725232445,0.9905893492069755,28.61359800677185,77.21006820036081
27.56,-0.021322748042616878,0.021556328807751365,1.007760384464267,28.613597814592833,77.21006898917565
27.58,-0.05321045990786542,-0.004060449559470671,0.9963154555526446,28.613597619940446,77.21006977720316
27.6,0.011151748113493622,0.021450930238892975,1.0003822611254014,28.613597416422444,77.21007056231895
27.62,0.019636475457667835,0.025801300717533563,1.0060592383382538,28.613597209037582,77.2100713461206
27.64,-0.008722737873236148,-0.009138308667383218,1.0240318214979658,28.613596999340434,77.21007212912355
27.66,-0.011042401631771767,-0.027681324074987797,1.0049469228049916,28.613596795547362,77.21007291414674
27.68,-0.013175553848044768,0.03271171997952557,0.9483686188842944,28.613596588410793,77.21007369803357
27.7,-0.007503701242906569,-0.009250615802513962,0.9960176392833741,28.61359638563102,77.21007448339716
27.72,0.020124791135167592,-0.014851731944461346,1.031382067559879,28.613596190947575,77.21007527141471
27.74,-0.01869482410483604,0.004245826429584635,1.02284166005329,28.613596002492184,77.21007606139445
27.76,0.01290939049898009,-0.0053995013151796134,1.0158125723340499,28.613595814869505,77.21007685163133
27.78,-0.009954535180692567,-0.038524639034449935,1.0235867531675384,28.613595630995388,77.21007764301072
27.8,-0.03988042707530475,0.017836363561409448,1.0164804569207369,28.61359544512412,77.21007843378449
27.82,-0.0068657299830216754,0.017335755511741473,1.0231989865740767,28.613595261876732,77.21007922535249
27.84,0.03278847883409234,-0.02062735602495774,0.9776499411938273,28.6135950766993,77.21008001633744
27.86,-0.013707502642349843,-0.0005092222152898284,0.99880281710973,28.613594893682762,77.21008080797473
27.88,-0.0047442675473202515,-0.020344303482478822,1.0029510838654325,28.613594711003017,77.21008159971296
27.9,0.00016169195692734945,-0.017175316651662057,1.0010809348857934,28.613594535149822,77.21008239345433
27.92,0.003947191703178468,-0.012038113866943027,0.9884586543071004,28.613594349314393,77.21008318423901
27.94,0.030846903657356983,0.010571510141502592,1.0029264080724516,28.613594174822808,77.21008397837019
27.96,-0.015858748275098176,0.04022375366421677,0.9659953463323762,28.613593983032004,77.2100847673076
27.98,0.00021255966125070862,-0.008265053879074892,1.0090633222502334,28.61359378796173,77.21008555520099
28.0,0.015172943511876548,0.01677917742308727,0.9865242597741783,28.613593603723455,77.21008634647046
28.02,-0.014282275333281632,0.015952597910781578,0.9564791857173335,28.61359341879783,77.21008713753184
28.04,0.001461840699277621,-0.0425953652506699,1.0003302802359844,28.613593232328387,77.21008792812283
28.06,0.01964235750693854,-0.027700214720076458,1.0309622949477704,28.613593035520765,77.21008871545537
28.08,-0.010395545365071176,0.04092563312578159,0.9619826378957991,28.613592848053816,77.21008950574019
28.1,-0.0034644968652645185,-0.010124174351078066,0.9951391256710069,28.61359266995335,77.21009029883109
28.12,-0.023031583555949302,0.009061544535047884,0.967557783889842,28.613592489453207,77.21009109121772
28.14,0.018938369474706215,0.0067359290455688385,1.0051410845344226,28.61359230760881,77.21009188320542
28.16,0.0031710643456422175,-0.04256126598697018,1.0174208246229801,28.613592115583153,77.21009267206868
28.18,-0.008508082190985805,-0.013640939456275819,0.9838151883322859,28.613591930479405,77.21009346307599
28.2,-0.006166604399013973,0.014533230042382024,0.9915277421846788,28.613591752887153,77.21009425631475
28.22,-0.00018043761146749812,-0.018755932487108558,0.9970263504319169,28.613591562303572,77.21009504563166
28.24,0.006683738645978099,-0.007561937083696562,1.024788171445705,28.61359137203575,77.21009583504743
28.26,-0.013054502262552352,-0.02408179031682952,0.9720365699749625,28.613591186939214,77.21009662605692
28.28,-0.011481813191828522,-0.016810415205880398,0.9909224856643933,28.613590996946655,77.2100974155587
28.3,-0.005266569052052897,-0.010534783817638197,1.0314141948586413,28.613590821206927,77.21009820933264
28.32,-0.04394038447101076,-0.03718326074382304,0.994341794835465,28.613590642832452,77.21009900234363
28.34,-0.06180288162041872,0.023431180209404538,1.0098877471020398,28.613590468860856,77.2100997966228
28.36,-0.156937093956628,-0.02777182461552542,1.0302692686646167,28.61359029839254,77.21010059188703
28.38,-0.22090266666901293,-0.003448531236758919,1.0820989921774364,28.613590118895317,77.2101013845692
28.4,-0.20680546844706607,-0.014897544874747901,1.0220969779050244,28.61358993641321,77.21010217636653
28.42,-0.2993229548571871,0.02153706397900449,1.0684405208324705,28.61358976178148,77.21010297045771
28.44,-0.2993745728288946,-0.024647640069653805,1.0384663648052805,28.613589586790994,77.2101037644464
28.46,-0.35081462316927997,-0.0156412656247933,1.0509601236900825,28.613589410985114,77.21010455820132
28.48,-0.4117610274808557,-0.026742639013589652,1.0697311901413387,28.61358923700639,77.21010535247846
28.5,-0.398337186407731,-0.048161975632969554,1.0892968593551111,28.61358906973128,77.21010614862205
28.52,-0.4592785117053074,0.01018178662115091,1.0690051725768297,28.613588900871505,77.21010694433143
28.54,-0.4496945812724564,0.0006460280207508345,1.0826582983178297,28.61358872712061,77.21010773867329
28.56,-0.41696477387046904,0.004381666307264504,1.0656500691132245,28.613588550207545,77.21010853210893
28.58,-0.4303825437234385,0.016209724952585425,1.081629763972387,28.613588378264048,77.21010932696095
28.6,-0.43834805460729814,0.0021620252625033083,1.0540459681450698,28.613588207421593,77.21011012212097
28.62,-0.4064876344591636,-0.008880271905137764,1.0545432191838637,28.613588052033204,77.21011092138401
28.64,-0.417496939539283,0.005192723306367202,1.0697292938923617,28.613587885450375,77.21011171771592
28.66,-0.40166074948495606,-0.010129763496232836,1.0922216665518911,28.613587723076353,77.21011251517504
28.68,-0.4300850409828797,0.022247021548464366,1.0838759271826324,28.61358756434609,77.21011331358551
28.7,-0.4229755912320923,-0.007241546851178263,1.0645125385422611,28.61358741484266,77.21011411430372
28.72,-0.391854346421848,-0.0023847083475505627,1.0573686108141656,28.61358725929327,77.21011491352613
28.74,-0.44831487931663944,0.012731421553403562,1.1006762087017201,28.613587096539113,77.21011571088468
28.76,-0.42437059291314355,0.04672228287700623,1.1072648651648291,28.61358693777541,77.21011650928651
28.78,-0.4401351510387623,-0.020443661628733584,1.0901544876829974,28.613586786996766,77.21011730969438
28.8,-0.38873728967476634,-0.02436714310763003,1.0871108501074973,28.61358663607435,77.2101181100671
28.82,-0.3745319543042298,-0.00490006010316168,1.037244022900746,28.61358648746683,77.21011891100169
28.84,-0.4184496554353669,-0.014964586815288361,1.0918727892875126,28.613586333630085,77.21011971065411
28.86,-0.4127940803869789,0.013999261326468839,1.1117682958091148,28.613586180715107,77.21012051053592
28.88,-0.4247212981573176,0.003948839524677207,1.1014442606886632,28.61358602922253,77.21012131076884
28.9,-0.425493891060405,-0.022389044371865396,1.100361133481182,28.613585873023524,77.21012210982681
28.92,-0.42097596807259247,0.01498921079381654,1.0468935255920817,28.613585727898545,77.2101229115896
28.94,-0.4496261358643254,0.036953382042371107,1.0659137558099971,28.61358558496511,77.21012371386307
28.96,-0.4094411508238856,-0.015980594480777637,1.0771032102093976,28.613585440678477,77.21012451582216
28.98,-0.44235438665923416,0.0065053040835234945,1.0657671028702853,28.613585299404868,77.21012531847703
29.0,-0.4297240436487083,-0.04389343358765548,1.0568024993070408,28.613585156153746,77.21012612067696
29.02,-0.4219834189532648,-0.0073621533012140266,1.0883823174531386,28.613585011342384,77.21012692251331
29.04,-0.4378900219276087,0.006193261199311636,1.0999348300329443,28.613584860348645,77.21012772286856
29.06,-0.41069169381222287,-0.0028271635423190267,1.0520720286909058,28.613584711283096,77.21012852369269
29.08,-0.4321555289732329,0.0022517451981412147,1.1007583573708113,28.613584576537725,77.21012932780276
29.1,-0.4013357640988465,-0.01556097265074464,1.0844650610024626,28.61358445273259,77.21013013419187
29.12,-0.4400712270436851,0.025200354788427397,1.112460665898126,28.61358432564717,77.21013093991854
29.14,-0.4259847579144664,-0.008213134054769282,1.0958966162758457,28.613584197278694,77.21013174538125
29.16,-0.4440846195940602,-0.02458921569445853,1.082597876169028,28.61358407050764,77.21013255117218
29.18,-0.40299747124203245,-0.0007760567650969952,1.0827546218535553,28.613583944821094,77.21013335718352
29.2,-0.4288653441647979,0.018458104180387982,1.0800426054506331,28.61358382372249,77.21013416410575
29.22,-0.386828737533573,0.011089525196339798,1.1074826691737936,28.613583707192355,77.21013497190037
29.24,-0.33252456186161555,-0.010354644175777526,1.0744633109854647,28.613583594543258,77.21013578040906
29.26,-0.2839550619043346,0.035463201991743715,1.0459736337897798,28.613583483876557,77.21013658927292
29.28,-0.2266976182633949,-0.0014947493171269133,1.055830024791346,28.61358337234347,77.21013739798235
29.3,-0.1770607253485699,-0.0342469367986758,1.044877301520662,28.613583261354275,77.21013820678887
29.32,-0.14391402834777678,0.011887647415477837,1.0182102996725932,28.613583152691035,77.21013901600512
29.34,-0.09470364511883878,-0.0027465525429673852,1.001374815605045,28.61358303908826,77.21013982434063
29.36,-0.10909930258148073,-0.0014809534837172654,1.0325279708399198,28.61358291932279,77.21014063152099
29.38,-0.00904015346116088,0.017776316313552264,0.9947520662203754,28.61358279008222,77.2101414368027
29.4,0.028613706330385014,-0.005220484274668859,0.9936290302189995,28.613582662174498,77.2101422423605
29.42,0.008973904004371105,-0.005803510787958133,1.0116363753582645,28.61358253794935,77.21014304866577
29.44,-0.02146270853346253,-0.02507049097540045,0.9896444724874108,28.613582414174722,77.21014385506093
29.46,-0.007750355658171032,-0.010588848873741919,1.0045728027776022,28.613582294285344,77.21014466221742
29.48,-0.01193399951678289,0.004899538032900678,0.9923951447079424,28.61358217450836,77.21014546939556
29.5,0.02140217685979747,-0.011757719668538199,0.9484143920442341,28.613582051848248,77.21014627601167
29.52,0.01937233020126338,-0.033387498845086704,1.007727006268548,28.61358192843409,77.21014708247851
29.54,-0.015620152121520424,0.013029822986419812,1.0052364586900842,28.6135818061634,77.21014788917134
29.56,0.00019752125280042202,0.01384958470300718,1.0070765187048143,28.613581679372466,77.21014869495819
29.58,-0.022675537130516333,0.01400012619744038,0.9584890301058611,28.613581540741073,77.21014949821061
29.6,-0.01253230618145885,-0.018510846967664737,0.9729864805713333,28.613581407103275,77.21015030256046
29.62,-0.011795109595956307,-0.0004128242679242115,1.023250428996977,28.613581271105648,77.2101511063969
29.64,-0.014045245156152837,0.004792911497793192,1.001478037351981,28.613581136453536,77.21015191052722
29.66,0.007324090764739446,0.011891856832361792,0.9621299426446552,28.613581007763514,77.21015271592331
29.68,0.026982889484952366,0.01233855021373651,1.0016918013257623,28.613580884164563,77.21015352235344
29.7,-0.001205465435558854,-0.028256203598843756,0.9686040572631048,28.61358076344401,77.21015432934914
29.72,-0.021098912871412346,0.03444286451712382,0.9885341129242687,28.613580631593358,77.2101551340816
29.74,0.004162134918102205,-0.024169489905032426,1.0050715921281441,28.613580493015277,77.21015593734596
29.76,0.00418947795686054,-0.03262327978157724,1.0051004624988904,28.61358036074156,77.21015674198833
29.78,-0.0037749566502674483,-0.058674689859490425,1.0201370892882526,28.61358022462308,77.21015754579821
29.8,0.0371822960928233,0.013970622421550673,1.0093054419175431,28.613580095361247,77.21015835107548
29.82,0.00488254041772163,0.02897690062362318,1.0105655104998645,28.613579970529486,77.21015915725914
29.84,0.01147643693784107,-0.012649228148509186,0.9923705897392884,28.613579836416392,77.21015996150632
29.86,-0.04484419800545289,-0.035359728751995584,0.982992017891718,28.613579688327135,77.21016076256541
29.88,-0.019257827192484166,0.017490760188670098,1.0009784446372803,28.613579553579658,77.21016156667498
29.9,0.010278181300284598,-0.02595755973442938,1.0204018511593258,28.61357941861502,77.2101623707373
29.92,0.00567630870863373,0.012379806585076505,1.016521300007712,28.613579280774196,77.21016317416623
29.94,-0.007569878512227562,-0.018489686306159967,0.9959778729671784,28.61357914487029,77.21016397802322
29.96,0.00907130158034255,-0.008781541230593938,0.9988071719387628,28.613579007974245,77.21016478166173
29.98,0.0185460038447427,0.006384902260250393,0.9819523702660327,28.613578873940845,77.21016558592615
30.0,-0.009456528416865829,0.006532901987731209,1.023010131511311,28.61357873548042,77.21016638921682
30.02,-0.012460026317860478,0.002135079314322048,1.0323023912815943,28.613578599430706,77.2101671930418
30.04,-0.005119678491513013,0.029403534459690312,1.0087865688431055,28.613578459436447,77.21016799598743
30.06,0.009962743805593319,0.03428653669354186,0.9672862716296026,28.613578312503144,77.21016879732267
30.08,-0.01145190472815772,0.035846445032029675,1.0134679824734198,28.613578159631686,77.2101695972152
30.1,0.017058366842472524,-0.003521356236149329,1.033090566146646,28.61357800805248,77.21017039742678
30.12,-0.009640251972612809,0.002121609923125568,0.9776301020784406,28.6135778723648,77.21017120133115
30.14,-0.011191269321393705,0.027565616274931627,1.016916939323602,28.613577733221636,77.21017200446872
30.16,0.04692898713729429,-0.013034267457856248,0.9962398301586465,28.613577604285346,77.21017280981368
30.18,-0.07384982911791638,-0.008595108249049068,1.0337657934040438,28.613577472081744,77.21017361447097
30.2,-0.08268193268895951,0.0004169920050477888,0.9946223416036752,28.613577337175833,77.21017441854606
30.22,-0.18360323359667213,-0.00038581115157312635,1.0179933226849545,28.613577203733385,77.21017522293796
30.24,-0.18346903295243333,-0.005728079507004208,1.0041971184532628,28.6135770698191,77.2101760272281
30.26,-0.19195484017697972,-0.018699599000473577,1.05123518606869,28.6135769256476,77.210176829214
30.28,-0.27380803516000224,0.017085222680472332,1.0643953783461175,28.613576772368134,77.2101776290052
30.3,-0.31734564732864634,-0.007747737494995092,1.0691015795923533,28.613576621556852,77.21017842940502
30.32,-0.395186821574405,0.003127110466338335,1.0607966959398727,28.613576484049208,77.210179232908
30.34,-0.42357795180239494,-0.00014050839125571374,1.0712117238045695,28.613576335477998,77.21018003385126
30.36,-0.4374501621206435,0.013508055438164704,1.0734559399921626,28.61357619802014,77.2101808373653
30.38,-0.4019040485249038,0.009124917444642684,1.097706291767433,28.613576059918998,77.2101816407362
30.4,-0.4645560268268421,-0.005105718793147292,1.0509472437936922,28.61357592233555,77.21018244422234
30.42,-0.4186736343266699,-0.008299251804658084,1.073188824440047,28.613575781682638,77.21018324701858
30.44,-0.43386926587071367,-0.0022148891682917016,1.050553470501243,28.613575631884988,77.21018404766535
30.46,-0.4606794500006385,-0.022195988237138833,1.0718153385218865,28.613575481661396,77.21018484820856
30.48,-0.4479125153837062,-0.01608544633455746,1.0797155320838625,28.613575334986795,77.21018564960526
30.5,-0.47444233039830347,0.010610048755489057,1.1220092181790104,28.613575186310264,77.21018645052315
30.52,-0.507719950176289,0.0059873792206035885,1.0666457625183003,28.613575047230665,77.21018725367499
30.54,-0.46641440266203377,-0.019320699291559093,1.1005414049546025,28.613574912977228,77.21018805789174
30.56,-0.45018417293287705,-0.002396636063669313,1.0457931346648155,28.613574780217853,77.21018886243027
30.58,-0.44079957115257495,-0.031262124469969774,1.08079586903281,28.61357464362479,77.21018966613565
30.6,-0.4686189858894559,0.0027050290076573577,1.0807525108879965,28.613574497263606,77.21019046760671
30.62,-0.44875538034231005,-0.006722887228321948,1.0949047827572334,28.613574343303394,77.21019126722821
30.64,-0.43769506093394955,0.04190101214132612,1.0690758610471416,28.613574182887277,77.21019206520124
30.66,-0.4539514335559361,0.01174307533665534,1.0643019279078096,28.613574014830526,77.21019286113109
30.68,-0.46404047182700703,-0.01906309640447794,1.0383979310105367,28.613573842660305,77.21019365591931
30.7,-0.4570502450400531,-0.019338334992275302,1.0866209537477394,28.613573669949265,77.21019445055525
30.72,-0.4156916678218695,0.01275464889898183,1.0671588167593193,28.613573504223275,77.21019524711899
30.74,-0.4769574467447944,0.017586507660401044,1.100508698625492,28.61357333827488,77.21019604362264
30.76,-0.419336270158788,0.03717104823250674,1.0902354642524081,28.613573183833044,77.21019684312361
30.78,-0.41511626608395025,0.02312718241119254,1.103709928219053,28.61357303305743,77.21019764353213
30.8,-0.4495482481435564,0.009542886767827387,1.0625293387800547,28.613572881826034,77.21019844382906
30.82,-0.4332204428605512,0.028463350603558295,1.084090421770307,28.613572730175438,77.21019924402304
30.84,-0.45804162351784644,0.0014915230407225478,1.0837991044917175,28.613572582948095,77.2102000452882
30.86,-0.4370690463793297,0.000601327752903848,1.0700777202607716,28.613572447867195,77.21020084932512
30.88,-0.39789449382913145,-0.024253204961111666,1.1046073434072046,28.613572316747465,77.21020165421247
30.9,-0.41700030824614914,0.030167393998188963,1.095626732474032,28.61357218743076,77.21020245947824
30.92,-0.45249376432188415,0.002647819565629945,1.1206147893974021,28.613572056776604,77.21020326446381
30.94,-0.4688077624683055,-0.0019723386165969694,1.093893089286829,28.613571921234225,77.21020406839995
30.96,-0.4482967834302894,-0.015880093093687972,1.1173777064579014,28.613571787864863,77.21020487280754
30.98,-0.4369574367022846,0.02450752649350728,1.1169227400365729,28.613571657213704,77.21020567779375
31.0,-0.4279910820515217,0.019730537398382514,1.0701690378250954,28.613571531086556,77.2102064837157
31.02,-0.44460762827215056,-0.018044718767057134,1.0506090963016212,28.613571405456923,77.21020728973846
31.04,-0.40670259419389976,0.01020965519655378,1.1137317242073017,28.613571273221456,77.21020809438892
31.06,-0.44177137964315855,0.015919685170297328,1.0938764613676797,28.61357114839009,77.2102089005726
31.08,-0.40277259686683453,-0.024925528522440597,1.0815366058568325,28.613571037467675,77.21020970939091
31.1,-0.33361619362294465,0.012824779553680896,1.0532492629094508,28.61357092506008,77.21021051794311
31.12,-0.2809477823128404,0.008819853762763081,1.0612763607413531,28.613570804315106,77.210211324934
31.14,-0.26104749495377944,0.012463569728619074,1.0647855578561372,28.61357068140191,77.21021213150003
31.16,-0.21540480847206694,0.03973420831005284,1.0487272824486882,28.61357056551454,77.21021293941452
31.18,-0.1803135471510554,0.059233198971867906,1.0143901981922552,28.613570450373714,77.2102137474675
31.2,-0.10409520349362286,0.02472460051226805,1.0486247568450309,28.613570334838915,77.21021455544752
31.22,-0.024822981963432213,0.0052098643371531585,1.0113854557545852,28.613570214230332,77.21021536246487
31.24,0.01332233675270106,0.012764831987341706,1.0135836590981329,28.613570099774666,77.21021617064414
31.26,0.022477329913838533,0.008680549876612124,1.0168115608417696,28.613569974169497,77.21021697667184
31.28,-0.013087403039487498,0.047034999397197935,1.042634584425227,28.613569851487092,77.21021778328347
31.3,-0.003267700361006494,0.0027480765861839763,1.0082892670432253,28.613569733476062,77.21021859079896
31.32,-0.038114744113836994,-0.008285237094207478,0.9989546099994,28.613569613422623,77.21021939792371
31.34,0.02015736708383041,0.01097471662984586,1.0382742518401331,28.613569503256258,77.21022020687609
31.36,0.026854831125471868,0.0417544096335459,1.0221598661457714,28.613569378504202,77.21022101307568
31.38,-0.021331431115990222,-0.019372897727442894,1.0061217142284884,28.613569250455775,77.21022181860437
31.4,0.03251498849856611,-0.01343792490483008,1.0048616206534275,28.61356912437574,77.21022262453586
31.42,-0.004689784624066191,-0.014545011114646032,0.9607990003451793,28.61356900527329,77.2102234318434
31.44,-0.021665522951783426,-0.023941553664775805,0.9982506065394391,28.613568887509533,77.21022423940573
31.46,-0.00631881701691631,-0.019023406485462257,0.9719512715120155,28.613568762860503,77.210225045626
31.48,0.012568463004880917,0.0188074985290726,0.9466063926667175,28.613568640919734,77.21022585238353
31.5,-0.0010771368236903377,0.004396255160891307,0.9880809064595504,28.613568524329544,77.2102266601668
31.52,-0.011560713499491636,-0.025877123241332095,0.9723709079688292,28.61356840274787,77.21022746699464
31.54,0.01184649456410431,0.013713565542449383,0.9928980263493636,28.613568288605734,77.21022827523144
31.56,0.013689474183395105,0.006909090223751184,1.006161207187743,28.613568172803596,77.21022908316178
31.58,-0.0034784162519703268,0.019032801246492304,1.0101830859322798,28.6135680540808,77.21022989054187
31.6,-0.0071351647836852385,-0.01208005954265936,0.9978142323099475,28.613567932637537,77.21023069739675
31.62,-0.0109123018229831,-0.024541815077490682,0.9742241800657908,28.613567808139667,77.21023150364732
31.64,0.009571371316524285,0.013597622461755172,0.9975770467444497,28.61356769037512,77.2102323112095
31.66,-0.03208463389903864,0.016501956524481526,0.9786851628664407,28.613567573941832,77.2102331190221
31.68,-0.015252712127530224,-0.022088852042376605,1.0280672976661023,28.613567459292984,77.21023392716583
31.7,-0.003240809181245965,0.004761998528049388,0.9970474316390328,28.613567343668674,77.2102347351292
31.72,-0.015764594740465696,-0.01232525631376999,0.9772163847095514,28.613567240824093,77.21023554533144
31.74,0.005079523177123219,0.019423087597038223,0.9789796411049434,28.61356714794052,77.21023635709344
31.76,0.0032674826962297556,0.01324348885945122,1.0001388711950745,28.613567039684114,77.21023716638031
31.78,0.04961331115724553,0.024374824580150056,1.0011630955509936,28.613566926276402,77.21023797475124
31.8,-0.015225184822649855,-0.016824580783229993,0.9961294361885072,28.613566814379286,77.21023878339528
31.82,-0.00022287855211502135,-0.013794546813666184,1.0198758777688819,28.613566701942798,77.21023959194224
31.84,-0.019138730893941493,-0.007411826278688669,0.9807669471448263,28.613566575206328,77.2102403977401
31.86,0.03879604979736199,-0.010601013888858762,1.0200719678382215,28.613566461748025,77.21024120610181
31.88,0.03402440291086625,0.007369039999310228,0.998120926667647,28.61356634748067,77.21024201431564
31.9,-0.03135839629046359,-0.021541603936999856,1.0172510878105454,28.613566235637165,77.2102428229693
31.92,-0.003289423584392638,0.030424072333030124,0.9874884911139987,28.61356611498133,77.21024362997746
31.94,0.0007206574619040467,0.03487655688415449,1.0155623546402126,28.6135659902623,77.21024443618366
31.96,-0.006803744074519875,0.022188854578195256,0.9838601858816078,28.613565850257135,77.21024523912672
31.98,-0.009677584014147254,0.010001674171743786,1.0329469160800786,28.613565704517036,77.21024604074455
32.0,0.01541804777925089,-0.00246325898654974,0.9984003369202267,28.613565561891313,77.21024684308892
32.02,0.0357573980910299,0.003778171406294383,0.9913837911285407,28.613565420923894,77.2102476458135
32.04,-0.024413618259770276,-0.015125828685395288,0.9854145371583991,28.61356527513381,77.21024844741953
32.06,-0.06382646859357832,0.003148626863730803,1.021149679496879,28.613565119135856,77.2102492465283
32.08,-0.12876082583436566,0.006706917145135549,1.0236940482669925,28.613564968111604,77.21025004687593
32.1,-0.14187211298357577,-0.01650696212143674,1.0088145040614198,28.61356481528925,77.21025084678054
32.12,-0.18249264895985592,0.03242816700661229,1.0297176797056282,28.613564676254416,77.21025164994235
32.14,-0.25282109512137607,-0.0016845285925162386,1.0142495744303144,28.613564539286646,77.21025245356489
32.16,-0.28854482353061917,-0.020574484624899463,1.0396284845413575,28.613564390166186,77.21025325437559
32.18,-0.3559422197101438,-0.004106178793809033,1.0686520785517968,28.613564230386007,77.21025405251409
32.2,-0.39204411251262206,-0.012050332062235927,1.0870720346541232,28.613564065360205,77.21025484926636
32.22,-0.3736671479479887,-0.01680578724135306,1.0735243333948843,28.6135638879171,77.21025564254822
32.24,-0.3863879765391775,0.031426487609067605,1.0894313225450842,28.61356371229641,77.21025643635615
32.26,-0.34890423889171424,0.0001990869808639089,1.0608274018774304,28.613563537131512,77.21025723029473
32.28,-0.368171896124248,0.020595668439561694,1.088875206292431,28.613563363916505,77.21025802478825
32.3,-0.3543409785898143,0.008229056504020298,1.0784557374215868,28.61356318613994,77.21025881797321
32.32,-0.3894080872452754,0.00953253407486895,1.0758798274881105,28.613562988111536,77.21025960490823
32.34,-0.33901723895646896,-0.0002738873981436908,1.079928776282567,28.613562787551352,77.2102603910108
32.36,-0.3552011412307961,-0.008639916594406912,1.068014876888417,28.61356259487827,77.21026117966898
32.38,-0.3569032013440755,0.025999332328081062,1.049312407535334,28.61356240985374,77.21026197070012
32.4,-0.34605527314148155,0.013084930507476498,1.059096543866648,28.613562230885332,77.21026276353722
32.42,-0.35861708797879943,-0.003617186975701359,1.0517633101697221,28.61356205757214,77.21026355800294
32.44,-0.38526063378723585,0.019887738025590167,1.0754428642055776,28.61356189054761,77.21026435421459
32.46,-0.352454632212076,0.030202586517587823,1.0936541707818574,28.613561721992767,77.21026515000766
32.48,-0.38074078425973906,0.007320954397133198,1.1096727541510067,28.61356156342085,77.21026594845875
32.5,-0.36077469060281897,0.031028235398411944,1.0707764655926697,28.613561401416597,77.21026674601525
32.52,-0.38044900365920437,-0.00954363755359784,1.0767844275565368,28.613561232503184,77.21026754170965
32.54,-0.33174816005107316,-0.017992627142173933,1.1176520676798858,28.61356106793107,77.21026833858367
32.56,-0.3515993895369709,-0.0068594513109232,1.0719454768837648,28.61356090094836,77.2102691348067
32.58,-0.34484363817697505,0.0008249137118541807,1.0674659384190497,28.613560729317133,77.21026992974606
32.6,-0.3801772144889932,0.03110750174577805,1.0773919553909497,28.61356055156306,77.21027072293755
32.62,-0.3590143150559478,-0.007618612660828967,1.071510132713619,28.61356037304175,77.21027151590542
32.64,-0.36118844659526617,0.0076847442895128315,1.0664289150700077,28.613560201125882,77.21027231076498
32.66,-0.3627860556588069,0.02201938124965863,1.0518448208193447,28.613560028458117,77.21027310541302
32.68,-0.4037409961591585,0.00934888859915025,1.1118525223438391,28.613559856882613,77.210273900368
32.7,-0.32570684615434264,-0.009871296088825697,1.0910142636624192,28.61355968433135,77.21027469504887
32.72,-0.36576177641182817,-0.025572246494191736,1.112329027520158,28.6135595187052,77.21027549163945
32.74,-0.354956298102676,0.024377309011704536,1.0990939499007726,28.613559363712856,77.21027629100206
32.76,-0.39128737574333317,-0.021049812419428854,1.0803120181321542,28.613559222898164,77.21027709376136
32.78,-0.33571745254090835,-0.007573250824986698,1.0465975231675606,28.613559094465074,77.21027789921051
32.8,-0.33740460617685925,0.0006788436533183275,1.0618176636264438,28.613558978938514,77.21027870719196
32.82,-0.3479049417723387,0.02526867268439303,1.0730267898944805,28.61355885615044,77.21027951378262
32.84,-0.3595355217475053,0.019954151399030732,1.0607222118989288,28.61355873158457,77.21028032001949
32.86,-0.3182820707266301,0.0029668612111257943,1.043607576438142,28.613558606736444,77.21028112619972
32.88,-0.34533051880554255,0.0242555864040909,1.0621818719116503,28.61355848431492,77.21028193286269
32.9,-0.3923149328020389,0.028653910672441052,1.0761185903102763,28.613558375464283,77.21028274204606
32.92,-0.36050275342295673,-0.009533473599024048,1.111798392452374,28.61355826387954,77.21028355074606
32.94,-0.31276276477275045,-0.007863984899618245,1.0576487172916202,28.613558150687805,77.2102843591562
32.96,-0.2817820310449436,0.01498388760187389,1.0753294846477193,28.613558037170915,77.21028516750718
32.98,-0.2318662274108918,0.03393994930589414,1.033798027464508,28.61355792910772,77.21028597682749
33.0,-0.1739489370705058,-0.013896728324372923,1.0399563017172213,28.613557825964683,77.21028678698043
33.02,-0.16599197521316839,-0.036842436309514545,1.0348680302052966,28.613557719102612,77.21028759650767
33.04,-0.12926222111376515,0.012991944989984025,1.0586696453023483,28.61355761769757,77.21028840694525
33.06,-0.10281970236499735,0.027286703754883436,0.9643722268490146,28.61355750873635,77.2102892161093
33.08,-0.07787344546087098,0.0025896155782068825,0.9926611700883796,28.613557388427466,77.2102900231846
33.1,-0.006244875955922224,0.052680504664433886,1.004938267961347,28.613557260198913,77.21029082867602
33.12,-0.01354573393506185,-0.01674305092250466,1.0083604197333105,28.613557131296698,77.21029163402791
33.14,-0.004132619776050261,-0.014843795620479295,0.9764583779658189,28.613557003052115,77.21029243951601
33.16,-0.011704503646827213,-0.015115364049736664,0.9992295688383624,28.61355687411216,77.21029324486005
33.18,-0.021488642571750028,0.0017419789242343118,1.000257061383112,28.61355674037175,77.21029404918758
33.2,-0.011009745279836716,0.002200225321797813,1.0294316155743668,28.613556596372757,77.21029485121355
33.22,0.0102603186156924,-0.015395570642725454,1.0041689573404864,28.613556448480985,77.2102956523198
33.24,-0.010705014572224317,0.02246667572221633,0.9971639605736009,28.613556312558643,77.21029645617257
33.26,-0.00377337068760599,0.005356125229476977,0.9859255185274626,28.613556183187807,77.21029726142693
33.28,0.041893029062123034,-0.020696363131846824,1.0121524944168077,28.613556054886235,77.21029806690325
33.3,0.021503414645679692,0.012274636939514114,0.9949033212897818,28.613555919617905,77.21029887089915
33.32,0.00455711921024052,-0.008407192509254842,0.988667801443617,28.61355576821207,77.21029967115315
33.34,0.005219738606406367,0.002031539354835789,0.980397722061783,28.613555616299287,77.21030047128248
33.36,-0.014206214962525868,0.01774631419926284,0.9940624611323636,28.61355545969757,77.21030127023793
33.38,-0.008398286446304802,0.019982174907420304,1.0139700463289183,28.613555313968853,77.21030207185838
33.4,-0.005545751695073046,0.018331304455489708,0.9897386339067655,28.61355517319465,77.21030287462688
33.42,0.0021001442978427105,0.0009939518600535315,1.0006888477642553,28.613555029916313,77.21030367682027
33.44,-0.0008823201534358329,-0.019495988987867925,0.9888614143920684,28.613554901120587,77.21030448219425
33.46,-0.022568905118097393,-0.006372263422776189,1.0034082058067697,28.61355477058386,77.21030528720442
33.48,0.0119208431424558,0.0004638823045362133,1.001665492590296,28.613554642725298,77.21030609277213
33.5,-0.01146986312545719,0.030923647252403322,0.9842563093795745,28.613554514545747,77.21030689827364
33.52,0.038446916753332894,-0.010521453466006485,1.0166369434924276,28.613554391424938,77.21030770479845
33.54,0.024992606283402892,0.004035125385209841,0.9708780281847581,28.61355426460122,77.2103085105784
33.56,-0.03323105216883913,-0.02465925797242783,1.0227046359448109,28.613554130297853,77.21030931478418
33.58,-0.005064196964131205,0.0068106496042394426,1.0065832433121462,28.61355399073387,77.21031011782682
33.6,0.03216566317194167,-0.0009085182957309,1.011757606065747,28.613553846130575,77.21031091971166
33.62,0.013254025426612694,-0.002584516594197115,0.9669873356763623,28.613553697523162,77.21031172064602
33.64,0.0017814675655946524,0.016932568563936174,0.9989795567656575,28.61355354903733,77.21031252160964
33.66,-0.046504650478956,-0.013714881474392138,1.0306744448475922,28.613553403632476,77.21031332330638
33.68,-0.004351344996014476,0.02801758514499217,0.9970935343038246,28.613553251731783,77.21031412343866
33.7,0.0042072456949782885,-0.015192242120952316,1.0026062990072908,28.613553106051402,77.21031492507049
33.72,-0.04111944777385506,0.02732107197876151,0.9771168628171335,28.613552956848892,77.21031572586128
33.74,0.012267536120657679,-0.03192325242093527,0.9712185048950356,28.613552804315272,77.2103165258373
33.76,-0.014036890547431102,0.0061168740255885135,1.004607691724909,28.613552659163304,77.21031732759349
33.78,0.00602594156613126,0.012205935566755801,0.9864383559923628,28.6135525206627,77.21031813087497
33.8,0.002636523509622285,-0.007194983385368817,0.9889244882378115,28.613552378565103,77.21031893334083
33.82,-0.005108553059637309,0.005555650530087745,1.0012638165311,28.61355223498222,77.21031973546356
33.84,0.015831377365556856,-0.007271886698527585,1.0137273462844778,28.613552088869813,77.21032053699334
33.86,0.005625746884810394,0.008955184913545806,1.0105143177892777,28.613551944271414,77.21032133887931
33.88,0.0543179490609087,0.005007235366739025,1.001993119021897,28.613551788903955,77.21032213814736
33.9,-0.012611368822026452,0.04433862713180605,1.0266314064538495,28.613551629406526,77.21032293635915
33.92,-0.11658823482202665,-0.027571631006265387,1.0386560794786495,28.613551460501146,77.2103237320557
33.94,-0.1207726218250055,0.00401853039841327,1.024034519520242,28.613551293436263,77.21032452825628
33.96,-0.20741123376858953,-0.008416119980845687,1.0689217418700379,28.613551119399546,77.21032532251665
33.98,-0.26433447388565073,0.002491242462058948,1.0226995084485833,28.613550947562246,77.21032611739818
34.0,-0.31854033668514686,-0.00271709794185384,1.022673071106924,28.613550778022994,77.21032691291978
34.02,-0.3443506505374901,-0.00697034931919635,1.089890146674492,28.613550617036516,77.21032771074357
34.04,-0.36523974007435833,-0.0104611247784298,1.0571097477107236,28.613550452865734,77.21032850772491
34.06,-0.4303596238356561,0.014287562145741712,1.026550337926958,28.613550295865526,77.21032930657884
34.08,-0.42335765015737187,-0.007462637248824947,1.07348207982456,28.613550143192697,77.21033010652039
34.1,-0.49806826656567466,-0.00043449992088473444,1.1045733349484543,28.613550000040107,77.21033090874289
34.12,-0.438107163429104,0.0037150273571537364,1.0738505634002855,28.613549870269896,77.21033171391382
34.14,-0.45457657598267864,-0.014490433623091045,1.0444955652558077,28.613549741085652,77.210332519207
34.16,-0.4651264453602272,0.012185557119295167,1.0742078577997847,28.613549616950664,77.21033332553003
34.18,-0.4576039953081957,-0.019172843462001096,1.0762862209652995,28.613549490478245,77.21033413138159
34.2,-0.4321083262662832,0.009866785726218063,1.0732784207330646,28.613549364369103,77.21033493730701
34.22,-0.4203716087094463,0.008037735328979391,1.0656177712732686,28.613549230872408,77.21033574168702
34.24,-0.45173478055272354,-0.0026603810786323106,1.0665660928443823,28.613549083798645,77.2103365429886
34.26,-0.42174510538084764,-0.021897090136896002,1.0945546699718387,28.613548928655835,77.21033734231325
34.28,-0.4171985789271973,0.00013477090614186284,1.0684024213035677,28.61354877330224,77.21033814158478
34.3,-0.4269344621923768,-0.02064701501134504,1.083228274055089,28.61354861323076,77.21033893964741
34.32,-0.4506919893296042,-0.0022398382926956634,1.0831569014660782,28.613548443974015,77.21033973524705
34.34,-0.44347364503238834,0.015777941209285457,1.0676745766695088,28.61354827823362,77.21034053180671
34.36,-0.42697132348222505,-0.0003089418471484215,1.06495213721921,28.613548106240962,77.21034132664461
34.38,-0.44784056770891045,0.025080708986302828,1.08139902088295,28.61354792514785,77.21034211885532
34.4,-0.42059399374567796,0.0059016702449393235,1.0469540709978291,28.61354774348203,77.21034291089586
34.42,-0.4556867219741473,0.0154661174624836,1.1198773356953358,28.613547558559507,77.21034370195784
34.44,-0.4259078090960981,0.014334232030717809,1.0685458400842862,28.613547359469685,77.21034448854515
34.46,-0.4153880404863438,0.02814227917347959,1.072187429507821,28.613547164699696,77.21034527653457
34.48,-0.4296975448357782,-0.026102279733960496,1.0947315254092527,28.613546971792356,77.21034606511832
34.5,-0.45333654286529274,-0.0104598254724394,1.076603936112152,28.613546775039158,77.21034685246816
34.52,-0.46613550940688836,0.0005579662938324377,1.071648678819718,28.613546584418017,77.21034764177297
34.54,-0.45567232397963153,0.016013627113242716,1.0532535435885875,28.61354639430666,77.2103484312373
34.56,-0.42377900981243694,0.003367345329748242,1.0820381230217895,28.61354621265639,77.21034922328246
34.58,-0.4376460381301229,-0.00012828603555064603,1.0690632542141083,28.613546044199975,77.21035001910246
34.6,-0.44553728155994915,0.02060764427623946,1.1216267215069837,28.613545874064968,77.21035081445896
34.62,-0.4255721220070262,-0.006754471961873514,1.0758937522432797,28.613545713253846,77.21035161232861
34.64,-0.4732460555141417,-0.007684905516747536,1.034661285690917,28.613545558904473,77.21035241185253
34.66,-0.43876975767475124,0.010416272244917433,1.099003430772036,28.61354539737712,77.2103532095344
34.68,-0.4556613720438014,0.04788039629956569,1.0599994655887959,28.613545234661075,77.21035400690273
34.7,-0.4605374868131849,-0.00039418576795827046,1.0821252312134033,28.61354507220379,77.21035480433952
34.72,-0.44381843607715077,-0.012922936537723036,1.1080976016135626,28.613544912352907,77.21035560245949
34.74,-0.384083397853089,-0.01133861615675361,1.0738239230344266,28.61354474174048,77.21035639768327
34.76,-0.420883932711588,-0.007318219395319861,1.0759056098756354,28.613544555545424,77.2103571883578
34.78,-0.45613879814474795,0.026520923495540704,1.0986931206359525,28.613544365143873,77.21035797773138
34.8,-0.36113881850289065,-0.007321014121965609,1.0996225892744358,28.61354419304889,77.21035877254052
34.82,-0.3633209166375711,0.006091629242395737,1.0594757636067502,28.61354402119489,77.21035956741731
34.84,-0.2586718050217787,-0.0018391093267498355,1.0937854977554542,28.613543856722803,77.21036036431799
34.86,-0.25847878333078783,-0.026262911247374298,1.0096731208899776,28.613543695392913,77.21036116205171
34.88,-0.19048786342528837,-0.006554176598262049,1.0175025097610493,28.61354353069587,77.21036195889211
34.9,-0.10279637051873497,-0.049489233166606396,1.0171155306335475,28.613543365259225,77.21036275553367
34.92,-0.10334672697491311,0.0035020151006357903,1.0389078094839412,28.613543209421046,77.21036355468273
34.94,-0.011414775125141025,0.009790901242931173,1.013498198632073,28.613543058442925,77.21036435504148
34.96,-0.0014427175235249311,-0.01691201053851955,0.9864993382129843,28.61354289940805,77.21036515337293
34.98,-0.0017421041071705977,-0.010841896674309489,0.9774809763542078,28.613542729255066,77.21036594872442
35.0,-0.017721533639153648,-0.02681038970696449,0.970129015638729,28.613542549587624,77.21036674135618
35.02,0.028248290624366627,-0.044326634772227154,1.0103239090108318,28.61354237933716,77.2103675366806
35.04,-0.009912138146661257,-0.0301235270590527,0.9922118868651226,28.61354221154444,77.21036833268248
35.06,0.03810314120352161,0.01304008611936006,1.0202873404052897,28.613542048840326,77.21036913005395
35.08,-0.01255551402267241,-0.006285421910035512,0.9713291022223076,28.61354188147338,77.21036992617213
35.1,-0.009106008200599997,0.004187402278130093,1.0085436995142252,28.61354171616468,77.21037072284814
35.12,0.020079093667818963,0.04081894120230981,0.9991510330779394,28.613541557957667,77.210371521393
35.14,-0.0021695463685522556,0.01997578943933223,0.9877289826946698,28.613541389397827,77.21037231718454
35.16,0.005768528703946311,0.010780714909179949,0.9891803392944556,28.613541224879906,77.21037311407292
35.18,-0.026180027774742404,-0.009694647563859514,1.002058722015513,28.61354105329704,77.21037390902569
35.2,0.0022040729869260574,0.031187836141768975,0.9993696754606106,28.613540885975464,77.21037470515624
35.22,0.007421346633390867,0.024705074755898157,0.9821672135969499,28.613540713157217,77.2103754997617
35.24,0.034485908948669174,0.017862582825567713,1.0103121280503096,28.6135405425966,77.21037629499986
35.26,-0.009568527997894009,-9.840669986471737e-05,1.024101254277794,28.61354037930284,77.2103770922149
35.28,0.006749980265380581,-0.018490696607904682,0.9951219271882378,28.613540207960227,77.2103778872349
35.3,0.02420442063034312,0.030346322648004475,1.0116334308592188,28.61354004155959,77.21037868361587
35.32,0.0008524880884454514,0.01741030318613936,0.9968119526484307,28.613539874393055,77.21037947978867
35.34,0.02172340214622508,-0.004071403588359691,1.0482050637046656,28.61353971632171,77.21038027836838
35.36,0.04996546758578188,-0.005535448683561205,1.000277653356436,28.61353956792635,77.21038107935365
35.38,0.0005917085345814511,-0.024431507340896958,1.014028567269926,28.613539408731306,77.21038187764367
35.4,0.02647260337109859,0.01520717106517149,1.0233452839317059,28.613539248556783,77.2103826756794
35.42,0.010296843857468986,0.0034096633839248336,0.9871830486722504,28.613539089123382,77.21038347390768
35.44,0.017148927763531017,0.007955147859528791,1.0141199151677787,28.6135389326531,77.21038427289643
35.46,0.014100251424932757,0.01860596710152491,1.0172474074424342,28.613538781644642,77.21038507324772
35.48,0.021329986294192166,0.014438915528700427,1.0085972959602014,28.61353862654243,77.21038587258252
35.5,0.02000582141040595,-0.017499621106968236,1.0152641056973555,28.613538461489064,77.21038666932719
35.52,-0.0014053806835334097,0.00044756268128634416,0.987037523576197,28.61353829072317,77.21038746450817
35.54,-0.01111954252432781,0.008255997549894459,1.0429458560797593,28.613538115697498,77.2103882584864
35.56,0.008507511625130179,0.009764963598964343,0.9520313942711688,28.61353794286039,77.2103890530865
35.58,-0.029061892091237315,-0.031805466407871595,0.9831758292220292,28.613537765597286,77.21038984642038
35.6,0.012372443481968592,-0.02012064326066724,0.9732457794786976,28.613537574795277,77.21039063566842
35.62,0.014917570030928765,0.013146877305878702,1.0344579857723721,28.61353738583649,77.21039142549166
35.64,-0.0035771620788187654,0.012841827239796821,0.9973807603408655,28.61353719438892,77.21039221453681
35.66,0.0008836098729872662,0.032193751533686386,0.9811066198676848,28.613536993537256,77.21039300054262
35.68,0.018237182897134514,-0.031001047716891588,0.9878881222581202,28.61353677926753,77.21039378193711
35.7,0.014942942496859377,0.01795231033727243,0.969502129201573,28.61353656403889,77.21039456298956
35.72,0.01853578310037616,0.007526665643437636,1.012548232528284,28.61353634300216,77.21039534193436
35.74,0.015540059250345604,-0.021018174621082776,1.0145603937962429,28.61353612370414,77.21039612151658
35.76,-0.05076354012088451,-0.03534983470565217,1.0149597976655158,28.61353590218707,77.2103969002843
35.78,-0.10607669481852462,0.01881821767758694,1.0034590531221217,28.613535682332785,77.21039767966319
35.8,-0.1502222713425975,-0.019670614010428984,1.057188753101259,28.613535454455075,77.21039845604585
35.82,-0.18248857504889604,-0.02628315101684175,1.0511928216057085,28.613535215184495,77.21039922796814
35.84,-0.2591625609421249,0.009070620665450847,1.0095514831087455,28.6135349841057,77.2104000031221
35.86,-0.2912344832661411,-0.0001932615518950359,1.0494572362575627,28.613534753741394,77.21040077855197
35.88,-0.4108822508971115,0.011492645707444984,1.0390855056011008,28.61353452706394,77.21040155539042
35.9,-0.41668463354485996,0.008611636629828494,1.1005492547662081,28.61353430256259,77.21040233304842
35.92,-0.47435359123186016,0.0669094938319606,1.071031876280626,28.61353407971337,77.21040311132279
35.94,-0.5093226299479974,0.014470043380875344,1.052415038325727,28.61353386280269,77.2104038917712
35.96,-0.5063105594086456,0.013191498006715614,1.077076435412727,28.61353364397935,77.21040467152646
35.98,-0.4667800695314298,-0.01764521198207879,1.1117962827851777,28.613533433147524,77.21040545413345
36.0,-0.47386388632304854,0.031247176681658596,1.0972895447499063,28.613533216258766,77.21040623458975
36.02,-0.4601971503658834,-0.010106455648370363,1.069573416650863,28.613532997358014,77.21040701431683
36.04,-0.5279426061168475,-0.018207854258229843,1.076519640886904,28.61353278573305,77.21040779664598
36.06,-0.4546182067345391,-0.004229831575095987,1.0998991124194797,28.613532581772116,77.21040858161211
36.08,-0.4544705921898605,0.008802138822364915,1.1078930637398958,28.61353237242882,77.21040936473743
36.1,-0.5036716717396351,-0.009236531458194457,1.0489852024558044,28.613532167929122,77.21041014952165
36.12,-0.4478465715202773,-0.017528629695608144,1.0830719666924236,28.61353195279413,77.21041093060755
36.14,-0.4401983025588334,-0.01795544909113218,1.072902648195432,28.61353175226684,77.21041171672078
36.16,-0.5026794091612176,0.004114293032713796,1.0702485460351192,28.613531559011353,77.2104125051938
36.18,-0.47385360868644966,0.01120651607193112,1.1068405452157362,28.613531368417974,77.21041329450719
36.2,-0.4720427101434856,0.012847263627423453,1.0529003899461926,28.613531178041242,77.21041408388842
36.22,-0.5119592781739086,-0.03111265707660643,1.0961004158951573,28.613530983071232,77.21041487181353
36.24,-0.48260727768943934,-0.016611581362962365,1.0343581650644038,28.61353078949825,77.21041566018546
36.26,-0.44792441332507155,0.018624233374765452,1.0654973551895777,28.61353059814931,77.21041644926161
36.28,-0.4932059703402601,-0.008484259190710443,1.0806750230691609,28.613530411466844,77.21041723978689
36.3,-0.4394332394685855,0.004052906341966095,1.053775964013764,28.613530230281228,77.21041803197002
36.32,-0.4686355199141476,0.052526204715622325,1.1240758167354195,28.613530054057986,77.21041882560439
36.34,-0.4918339958694538,-0.04509207632834427,1.0656545905154349,28.613529878376916,77.21041961939473
36.36,-0.475104042681503,-0.0025849043048053466,1.064046258834386,28.61352971559051,77.2104204167443
36.38,-0.5052756751927847,0.014158487003132983,1.0661285750881964,28.613529549049936,77.21042121308723
36.4,-0.46744178306884654,-0.019634840665336002,1.0916729968236742,28.613529382024392,77.21042200929836
36.42,-0.4798516982736903,-0.0026974041498086777,1.098147822062748,28.613529215819508,77.21042280573228
36.44,-0.48453066003435497,-0.024004986623401933,1.0712356713525228,28.613529041670585,77.21042359996056
36.46,-0.5049285365895447,0.011555865020575018,1.0863330031335312,28.613528863376768,77.21042439299461
36.48,-0.4776249932483455,-0.013421743968061044,1.0878897171711293,28.613528684194623,77.21042518576881
36.5,-0.4719038960144655,-0.008614011466126222,1.0511742955255434,28.61352850046766,77.21042597719205
36.52,-0.5034132313091797,0.017934611253517425,1.0776180749035253,28.613528321070053,77.21042676990301
36.54,-0.45438393254677456,0.011122103764087994,1.067388894676107,28.613528137545877,77.21042756138729
36.56,-0.4704481461107939,0.019467488987731672,1.0488677369125075,28.613527948323668,77.21042835112863
36.58,-0.49297273995538726,0.03515009763543552,1.0842647850584062,28.613527776121817,77.2104291459076
36.6,-0.47791499018100714,0.0014735961852988706,1.1002966175481548,28.613527591598608,77.21042993709041
36.62,-0.4592679133249067,0.042333572625477246,1.080877464180326,28.61352740475596,77.21043072756656
36.64,-0.4486136619215162,0.00387341143761822,1.028566448506511,28.613527213679614,77.21043151672839
36.66,-0.3913778306972274,0.026352745532563737,1.0619725492538397,28.613527015111732,77.21043230348671
36.68,-0.33422269303786245,-0.000576016393997633,1.0443506099459579,28.61352681748869,77.21043309055368
36.7,-0.343945559347875,0.01680699896703647,1.0889281937550286,28.613526622743123,77.21043387855077
36.72,-0.2786485305058479,-0.008538173742340916,1.0376615117258268,28.613526425924775,77.21043466587933
36.74,-0.23958189657418857,0.026788683331818983,1.0032786709133705,28.61352621011177,77.21043544672244
36.76,-0.13684924628276046,0.02302044756402148,1.0257503818084548,28.61352599498825,77.2104362278124
36.78,-0.10923676868309104,-0.004272804936524737,1.0304876910112515,28.6135257842625,77.21043701045639
36.8,-0.027635055230301565,0.0031245579961804775,1.0108674156096338,28.61352556433491,77.21043778980837
36.82,-0.028343708355895534,-0.018883733717733654,0.9839469355587218,28.613525358732662,77.21043857421864
36.84,-0.013783669827525274,0.018600971505902876,0.9908268398794696,28.61352515388326,77.21043935888446
36.86,-0.01596549550606369,0.016812027160337334,1.0153109464671766,28.613524953417823,77.21044014501811
36.88,0.02476852645421525,-0.024652553942036543,1.0020230253334743,28.613524748616257,77.21044092970013
36.9,0.01401534652274826,0.04342980092529856,1.0405021021569552,28.61352454287648,77.2104417140636
36.92,-0.04058043010142226,0.007951226067435688,1.0019612683294687,28.613524344724624,77.21044250095801
36.94,-0.009322610328666023,-0.00464570343536913,0.9694398013704704,28.613524142106495,77.2104432863752
36.96,0.01918863819418513,0.023974128475708963,0.9960062323709485,28.613523945153197,77.21044407365994
36.98,0.02227054190084895,-0.010440812967736255,0.9887337775035283,28.613523748527545,77.21044486105096
37.0,0.008272833888216091,0.026139284272642817,0.9689522778302339,28.6135235548562,77.2104456493915
37.02,0.0036145905628464543,-0.023525134958908924,1.0026104491520729,28.61352335555397,77.21044643590882
37.04,-0.018612801739494218,-0.004438503003973461,0.9916379106085561,28.613523159421895,77.21044722345955
37.06,0.021403809232834945,-0.0017484462773979068,1.0029887173016618,28.613522984751242,77.21044801753912
37.08,-0.023938477307723468,-0.010880888791929251,1.036602080810392,28.613522817865565,77.21044881378825
37.1,-0.03222693840104224,-0.01473463774487211,0.997413952300259,28.613522650538314,77.21044960991712
37.12,0.00415331140624784,-0.009737015673731243,1.020490725432154,28.613522487824657,77.2104504072859
37.14,-0.008864962580204966,-0.010646615753611767,0.9961678907385499,28.61352231677767,77.21045120238837
37.16,0.014470875213467398,-0.009381546705750868,1.0083089804948786,28.613522152864938,77.21045199943842
37.18,0.009690094088064635,0.028684058475059896,1.0023956471352584,28.613521984919714,77.21045279539841
37.2,0.03415539647631687,0.00866721381819,1.0053485405919496,28.613521811334728,77.21045358978682
37.22,0.008090975776522917,-0.0017612957568236313,0.9973685931582695,28.613521636521543,77.21045438382568
37.24,0.021196567133676094,0.015299943878558368,1.0290072405697812,28.613521458858774,77.21045517704341
37.26,-0.017027154007097377,-0.001906800844532693,1.012638235072605,28.613521282134997,77.21045597053329
37.28,0.01423187076049026,-0.01588203970900785,1.0023132991176547,28.61352110349262,77.21045676346549
37.3,-0.005531961591948583,-0.03211399560940656,1.018171290137268,28.61352092823586,77.21045755737745
37.32,-0.009879612593090411,0.019776495434449745,1.0025712319123528,28.61352075140232,77.2104583508356
37.34,-0.018050416780278855,-0.0445139694773994,1.0223337928275424,28.613520576574174,77.21045914487017
37.36,0.03084741944877767,-0.03017264955032306,0.9764053353031306,28.61352040375479,77.21045993947514
37.38,-0.00013760800204056436,0.010092165858460869,1.0426321419849993,28.613520235578438,77.2104607353718
37.4,-0.015768312663881904,-0.000345334925778669,1.0034461516144746,28.61352006891814,77.21046153168216
37.42,0.013561600147253007,0.029183526953521652,0.9771755237908507,28.61351989173007,77.21046232503765
37.44,-0.008799079844420249,-0.012883154364418002,1.0149809430896726,28.613519716223532,77.210463118878
37.46,-0.01596894451003298,0.015388512783326883,1.0258725259317572,28.61351953417404,77.21046391080401
37.48,0.05804341269607281,-0.0035288726344832352,0.9795022608500138,28.613519348485305,77.21046470163284
37.5,-0.024175449178072985,0.010984328606999319,0.9905639475976754,28.61351916108268,77.21046549193692
37.52,0.03730214318748309,0.0033988374983518555,1.0202988902873464,28.61351897169739,77.21046628162746
37.54,-0.01620772480346666,0.010080544943232154,1.0112911619775335,28.613518782166103,77.21046707127255
37.56,0.012520071034375444,0.004299454853359647,0.9911980456567486,28.613518596672733,77.21046786216087
37.58,-0.002032059650552751,0.005869992814338136,0.9950164554020743,28.613518399278853,77.21046864930238
37.6,0.014728275901131538,-0.02177098309942799,0.974990930353849,28.613518194585506,77.210469434021
37.62,-0.08213773918180234,0.0015132671302467557,0.9891325172099378,28.613517989595273,77.21047021863903
37.64,-0.13907755425254847,0.012053015184705078,0.9843198877773544,28.613517784129055,77.21047100309549
37.66,-0.1481555047985715,-0.001033047970197793,1.0196993600511368,28.6135175747693,77.21047178621498
37.68,-0.2535959630648348,-0.0020343484367075127,1.049107727598968,28.61351737269522,77.21047257181398
37.7,-0.29586317969483295,-0.037658917093880764,1.039115173239321,28.613517176025756,77.21047335919074
37.72,-0.32878313102724,0.030681832438679345,1.0756645808195449,28.61351699236332,77.21047415063333
37.74,-0.40736988870212165,-0.027352766485796997,1.0493041855067209,28.613516810170864,77.21047494251665
37.76,-0.459318840444108,-0.012363045365636592,1.0412910637323,28.6135166197084,77.21047573187094
37.78,-0.49870426296301307,-0.015766882524806427,1.1030968820204032,28.61351643120092,77.21047652183395
37.8,-0.5341736296196087,0.005935036034038664,1.087344462496779,28.613516227547166,77.21047730690346
37.82,-0.5185009900513821,0.006839230267838045,1.1045485960792147,28.613516026897546,77.21047809297606
37.84,-0.4636804234250544,0.01318681929915578,1.0732673872510219,28.613515825020027,77.21047887864061
37.86,-0.47134485944902726,0.014076102427275685,1.1118095007793791,28.61351562506288,77.21047966494216
37.88,-0.44518012014261304,0.03446927764221546,1.0584662740468018,28.613515440609703,77.21048045614607
37.9,-0.4785883134559844,-0.0061084170596709874,1.074254868734951,28.61351525806913,77.21048124792536
37.92,-0.46445075359199683,-0.016625088445301806,1.088153348704887,28.6135150813822,77.21048204142583
37.94,-0.49891374314834597,-0.004696405889151668,1.0706163626958745,28.613514903061663,77.21048283445198
37.96,-0.4942254586806199,-0.02210468393304925,1.084550876416634,28.613514715873936,77.21048362482209
37.98,-0.48222496905843804,-0.006904965330426168,1.1049542152661318,28.6135145311355,77.21048441593963
38.0,-0.5283592159145567,-0.031021280800367052,1.0875338885756851,28.613514343819187,77.2104852062702
38.02,-0.4795676423264424,-0.016714423120589763,1.0764329065402125,28.613514157983783,77.21048599705429
38.04,-0.5029594063398918,-0.03374938122426078,1.104526026912087,28.613513965925954,77.21048678590681
38.06,-0.49960578940006395,0.02417031054494673,1.0902490669337659,28.613513758125812,77.2104875695651
38.08,-0.4705378856074404,0.0022218638612342004,1.0798402402477176,28.613513540133145,77.21048834962208
38.1,-0.5215251268504638,0.037606342136883485,1.0784026819629597,28.613513326364636,77.21048913119452
38.12,-0.48937981363295285,0.022211245506625343,1.0726467633917165,28.613513103141464,77.21048990932967
38.14,-0.4815261162148654,0.02418405096152764,1.0968617899642568,28.61351287786844,77.2104906866979
38.16,-0.5010900672284967,-0.0027936055445708595,1.0976126869904967,28.61351264420678,77.21049146084634
38.18,-0.4897365518481273,0.009800631526584868,1.1053063541521266,28.613512417532235,77.21049223768573
38.2,-0.48877444393623065,-0.017928201441465137,1.0886046592597696,28.613512191462426,77.21049301475375
38.22,-0.47253438228896516,-0.010647367124532377,1.0691142204740647,28.61351196417431,77.21049379136048
38.24,-0.4941313956141501,0.0002802041593976441,1.0866150868001316,28.613511737253802,77.21049456810668
38.26,-0.515529053551091,-0.034783203892221275,1.0687537938488267,28.61351150835784,77.2104953441004
38.28,-0.5020412807008834,-0.010129909649093207,1.0832415769917128,28.613511280210727,77.21049612038021
38.3,-0.49745866385362414,0.01585901407692688,1.1081960994472995,28.613511054493987,77.2104968975814
38.32,-0.506502500898746,-0.009803725711264637,1.103625074895276,28.613510831899937,77.21049767595034
38.34,-0.4866947135574839,-0.014724974316124788,1.0981064961752154,28.61351061490754,77.2104984563691
38.36,-0.4876508725540921,-0.007689035155924327,1.0795470073958513,28.613510395803768,77.210499236022
38.38,-0.48868597576299533,0.014960816105397469,1.097918747890823,28.613510177675625,77.21050001602981
38.4,-0.5084334350568427,0.007219476418820562,1.0671851004281714,28.613509963245157,77.21050079736689
38.42,-0.4878872624799948,-0.004505741486638662,1.0507645056237074,28.61350975911869,77.21050158227702
38.44,-0.46471707877592516,0.00035259363478273425,1.0854377685408971,28.61350955128442,77.21050236592355
38.46,-0.4845920332616666,0.017140574736384577,1.0724923708779903,28.613509338806743,77.21050314795256
38.48,-0.4690365328529643,0.02614777641008454,1.115683639306275,28.61350913277526,77.21050393221655
38.5,-0.4883047262029531,-0.009495514156949313,1.1126472308806878,28.613508926034562,77.21050471623833
38.52,-0.44873011955235986,-0.0016489341053409158,1.0573317648549823,28.61350872304897,77.21050550153228
38.54,-0.3642800617939568,0.02489675298626486,1.0761157590444395,28.613508515116905,77.21050628514513
38.56,-0.355134124434002,0.010457480397093948,1.0138421516748533,28.613508310597346,77.21050706992246
38.58,-0.28365662435841016,-0.02805831044989929,1.0512311603049607,28.613508109466398,77.21050785583537
38.6,-0.22081823107195278,-0.017863492017670304,1.041832700471038,28.61350790743172,77.21050864144745
38.62,-0.15043901038854535,-0.017242063677009225,1.0068065773667403,28.613507708295913,77.21050942801935
38.64,-0.08350484847637224,-0.008313686605742231,1.021079819954084,28.613507512536266,77.21051021569019
38.66,-0.037568688528990174,0.0073966888261597806,0.9903226411413404,28.613507321031005,77.21051100471695
38.68,0.014922548595904373,0.037704478535963364,1.017038117196729,28.613507132591202,77.21051179470084
38.7,0.017292011727773678,-0.0016594581130322738,1.0037247551891175,28.61350694675295,77.210512585484
38.72,0.020079766766844462,0.013190338560875958,1.0298551070726405,28.613506760825366,77.21051337623992
38.74,-0.022752559826808908,0.0226762678019416,0.9693826013440037,28.61350657602229,77.2105141673378
38.76,0.044096100534347926,0.02973634925940416,0.9826384541072735,28.613506387786778,77.21051495738489
38.78,0.022194391634119622,0.02269647811987498,0.9902999050087566,28.613506207563432,77.2105157498526
38.8,-0.003619649558867851,-0.014938916818522049,1.0098099898200803,28.613506012846234,77.21051653785864
38.82,0.007426138371354606,-0.029013811062037008,1.0054190437111763,28.613505817975838,77.21051732581553
38.84,-0.02626908038111069,-0.012572456331259103,1.008503152018108,28.61350561639595,77.21051811157916
38.86,-0.005196744400021457,0.003369691433305151,0.9870170509071372,28.613505411487026,77.21051889622466
38.88,-0.006842463392919286,-0.014860612520235236,0.9619408433385263,28.613505205747014,77.21051968058791
38.9,-0.008488106458617315,-0.03250220525382598,0.9848014038709914,28.61350499690238,77.21052046388576
38.92,0.016288483104854045,-0.024307295560630427,1.0281639121122619,28.613504785723542,77.21052124637112
38.94,0.0020853791428613187,0.06013160361493446,0.9875922174323577,28.613504575751893,77.21052202927791
38.96,-0.023887737707356003,-0.004385926530408887,1.0035438947362523,28.61350434939002,77.21052280623553
38.98,-0.023510166261011968,0.03600266080805573,1.0012188019999244,28.613504115439074,77.21052358027053
39.0,-0.03929659065023509,-0.004694649034460514,1.0036732818625629,28.613503892350302,77.21052435845563
39.02,0.017594263596038637,0.015852457865989093,0.973294054101822,28.61350366209472,77.21052513392716
39.04,-0.004492296758731627,-0.0028637512005210966,1.0163604628598115,28.613503431357113,77.21052590921276
39.06,0.015093582796142707,0.00014625558284729525,0.9980128741334533,28.613503189511942,77.21052668009301
39.08,0.06280142234987576,0.0155679974236087,1.0462056558909267,28.613502949876544,77.2105274518682
39.1,-0.017977029299889626,-0.008048816656868608,0.9925410870818026,28.613502726129067,77.21052822980785
39.12,0.006539481699046866,-0.023883016166124017,1.01954244616993,28.61350250478157,77.21052900863788
39.14,0.028863939737604677,-0.0161040420165849,0.9922419617297369,28.613502294415618,77.2105297914073
39.16,-0.00977984767115259,-0.016211991390404874,1.0383843279223406,28.613502088732247,77.2105305757898
39.18,-0.006784405826908519,0.001675459978667908,1.014614286161993,28.61350188698238,77.2105313614968
39.2,0.010606457628737775,-0.03792011777549106,0.9742942977751425,28.61350168262886,77.21053214633021
39.22,0.050857928914872716,0.006104236061587548,1.0281411579509423,28.613501476520106,77.21053293056781
39.24,0.012727377095596966,0.025325965273469104,1.0155049250957968,28.613501266009123,77.21053371328662
39.26,-0.016855952156171403,-0.010160905076247447,0.9906559000746077,28.613501051690356,77.21053449466339
39.28,-0.014437570697151654,-0.013092640922164977,0.9677366058504143,28.61350082409618,77.21053527115372
39.3,-0.009768128662942811,0.03934650243297966,1.0239595833806008,28.613500596491136,77.2105360476399
39.32,-0.036391642789154174,0.029439579995243242,1.0345526484823606,28.613500365384045,77.21053682278266
39.34,-0.0031867082230787255,0.008551518938406012,1.0223824891552655,28.613500128266388,77.21053759556625
39.36,0.00014932641187439107,-0.014950454045770332,1.0173930279145513,28.613499895535217,77.21053837007823
39.38,0.0009211208564760947,0.011677254869375287,1.0111524200700563,28.613499671417536,77.21053914787956
39.4,-0.028997530240218998,-0.02017027502608494,1.0211812949407166,28.613499444785813,77.21053992473506
39.42,0.006906065947068079,-0.026459098845609534,0.9947606889186924,28.613499220880552,77.21054070261577
39.44,-0.01967904274788206,0.00904357263240625,0.9637070521896925,28.613498991654236,77.21054147848285
39.46,-0.004778721489461719,-0.009565466177973481,1.0151817433253514,28.61349875743233,77.21054225241149
39.48,-0.014851904831792275,-0.04046531285977013,1.0078517916001497,28.613498516501895,77.21054302366329
39.5,0.023093118107779743,0.011735267641939613,0.9719280540083879,28.613498280899552,77.21054379704803
39.52,-0.013703968469216286,0.029203469399309716,0.9561432342924091,28.613498049201134,77.21054457196168
39.54,0.02691211368501678,0.013192591746275342,1.0016274329450838,28.613497816775055,77.21054534659251
39.56,0.0027261805124301542,-0.009976109115942546,0.9968918936871448,28.6134975855608,77.21054612169378
39.58,0.00839713116317564,-0.04280729660646099,0.9951999519507241,28.613497351242234,77.21054689558443
39.6,0.0016655573400053947,0.0029270449341915186,1.0115912858892844,28.61349710770507,77.21054766577312
39.62,-0.017045323819606786,-0.013137917929939336,0.9850971270138331,28.613496864842343,77.2105484362381
39.64,0.008120386793595932,-0.018025054003374383,1.0137451242925617,28.613496631170253,77.21054921038234
39.66,-0.008598640283613268,-0.038935196709197255,1.0138906251964495,28.613496410817888,77.2105499895784
39.68,0.006352192690901446,0.03754004486790885,0.9467880778297199,28.613496199321553,77.21055077195241
39.7,0.012078424136828126,-0.021943900632760603,0.9986267557251614,28.613495996943637,77.21055155744975
39.72,0.03814206826689771,-0.03643185224713738,1.0040024963133747,28.61349578996927,77.21055234139142
39.74,0.009417548567323141,0.03389283520464022,1.0149616380156998,28.613495583324905,77.21055312544605
39.76,0.019132505994135632,0.0006212468353219328,1.0109796904086485,28.61349537616612,77.21055390932452
39.78,0.013210577742191565,-0.0024808505101475264,0.9649814157806141,28.61349516404684,77.21055469147966
39.8,-0.004499719770559318,0.006187959962987161,1.0019132612538657,28.613494942589284,77.21055547026903
39.82,0.013582103254951648,0.008713769310590022,0.9948106792207958,28.61349472246381,77.21055624954829
39.84,-0.0024855731859181763,0.004264560460089682,1.0214971443146057,28.613494497263346,77.21055702694366
39.86,-0.008258314526070563,-0.030135125979212644,0.9760274574817142,28.61349426966076,77.21055780343073
39.88,-0.021796939712364526,-0.03168533371613079,0.9999485599470241,28.613494052701096,77.21055858386117
39.9,0.013054462111916503,-0.014579476357175726,1.0174265378677356,28.613493845934297,77.21055936787391
39.92,-0.01136317190007424,-0.010202064396943359,1.015208210037852,28.613493641507507,77.21056015268249
39.94,0.01256898359256399,-0.007200600325736455,0.9969121445195637,28.61349343572447,77.210560937031
39.96,9.374494743400285e-05,0.0045712683222808425,1.0235952676359714,28.61349322663475,77.21056172024393
39.98,-0.005683747536943412,-0.0055913535876854804,0.9853783179098493,28.613493018904578,77.21056250392614
