timestamp,x,y,z,lat,lon
0.0,0.024982316508286924,0.0195240244137034,1.0178425673059903,28.61390023948946,77.2090007718369
0.02,0.017113029616901466,-0.0040801630180781635,0.9565077078448315,28.613900475840282,77.20900154492819
0.04,0.0021093137648089066,-0.016288532624862555,0.9932400259670564,28.61390071677394,77.20900231618162
0.06,-0.009290255313276189,0.006919741658160437,0.9749356685337962,28.613900961606767,77.20900308584005
0.08,0.012006275831554154,0.0027801257390637347,1.0298753163272265,28.613901206635862,77.20900385541744
0.1,-0.009099029051949481,0.033636390635015674,1.0160119372607892,28.61390145275427,77.20900462454364
0.12,0.01752019900783277,-0.014741370733107948,1.0030283181574238,28.61390170075903,77.20900539288317
0.14,0.03593511282668155,-0.01925602429450572,0.9917503280659787,28.61390195113618,77.20900616022364
0.16,-0.009752596360285432,0.04202482222939552,1.008470556921241,28.613902192199298,77.2090069314246
0.18,0.01560883196267104,0.023690520799211565,0.9808371129147563,28.613902436319496,77.2090077013767
0.2,-0.013102919496350873,0.01273396273853475,1.0056265375989675,28.61390267841098,77.20900847215955
0.22,0.02054712559101875,-0.013671313738347768,0.997534661676386,28.613902904040167,77.20900924939662
0.24,-0.004930515440084112,0.008354448214496584,0.9836645071957565,28.613903135436882,77.20901002443021
0.26,0.028956586643419664,-0.025811255467998697,1.0139092116695867,28.613903365521967,77.20901079997036
0.28,-0.005553336812735568,-0.01026808271409202,1.0377162178449766,28.613903593942,77.20901157614892
0.3,-0.017954323989964854,-0.02326926496074558,0.9714331848490095,28.613903822437642,77.20901235229861
0.32,-0.006686961315670721,-0.015060817785529229,1.018893969274354,28.613904050653183,77.20901312855523
0.34,-0.004461228769922691,-0.02382744740745098,0.9838525531205591,28.61390428484967,77.20901390249682
0.36,0.004726934059513248,0.013918064389812641,1.011680340169176,28.613904516606606,77.20901467739075
0.38,-0.006577420399014063,0.03574842104403305,0.9876566593212456,28.613904760821583,77.20901544730388
0.4,0.0049097311563769345,0.019525994065303573,0.9940057649075262,28.613904992846503,77.20901622209375
0.42,-0.013112523738832904,0.014982950235844129,1.096936724258056,28.613905213186506,77.20901700129738
0.44,-0.04467292625139251,-0.006723748188922852,1.2256947070756778,28.613905435777376,77.20901777967043
0.46,-0.046075133094927154,0.0038436565006967982,1.2873833798747008,28.613905651169365,77.20901856066719
0.48,-0.07909438961004957,-0.021444756130303007,1.3633479534692616,28.613905868571795,77.20901934094078
0.5,-0.039805441387739546,-0.025983568139087258,1.4367765683124718,28.61390608590703,77.20902012123868
0.52,-0.08353386134877941,-0.029057759820972275,1.5297285135155791,28.61390630790158,77.2090208998327
0.54,-0.08393606683330411,-0.024402750962197125,1.539633189818963,28.61390652428558,77.20902168047355
0.56,-0.10348029371609598,0.01374352812572412,1.5348520335065885,28.613906744649462,77.20902245966843
0.58,-0.11398534185349206,0.015935325849873727,1.5770239953867278,28.61390695963592,77.20902324081018
0.6,-0.07946255648615967,-0.018030562952205755,1.532042730250637,28.61390717491067,77.2090240218489
0.62,-0.0829186026531104,0.005871802279189336,1.474549224265551,28.613907390303662,77.20902480284532
0.64,-0.13206709351142432,0.02283912987738247,1.4463084670828787,28.613907615896995,77.20902558009593
0.66,-0.028856590847174624,-0.0030382019452134647,1.3671281495846037,28.6139078410819,77.20902635750019
0.68,-0.03788671381867051,-0.014867200065962236,1.221579975568798,28.61390807407173,77.20902713191425
0.7,-0.043745418435379844,-0.008331593014721554,1.205082787134144,28.613908306642777,77.20902790649164
0.72,-0.0062623032795630085,0.028617569050461925,1.0794454485269631,28.613908525980946,77.20902868606197
0.74,0.008432878164320872,-0.0013908045097602267,0.9745467699643056,28.613908754807166,77.20902946208531
0.76,0.009905676327527473,0.04271445514384671,0.9611381328773856,28.613908984633923,77.20903023772489
0.78,-0.01741061731681289,-0.013351350010720645,1.0025638099636265,28.613909218783167,77.20903101168507
0.8,0.0014231121776094207,-0.010122765121040298,0.9970493856692654,28.613909459987887,77.20903178282863
0.82,0.006041457895448069,-0.028106730383245956,1.0189816524749506,28.613909706541403,77.20903255177404
0.84,0.02463819031128884,0.021447775846547605,0.984050282565374,28.613909943140087,77.20903332476702
0.86,0.0020521196475540644,0.0018847015678797206,0.9903739429483256,28.61391016792016,77.20903410232332
0.88,0.00862386758795957,-0.01800441047698315,1.0395913460264876,28.613910399830054,77.2090348771579
0.9,-0.018205474449760905,-0.007172533300853104,0.9605015524489684,28.6139106290111,77.20903565304538
0.92,0.0013456398611665398,0.00970916279817439,1.0243179452174873,28.613910864441884,77.20903642650093
0.94,0.01734143166293482,-0.016536367689046035,0.9844041942651833,28.613911104472972,77.20903719811955
0.96,-0.013683634540692897,0.006845341064857073,1.0622949800555546,28.61391135833374,77.20903796397343
0.98,-0.0077618570056232575,0.017989425243380465,1.0144430953275374,28.613911597805252,77.20903873581763
1.0,-0.019278333312117927,-0.008670953738647314,0.9874404247776244,28.613911829820523,77.20903951061129
1.02,-0.027108328913829513,-0.03723085742100481,0.9721248808615284,28.613912066263374,77.20904028366616
1.04,-0.017214946464029882,-0.005408726274503697,1.0081849890544052,28.61391230077224,77.20904105748507
1.06,0.011246442592752879,-0.010076953251155665,0.9618038260594337,28.61391253799633,77.2090418302293
1.08,-0.004922191905353532,-0.024907609853703955,1.0137703287235444,28.613912768792886,77.20904260549514
1.1,-0.01714859030719594,0.0117353714552213,0.9721254035427316,28.613913001910614,77.2090433798593
1.12,0.043581836857058937,0.012513248066720686,0.9806028427452929,28.613913236351955,77.20904415370475
1.14,-0.014035522930142508,0.0043641194605557885,0.9439477841914292,28.61391347528567,77.2090449257652
1.16,0.012491490033327422,-0.008669705655464465,1.0026027383539942,28.613913710122073,77.20904569945522
1.18,0.006659449341632572,0.0027024297167183497,1.0055878384409442,28.6139139298967,77.20904647886607
1.2,0.004963591092413761,-0.013001814042269131,1.0005673699778368,28.61391415161539,77.20904725756213
1.22,-0.03661754386244383,0.013695053491717443,0.9655539980074591,28.61391437535469,77.20904803550788
1.24,0.025403041234953953,-0.00875172384390655,1.0286928751393483,28.613914599265676,77.20904881338953
1.26,0.006389597665625088,-0.005041950867776169,0.996759043575974,28.613914821399,77.20904959193224
1.28,0.0183792965693524,-0.003376069112629038,0.9895640263050719,28.613915045574707,77.20905036971496
1.3,0.02277356858342399,0.06534440352503629,1.0160645112104905,28.613915272427004,77.20905114649
1.32,0.03427340451689453,-0.02039327749903504,0.9911936185981045,28.613915498716487,77.20905192347803
1.34,-0.019967026032271167,-0.009408750271812047,1.0088243200986247,28.613915736914564,77.2090526958334
1.36,-0.014375367283421554,-0.03204318516118516,0.984394638280775,28.613915978820568,77.20905346669191
1.38,-0.011640450600781102,0.005083771579748006,1.0163231578771954,28.613916234218184,77.2090542318825
1.4,-0.017325724181086126,0.03462301161728947,1.0158096725696355,28.613916492922137,77.2090549956305
1.42,0.02643357068599799,-0.004581412864670058,0.9909363582331141,28.613916757972152,77.2090557565497
1.44,-0.020063969298061552,-0.012844669880841264,1.0030451804551554,28.61391701882884,77.20905651934696
1.46,-0.007585063118614832,-0.0012158628093724983,0.9995038658494453,28.61391728460168,77.20905727993895
1.48,-0.05100489089859957,0.020694334880497104,1.0768183494297332,28.61391755281326,77.20905803941928
1.5,-0.02148344605204964,0.027629127425478683,1.1321800062719163,28.613917835282074,77.20905879216268
1.52,-0.05519596468358358,-0.020941863349940967,1.2063014606821674,28.61391811098017,77.20905954815642
1.54,-0.04970334617423412,0.0131634474304162,1.2831126536345487,28.613918393871874,77.20906030069372
1.56,-0.06578169737364423,-0.0020324843950859225,1.345861363035349,28.613918679948927,77.20906105166686
1.58,-0.12234516238409698,0.028850254955212384,1.3687489073961396,28.613918960887734,77.2090618051529
1.6,-0.09248405858429982,0.04590422400459224,1.4154859002810356,28.613919236646424,77.20906256111797
1.62,-0.12138774932020618,0.03641167813686825,1.3840473802543447,28.61391951975968,77.20906331354716
1.64,-0.09675085060556836,-0.01972493441142452,1.4298924951827199,28.61391979938837,77.20906406766531
1.66,-0.10790415244572957,-0.016829944056794645,1.4167392569649206,28.6139200866032,77.20906481807472
1.68,-0.052844155966947894,0.03388861853802448,1.4027950285019837,28.613920372286895,77.20906556924216
1.7,-0.026533175178490964,-0.002079207193782503,1.37293825027615,28.61392066313334,77.20906631783431
1.72,-0.07226518329914802,-0.015388587132661018,1.304506067972872,28.61392096063564,77.20906706302479
1.74,-0.050664044404459194,-0.02725363510512167,1.2631964559158344,28.61392125790733,77.20906780833468
1.76,-0.08182572386737032,0.0027939465923401343,1.1553536892962015,28.61392155990503,77.20906855117505
1.78,-0.051260777505330535,-0.008240046527678454,1.0802461625734279,28.61392184867864,77.2090693008078
1.8,0.007724025998833119,0.007806614076669311,1.016133618084666,28.613922141512163,77.20907004839408
1.82,-0.000647316752237502,0.0038036685110989406,0.9978627167038429,28.61392244214728,77.2090707919513
1.84,0.008425780435972047,-0.024312147135469635,0.9933815649950407,28.61392274863742,77.20907153240029
1.86,-0.01596053280088956,-0.016350065997884338,1.0274843261868254,28.613923055240534,77.20907227278859
1.88,0.006053279559167206,0.018892635382296293,1.0144740406780612,28.613923361115596,77.20907301356753
1.9,-0.050589992559489476,0.020654504480049588,1.013194836860762,28.61392366497636,77.2090737554214
1.92,-0.012184371792981546,-0.007428679172598289,0.9827145665619794,28.613923962888396,77.20907450039947
1.94,0.009331219364946306,0.003520993745045571,1.0188743547842156,28.613924271685907,77.20907523960344
1.96,0.03393135232168066,-0.02081484048789699,1.0016458067967424,28.613924574258125,77.2090759821404
1.98,-0.0023395251330214097,-0.0010736332750643568,0.9802069157048012,28.61392488277489,77.20907672149647
2.0,0.011796557318692308,0.022106693790618522,1.013938549288389,28.61392518868222,77.20907746225815
2.02,-0.013387319752594115,0.03336611327316671,0.9760187763443283,28.613925483352627,77.2090782089073
2.04,0.00887172884529886,-0.0025123992135226906,0.951846903133065,28.613925783245868,77.20907895285319
2.06,-0.009878229422737602,-0.006283945559137141,0.963898066994863,28.61392608861228,77.20907969390441
2.08,0.039094020984155965,-0.02872895471538539,0.9950306758051854,28.61392640062597,77.20908043135385
2.1,-0.006577363167324232,-0.011969426255756196,1.0308219017875409,28.613926714825947,77.2090811675978
2.12,-0.003396972508517076,-0.0013697056415041826,1.0062560939997665,28.61392702082254,77.20908190831165
2.14,0.015483095154116926,-0.003487652369252127,0.9979503372836172,28.613927334045723,77.20908264509548
2.16,0.01004890989007098,-0.011349846495502317,1.0263827373088408,28.61392765045866,77.20908338010862
2.18,-0.0073086823425819085,0.023741697575572287,1.0102050390575217,28.613927960560744,77.20908411860361
2.2,0.008196506658721544,0.00828024759569173,1.0204801651014515,28.61392826661174,77.2090848592883
2.22,-0.021095563475236456,-0.0033107680150534914,1.0194460303053892,28.613928575908165,77.20908559822158
2.24,0.00452645075213651,0.013673355682783356,0.9937254164369195,28.613928886572104,77.2090863364101
2.26,0.010985500512765345,-0.0005201051599575448,0.9953669502372514,28.613929191288086,77.20908707780868
2.28,-0.008453462921765204,0.03104757131616998,0.9833308281942392,28.613929485671484,77.20908782460474
2.3,-0.0073984179723232905,-0.015898084569958587,1.0166150162226577,28.613929768861208,77.20908857699666
2.32,-0.01259023981375022,0.0065643307710900045,0.9754475885564265,28.61393004291068,77.2090893337679
2.34,-0.02871757814986953,-0.042511617997165234,0.9822805340260322,28.61393032140547,77.20909008843041
2.36,0.008304194520085293,-0.007834254982338648,0.9985997112238617,28.61393058780659,77.20909084873723
2.38,-0.009503949003329954,0.0030379701456974173,1.002198525598226,28.613930859132008,77.20909160678109
2.4,0.011128764387202086,-0.006421566508303124,1.011733288188508,28.613931141407576,77.20909235961864
2.42,-0.0036484026153025583,-0.02210443211273673,0.9991672490126047,28.613931422940382,77.20909311281702
2.44,0.012295914140236848,-0.013885283957773673,0.9927260201843469,28.61393169468201,77.2090938706674
2.46,-0.034271626504979856,-0.020129117758047,1.0144608754678681,28.613931962002646,77.20909463055531
2.48,-0.02292078645398313,-0.0023876140377247714,1.0182861062928903,28.613932229814917,77.20909539021856
2.5,-0.016838067912380676,0.015701980627019295,0.9660041013448628,28.613932495683006,77.20909615076746
2.52,0.02394108237362678,-0.006935179745157313,1.0213908724900556,28.61393275799451,77.20909691291719
2.54,-0.010312654005314522,0.03617851674836191,1.0644765459895356,28.61393301931841,77.20909767550702
2.56,-0.04139439419788272,0.004573121925541371,1.1715690310410243,28.61393328261844,77.20909843721431
2.58,-0.06219510595054089,-0.04097137156367652,1.190444428130167,28.61393355086439,77.20909919667899
2.6,-0.055447527628463625,0.00666329811895693,1.2404701898299875,28.613933818361318,77.20909995648641
2.62,-0.09158452509926338,-0.0010079234708991604,1.3213669570514348,28.613934086675464,77.20910071591985
2.64,-0.07480431083563535,0.027547879833975032,1.3885662865011859,28.61393435496556,77.2091014753643
2.66,-0.10046959854348603,-0.0003394501782896324,1.3392577105507102,28.61393461626756,77.20910223796389
2.68,-0.07371293505651731,-0.005063143507001927,1.401585110236093,28.61393487922659,77.20910299982403
2.7,-0.11846603238709352,0.041458829946518394,1.3960237284830121,28.613935143577056,77.20910376105908
2.72,-0.09874205190913991,-0.04211409326174002,1.3710603931434298,28.61393540665794,77.20910452286464
2.74,-0.10789511105878308,-0.006885377679958782,1.38741665068628,28.613935652089367,77.2091052922759
2.76,-0.047237679342183175,0.005314105820618511,1.2701408226509812,28.613935904881124,77.20910605858866
2.78,-0.06695240648834926,-0.007987706520530947,1.2826092579971835,28.61393615031269,77.20910682799986
2.8,-0.07279016483103441,-0.04201609841618139,1.2229053143237905,28.613936397762675,77.20910759657171
2.82,-0.05416629012561366,0.008081740896553134,1.1635560393606634,28.613936645624104,77.20910836497151
2.84,-0.00809395339668701,-0.009159816134301876,1.0924273584875122,28.613936902315174,77.20910912960044
2.86,-0.036370126393473146,-0.002724807885741602,1.0047072259210432,28.613937146339147,77.20910989959239
2.88,-0.0035644077800067566,0.025177142225813555,0.9938985061426964,28.613937388858286,77.20911067020103
2.9,-0.017048580994851074,0.006089250487247502,0.9877925191303116,28.613937626915284,77.20911144261301
2.92,-0.00319289120570176,-0.012400685339443916,1.0117543612430935,28.613937875108313,77.20911221087391
2.94,0.002024921976479509,0.007871797839619417,0.9998751891445542,28.613938127627847,77.20911297730315
2.96,-0.0019689653207013292,-0.008489245925509465,0.9957849201945129,28.61393837737001,77.20911374491236
2.98,-0.00532302796129892,-0.0060712615173343365,0.988925971700751,28.613938628196607,77.20911451206261
3.0,0.0033116517020570654,0.015146533642114093,0.9918473808754186,28.61393887601253,77.20911528048147
3.02,0.03499807944583315,-0.012834540318852542,1.0155404995115533,28.61393910958953,77.20911605466621
3.04,0.025477720536418752,0.011231334697464488,1.00037230927017,28.613939339734063,77.20911683018373
3.06,-0.006754338448359503,-0.0046020602723067855,1.0241843443707024,28.61393957293133,77.209117604517
3.08,0.014500324067583557,-0.0101588905584288,0.9729384811073284,28.613939810551315,77.20911837710358
3.1,0.013520232615343393,-0.010089378393029647,1.0124108213944156,28.613940053355083,77.20911914759593
3.12,-0.007581394111671294,-0.01227972377561187,0.9798379058451601,28.613940299049133,77.20911991689844
3.14,-0.0006353685120655723,0.0017852787984833022,1.0241840300462288,28.613940547344676,77.20912068511639
3.16,0.010750321832331874,-0.005494799372795353,1.0247178061979811,28.61394079483809,77.20912145367012
3.18,-0.014606824683492819,0.027390202848165634,0.971794964045875,28.613941038763535,77.20912222370261
3.2,-0.004811928775601106,-0.0177425644558948,0.9846884869089495,28.61394127974307,77.20912299493776
3.22,-0.003953609854505552,0.01086234195831582,0.9855438072561309,28.613941519827943,77.20912376653489
3.24,-0.005393599234490424,0.022865568040741562,1.0252516037832275,28.613941758549718,77.20912453868061
3.26,-0.006180680514091897,0.034602519913722145,0.9881183828592343,28.61394198000876,77.20912531747274
3.28,0.008843672428053754,-0.01623548334451229,1.0138001751647416,28.613942206401067,77.20912609442209
3.3,0.0005297950255715061,0.020487712146159565,0.9867762173468781,28.61394243304472,77.20912687127635
3.32,0.01278673208486846,0.00411801413600692,1.0215090076448607,28.61394267182673,77.20912764339792
3.34,0.050402552200409366,0.021044828218878348,1.0234938474990385,28.613942913202447,77.2091284144723
3.36,-0.010700552324563817,-0.012893379658242617,1.0333980109327392,28.61394316065232,77.20912918304425
3.38,0.004353766083698361,-0.002325194482531614,0.996571158996399,28.61394341301992,77.20912994953846
3.4,0.010171620686015721,-0.007273625441557846,1.0000557739200373,28.61394367334836,77.20913071257004
3.42,0.021838729627402853,-0.009016205798223566,0.9972176105161364,28.61394394270977,77.20913147152234
3.44,0.008689101807628769,0.000822770775245957,1.000527622977361,28.613944211256086,77.20913223084935
3.46,-0.02185701537750773,0.04989796159187288,0.9914878132253033,28.613944475060674,77.20913299233015
3.48,-0.013248356850190435,0.013377611206039643,1.0211411433658037,28.613944744014873,77.20913375146982
3.5,0.0029291190733590168,-0.007022454827471224,0.9847863462703752,28.61394502642637,77.20913450424132
3.52,-0.013817175436748597,-0.005839156797838652,0.9971084326811072,28.6139453081036,77.20913525736972
3.54,-0.029528577229360666,0.011251037736609246,1.0038518634211986,28.613945586673925,77.20913601199616
3.56,-0.016127692874814234,-0.0037231740853074157,1.0098088752480416,28.61394586077476,77.20913676874339
3.58,-0.016019259004320982,-0.003652503000106545,0.97618366573234,28.6139461416457,77.20913752226245
3.6,-0.038562362145243584,-0.02218364128807542,1.0819447773338386,28.61394642651952,77.20913827382908
3.62,0.014410874597340098,-0.0009412238814234207,1.1712083114964424,28.613946718698305,77.20913902174789
3.64,-0.04633730766945177,-0.05050013582347416,1.2649011288157759,28.613947015722914,77.20913976718577
3.66,-0.06505818656110272,-0.03536817585601398,1.314198506156418,28.61394731790642,77.20914050992828
3.68,-0.06141160488713614,-0.007006168127133818,1.375196585728471,28.613947623409917,77.20914125090633
3.7,-0.05355054498287258,0.013205488693471058,1.4259115201214505,28.613947930547994,77.20914199100703
3.72,-0.08844914161152136,0.032227195866412,1.475659548136687,28.61394823694077,77.20914273150848
3.74,-0.07922238286619099,0.008027350118444796,1.4296733534833441,28.613948548818954,77.20914346903245
3.76,-0.1096138074682726,0.010684656950978975,1.472825715531701,28.613948861601553,77.20914420605926
3.78,-0.11430872706737533,0.002256968188699943,1.4780624118346606,28.613949180238475,77.20914493982481
3.8,-0.07133266665162667,0.016768262101526703,1.4066190019847695,28.61394951013195,77.20914566710678
3.82,-0.0620011429888955,0.004267671087219478,1.3621825004316646,28.613949836569052,77.20914639640968
3.84,-0.05144547641895213,0.007452253621522247,1.34295470687933,28.61395016724243,77.20914712323193
3.86,-0.0501315206724389,-0.03127271990309606,1.2418738753959144,28.613950508923633,77.20914784341717
3.88,-0.05171497415285314,0.005259227996017213,1.1643737847138365,28.61395084705582,77.20914856577268
3.9,-0.02798610598789683,0.00046532793847314265,1.0924060249325804,28.613951186777452,77.20914928715983
3.92,0.02310143347821111,-0.008322815160199268,0.9403213451712649,28.613951523628042,77.2091500102919
3.94,-0.011817255970601806,-0.006850401422679238,0.9636316343279531,28.61395185781986,77.20915073502297
3.96,0.0037250535072352767,-0.026677018368944344,1.0115901196388473,28.613952198953978,77.20915145554468
3.98,-0.01541790284989471,0.010781734917603604,0.9951026323213227,28.61395253418791,77.20915217965096
4.0,-0.003823600246326972,0.004699804003547157,0.9967939996690529,28.61395288101483,77.2091528966374
4.02,-0.02161085536795409,0.0013841649817806511,0.9868532896859746,28.61395323033884,77.20915361204908
4.04,-0.00149203364019751,0.004600021086422524,0.9945000970911284,28.6139535825693,77.20915432560916
4.06,-0.0095507537727224,-0.024924292143755872,1.0238406519706857,28.61395393965387,77.20915503603173
4.08,-0.034130971320739854,0.03526645737496117,1.0026393111320382,28.613954289065383,77.20915575138797
4.1,0.013096583424784734,0.01886179469873203,1.0211903398074533,28.613954636583514,77.20915646793999
4.12,0.012186295846494976,0.012412300314550522,0.9969122610116673,28.613954992924548,77.20915717884685
4.14,0.0011226181322629115,0.029690350076038274,1.0003863875545143,28.613955357121874,77.20915788456855
4.16,-0.022483268407447007,0.004222344754417504,1.0065106841176372,28.61395570788966,77.20915859906299
4.18,-0.022206758572730058,-0.005649724751470416,1.010531184358346,28.613956061644497,77.2091593116439
4.2,0.046611485870596575,0.005476458605330136,0.983051853848923,28.613956420367767,77.20916002099443
4.22,-0.05244164728040244,0.030538680845115986,0.9994838222276273,28.613956771865784,77.20916073502306
4.24,-0.021812539950236118,-0.017889684790891498,0.9864929821404183,28.61395713444701,77.20916144182377
4.26,0.04299179516089045,0.030299844815303848,1.0301803075364806,28.61395748838756,77.20916215428501
4.28,0.049252422777045154,-0.027044360348383457,0.9655155428579013,28.613957847306978,77.20916286350678
4.3,0.03398274243001864,0.010661614807507972,1.0117216098062636,28.613958203015912,77.2091635748243
4.32,0.0106369659466223,0.02020423754156715,0.9845324009411407,28.613958561711183,77.2091642841932
4.34,-0.012728318591079193,0.012888690053910353,0.9773013179860889,28.613958930165644,77.20916498704165
4.36,-0.03365283828010597,0.020951075566698202,0.9939553992639614,28.613959297518363,77.20916569063802
4.38,0.008122999041858573,-0.002550176362263906,1.0258060787211933,28.61395965900048,77.20916639816889
4.4,-0.015261022591129417,-0.02546262369645418,0.9871542556969068,28.61396003496794,77.20916709583544
4.42,0.02903244488786476,0.021005093754338164,0.9639151670472361,28.61396041798856,77.20916778850578
4.44,-0.03706989514747839,0.03697230395840364,0.9811128971753339,28.61396079345274,77.20916848652395
4.46,0.004008506539779895,-0.003292865650894974,1.0024739139017922,28.613961166477452,77.20916918623723
4.48,0.018574889531550107,0.013638784272897848,0.9676662718717701,28.61396153664802,77.20916988791461
4.5,0.020253222574002284,-0.016527808966668077,1.0144245638401534,28.613961901068578,77.20917059348682
4.52,0.01667259186080839,-0.01803642130254961,0.9683760961744005,28.613962262587297,77.20917130099343
4.54,0.006809225139591867,0.002146990103621973,0.9903561304452827,28.6139626231897,77.20917200910658
4.56,0.002554407474787594,-0.014553171109598867,1.0163797455052601,28.613962976831534,77.20917272176032
4.58,0.018159505112391724,0.0019244039689641354,0.9899555580085028,28.61396333291124,77.20917343283713
4.6,0.00681227327262895,0.06060636293092616,0.9731364766825212,28.61396368909442,77.2091741438467
4.62,0.007456648116707125,-0.014117640791631633,0.9981834657957818,28.61396404011076,77.20917485818278
4.64,0.0006875295932246471,0.006831106288624384,0.9901338192975182,28.613964395913218,77.20917556943965
4.66,-0.026077032408909056,-0.03516851885295611,1.0972315963424835,28.613964742782986,77.20917628639927
4.68,-0.0631229442750213,0.010465991396870725,1.1599455711974673,28.61396508781758,77.20917700450704
4.7,-0.07619156563636194,-0.014108189336414723,1.219255728293454,28.613965440071894,77.20917771805193
4.72,-0.0750336290614125,0.005852777724593127,1.26806177023019,28.613965793538156,77.20917843081871
4.74,-0.08221178133814919,0.005317840859265871,1.3126418573431526,28.613966155641265,77.20917913793747
4.76,-0.10887011715139847,0.002782226410401951,1.3511290704055026,28.613966517211033,77.20917984541026
4.78,-0.11703060970420359,-0.018948879938124438,1.347899360490326,28.613966881130832,77.2091805513178
4.8,-0.10686558306745854,-0.005676807813623792,1.395621848741256,28.61396725039547,77.20918125361435
4.82,-0.08153225269364937,0.004714356238250295,1.379712813553836,28.61396763057596,77.20918194831208
4.84,-0.13858500824311343,-0.004852751309046992,1.3803801078438331,28.613968015573157,77.20918263955909
4.86,-0.10828291321624123,0.028066151698759766,1.3566536019116042,28.613968401665645,77.20918333001295
4.88,-0.07656981635338947,0.0008203260682028954,1.30730641125266,28.61396879001025,77.20918401882594
4.9,-0.041635727368983425,-0.019857407331497677,1.2862926376010773,28.613969186902874,77.2091847012873
4.92,-0.00942659572143243,0.008628648394297975,1.1876301853708786,28.613969583667195,77.20918538384547
4.94,-0.04296781377767283,-0.048939726327115254,1.1336265320411838,28.613969986317418,77.2091860619163
4.96,-0.025510373052415235,0.03923097446488017,1.0664281755467457,28.613970383463005,77.20918674418668
4.98,-0.002753924173945896,-0.03441567515288258,1.0231092565237212,28.61397077418255,77.20918743125472
5.0,0.004542209910484606,0.01792921840340485,1.0006212349491934,28.613971166451385,77.20918811717628
5.02,-0.0008980025888675697,0.014815759865438607,0.9996523170694256,28.613971549181286,77.20918881005518
5.04,0.002331105725674501,-0.022610793063622583,1.0174102612711096,28.613971932768226,77.20918950231882
5.06,-0.026727138465413792,0.011189173375341166,0.9895587979590308,28.61397232422578,77.20919018884155
5.08,-0.03323983402916666,-0.013789634536468916,1.0175032073359793,28.613972708512936,77.20919088060108
5.1,0.014306204001127877,-0.0033085713150858764,1.0079559912539957,28.613973082948384,77.20919157933602
5.12,-0.003855630009501598,0.009407965510234168,1.0247500140507586,28.61397345126444,77.20919228227868
5.14,0.016670205465691628,-0.0009666463987634314,0.9924188800864238,28.613973824283335,77.20919298199607
5.16,0.004475519542869622,-0.02000105150391623,0.9941110343509394,28.613974204861897,77.20919367641096
5.18,-0.02866090442205607,0.008207486670955815,1.0028430994252593,28.613974587573537,77.20919436930296
5.2,0.031064461257521755,-0.004162245529507625,0.99878394036318,28.613974955106222,77.20919507277748
5.22,0.0006271501692169675,-0.0022121688153427274,1.0153534273968223,28.613975329881193,77.20919577127619
5.24,-0.01494495384016309,-0.0010300664089333191,0.9956709233861554,28.613975699610823,77.20919647325526
5.26,-0.010684016342047006,-0.026906168041737635,0.9787932034988371,28.61397606991053,77.20919717484432
5.28,-0.024226951502283895,-0.02248551493875839,1.0270906573055074,28.613976434378777,77.20919788038465
5.3,0.006654183998465722,-0.011783919267730501,1.0383044900936844,28.613976806621878,77.20919858063796
5.32,-0.002223701371022131,0.008206601730911882,0.9686493014260592,28.613977180397573,77.20919927983113
5.34,0.04037238105637704,-0.018582721307656466,1.009603645934167,28.61397755967033,77.20919997517247
5.36,0.010398759103391098,0.023785205123558174,1.0149427637557695,28.61397794406414,77.20920066685515
5.38,0.039160748255883386,0.004033316871426431,1.0048671309611543,28.613978323974624,77.2092013617446
5.4,-0.019225170848590933,0.007287566825866826,1.0314776403879269,28.613978710687586,77.2092020517478
5.42,-0.006616154099544537,-0.006633368424748098,0.9731620904058386,28.6139790956431,77.209202743025
5.44,0.017802268009128076,-0.03192103124791726,0.9887258782448048,28.61397948026008,77.2092034345467
5.46,0.0117781894119136,0.01063837348188104,1.0021362480107965,28.613979870649683,77.20920412185811
5.48,-0.0003125671470107318,-0.014444065622428509,1.0183974335096981,28.61398026547979,77.20920480587019
5.5,-0.021529574927426475,-0.029837848373238274,1.0241462728323145,28.61398065830253,77.20920549138036
5.52,-0.04356550224748078,-0.01669523758683835,0.9758823052672169,28.61398105127653,77.20920617677803
5.54,-0.00439863407602876,-0.0015944759245196181,0.9644731913110905,28.613981444020084,77.20920686234707
5.56,-0.0035445492274250525,-0.0475651924177,1.01559127367712,28.613981838162463,77.20920754687364
5.58,0.002560955972011828,-0.00672241196004582,1.0023312965577225,28.61398223408978,77.20920823006227
5.6,-0.02891227531807253,0.020166478061014327,1.003287485156349,28.613982630146403,77.20920891315365
5.62,-0.017585715977292936,0.000639479732106296,1.016076600936218,28.613983017531947,77.20920960266713
5.64,0.007837121075822054,0.023987491701608157,0.9838011811284636,28.613983401709543,77.2092102945057
5.66,0.011700799108762419,-0.008063077247958595,0.9952033142614216,28.613983786681757,77.20921098577087
5.68,0.004019199006686726,0.0230630175289602,1.010473832340808,28.613984178196343,77.20921167225146
5.7,-0.006931097476463024,-0.026832819530846843,0.9809836603077862,28.61398457223272,77.20921235685722
5.72,-0.042116239794078095,0.011997508412000563,1.0573440875249365,28.61398497178293,77.20921303730348
5.74,-0.017046336743398387,-0.0021654343738468883,1.1361573591820766,28.613985376078748,77.20921371410263
5.76,-0.03810371967096937,0.027097367552104616,1.2058349584669168,28.613985791416255,77.20921438216966
5.78,-0.07885242578838655,-0.008247875773466673,1.2210891780049498,28.613986206819988,77.20921505018326
5.8,-0.06313736316724713,-0.021051733473609065,1.309493283494596,28.613986610010084,77.2092157278378
5.82,-0.09089789156785723,0.010133656956961478,1.3409401149468032,28.613987012032414,77.20921640639202
5.84,-0.10982901567554527,0.03294372379079308,1.3400977236181923,28.61398740971113,77.20921708825944
5.86,-0.08103888500027068,0.004723599437158841,1.4145112276879848,28.613987801626376,77.20921777444333
5.88,-0.09757007243179329,-0.0008420135840699146,1.3505158620084814,28.613988195267016,77.20921845934447
5.9,-0.10474468728274731,-0.024299174678206394,1.371633283285909,28.613988590227965,77.20921914325858
5.92,-0.1151625595730896,0.018938093901763948,1.3377547781435168,28.613988993535497,77.20921982082244
5.94,-0.10359601224570948,-0.0010321356483060985,1.2878799952288718,28.613989395670977,77.20922049928966
5.96,-0.05042940964141945,0.014016200381858643,1.251819913574963,28.61398979747352,77.20922117801278
5.98,-0.04358494446520815,0.003944534617083972,1.2060373651951672,28.613990204362658,77.2092218527923
6.0,-0.05951703054139494,0.0408001738421215,1.1911539944144403,28.61399060442153,77.20922253285067
6.02,-0.04214725342156621,-0.011148313019141076,1.0392203975632748,28.613991009104804,77.20922320934932
6.04,0.04205068093087203,-0.010416615186152032,0.9457778162741751,28.61399139671648,77.20922389869794
6.06,0.009292504113561025,0.02026841442676762,0.9797971517032493,28.613991781883524,77.20922458982233
6.08,0.024190846392225226,0.02075904463252355,0.9993974803204627,28.61399216718327,77.20922528085072
6.1,0.029845097063508297,0.02139216987403235,1.0133097962670716,28.613992540649114,77.20922598025881
6.12,-0.01856341104838092,-0.00025343892029460163,1.0019293204926467,28.61399292803395,77.20922666977287
6.14,0.03485517867989852,0.00415314434952756,0.9969561699562473,28.613993317149703,77.20922735802108
6.16,-0.021556367303017437,-0.026947086752016465,1.0307333683104865,28.613993708881235,77.20922804434113
6.18,0.014584008926577496,-0.003217375146635947,0.9841823480182197,28.61399410170347,77.20922872985176
6.2,-0.002319604169812973,0.005535928786900528,1.0332503612863324,28.613994493163922,77.20922941637248
6.22,0.01446983347878795,0.005546730337399369,1.0124106817925818,28.613994885892602,77.20923010195267
6.24,-0.004214156954783192,-0.015154798314891152,1.0299921837596095,28.61399527015112,77.209230793733
6.26,0.010980452690768557,-0.021986888255726592,0.9811416123566851,28.61399565176202,77.20923148741248
6.28,0.027238016012992566,0.02088383504874624,0.9929560587323126,28.613996030421173,77.20923218318775
6.3,0.02239303350603715,0.017747030675423412,0.9707749994869893,28.613996406252294,77.20923288094987
6.32,-0.001238089348706964,-0.004645401374775206,1.00600390477545,28.61399678994399,77.20923357313833
6.34,-0.019071423670759046,0.020649365662668777,1.0064186497032588,28.613997172407657,77.20923426620813
6.36,-0.005951058889231918,0.018789566393611682,1.0401701146857756,28.613997553431542,77.20923496030622
6.38,0.008883410176083878,-0.033567793881721916,1.0016162636921522,28.613997941281887,77.20923564948066
6.4,0.013040025376155237,-0.0020782586804646433,0.969654612053884,28.613998323756757,77.20923634254245
6.42,0.021400395295676968,0.02677305250235484,1.0188838695882612,28.613998718547325,77.20923702658426
6.44,-0.014621137820372263,-0.031805038084889554,0.9817333649498827,28.613999098083404,77.20923772173929
6.46,-0.018646852641039498,-0.029014189096319507,0.9746099916502569,28.613999477848477,77.209238416732
6.48,-0.020395620024388838,0.012532315984637563,1.014039601115274,28.61399986281879,77.20923910799866
6.5,-0.003941198987003737,0.025846890227285823,0.9846426038799546,28.614000244033164,77.20923980196102
6.52,0.004284386182865472,-0.005598210367990942,0.9880219800672704,28.614000621425525,77.20924049862884
6.54,0.007399147703724098,-0.00938796318391608,1.028049755882152,28.614000986226117,77.20924120394643
6.56,-0.028287542512317753,-0.033982226520996486,1.010271205762213,28.614001339934585,77.20924191655752
6.58,-0.019067278338559895,-0.0059658559692074,1.0119403135787655,28.61400170193066,77.20924262374761
6.6,-0.01405109883610236,-0.029439248420953107,0.9724713129456765,28.61400206560191,77.20924332982158
6.62,0.03515206984089458,-0.007092908460555419,1.0141108893492432,28.614002434896417,77.20924403209798
6.64,-0.007621922854630127,0.026215534249861755,0.9944514258334187,28.614002799605377,77.20924473747706
6.66,-0.029534688723762425,-0.02588892858817913,0.9911177600924324,28.614003155516002,77.20924544866398
6.68,0.007629739803196883,-0.005045746897123632,1.008169896609145,28.61400351961534,77.2092461544516
6.7,-0.0021724133190314317,0.01721985245390066,1.0001663021045626,28.614003884106214,77.20924685997696
6.72,-0.023498184023772645,-0.015524675989659141,0.9707343880081613,28.61400425250328,77.20924756286473
6.74,-0.009472957280433226,0.008157877075788116,1.0190400475262076,28.614004615676727,77.20924826927111
6.76,-0.006827624722938172,0.016203892122486938,1.0209509086917197,28.614004976307797,77.2092489773656
6.78,-0.020837572177658477,0.0015684218221031774,1.0544092748151341,28.614005329605103,77.20924969024134
6.8,-0.01752474674415697,0.0019790553228805343,1.1422378145668972,28.61400568553432,77.20925040141618
6.82,-0.04143271928369317,-0.02195903200646743,1.2078039308250088,28.614006042191555,77.2092511121176
6.84,-0.06486890693206582,-0.007985248469137183,1.2051805143903822,28.61400639638714,77.2092518244147
6.86,-0.06007954858639895,0.0032438313292175477,1.2770093089429313,28.614006752276303,77.20925253561556
6.88,-0.09771246022754469,-0.03803136230698063,1.278742064822627,28.614007106297095,77.20925324802542
6.9,-0.11068517766602992,-0.044928066195302166,1.358971610838493,28.61400745234603,77.20925396549985
6.92,-0.0933986386821129,-0.0030638896298789344,1.367429111213565,28.61400778487884,77.20925469122085
6.94,-0.09494261241573834,0.007576296284617086,1.345393358600544,28.614008120518758,77.20925541508342
6.96,-0.12570071095953492,0.0017622032262713588,1.343286006024191,28.61400844243574,77.20925614698925
6.98,-0.05965164187893646,-0.03242340674606994,1.314927417664676,28.614008767575953,77.20925687704393
7.0,-0.10017667874030753,0.02207090135049147,1.246507171595935,28.6140090871351,77.2092576102893
7.02,-0.05678012460286782,0.002070828226229062,1.2685604117100353,28.614009409872708,77.20925834172603
7.04,-0.04158798274064733,0.019413880299483106,1.1946374149472159,28.614009739204146,77.20925906933887
7.06,-0.0978561552101794,-0.012773026301732824,1.1271741753158553,28.61401006070104,77.20925980148427
7.08,-0.013830573733112358,0.005300145441892482,1.063400470954566,28.614010382513793,77.20926053344958
7.1,0.032748290387314215,0.010407760052425503,1.0141546133355974,28.61401069604969,77.20926127006138
7.12,-0.01420256441670587,0.020090443495818962,0.9682634008397976,28.614011004713895,77.20926200933819
7.14,-0.037957443118763055,0.01839953284834896,0.9824925800942504,28.614011310707426,77.20926275005426
7.16,-0.0023437046251080997,-0.016000813609601747,1.0042593468038925,28.61401161311244,77.20926349268022
7.18,0.009321024977410925,-0.002315592228622898,1.0223114572963723,28.614011908402524,77.20926423901224
7.2,-0.0017446728432087485,-0.010464210912986245,0.9517995651420065,28.614012197610126,77.2092649884285
7.22,-0.019006605800180876,0.002859233000139253,1.0199214467823794,28.614012489476703,77.20926573650594
7.24,-0.020605728051720222,-0.028751294335242737,0.9858396511635101,28.614012778563218,77.20926648598282
7.26,-0.03244331138416225,-0.03179806006844342,0.9942684938612755,28.614013057744405,77.20926724031676
7.28,-0.0374990479774836,0.04771289718382565,1.0006762339246271,28.614013336625646,77.20926799479466
7.3,-0.006861070555992932,0.03870690729293854,0.977903230084543,28.614013618775996,77.20926874769371
7.32,0.008480627362660807,0.02331825243492601,0.9751948146551938,28.61401390502787,77.2092694985811
7.34,0.0031832159016688694,0.00968442318038065,1.004150877487128,28.61401418567205,77.20927025221026
7.36,0.00501781833176734,0.015509312419992014,1.037896900911054,28.61401446790604,77.20927100506864
7.38,0.012636562355394213,0.015563697510876566,0.98107614394681,28.614014747744136,77.20927175908668
7.4,0.026164519603845547,0.03309375866435903,0.9809188425905303,28.61401502948784,77.20927251218332
7.42,0.0005528235768318531,-0.009850237811304615,0.9755252526920869,28.614015303451147,77.20927326899566
7.44,0.0068948318475147395,-0.015152498324395596,0.9954888941465916,28.614015576416136,77.20927402627595
7.46,0.007027972711345865,-0.00030386544351308434,0.9803471390919986,28.614015839859277,77.20927478791963
7.48,0.0029461880995961054,0.011910472115908809,0.9807776844386197,28.614016093973056,77.20927555366538
7.5,0.00038467859002797483,-0.005096845094566498,1.004203490349065,28.614016348679268,77.20927631915569
7.52,0.002006270427268555,-0.011052779579353382,0.9711091314858109,28.61401659440306,77.20927708844644
7.54,0.03123042610893156,0.02874471868317211,1.0324461806578518,28.614016842406517,77.20927785678735
7.56,0.028649129752285996,-0.016741671385870772,0.9764847026333693,28.614017088613934,77.20927862587743
7.58,-0.03414235448304374,0.029373128275219856,1.0226287548993738,28.61401734007807,77.20927939275738
7.6,0.004372350137619997,0.019263404357204167,1.0394596314114017,28.614017587541884,77.20928016132405
7.62,0.00013991893045446418,0.03823903804748912,1.023961759269794,28.614017832971737,77.20928093073655
7.64,0.025203446490798524,0.043662096901185735,1.0214757695125836,28.614018074925248,77.20928170157646
7.66,-0.0007157422528288863,0.007404663366932482,1.0159232084527587,28.61401832606,77.20928246859646
7.68,0.005029814339556028,0.041569547923475815,1.0042754309509767,28.614018590539317,77.20928322977403
7.7,-0.01299842182393851,0.010104694290121737,1.0235760742585487,28.614018862569882,77.20928398749052
7.72,0.016268748237388587,0.007923303820563611,0.9947883049236761,28.614019131277068,77.20928474674423
7.74,-0.02487834039637436,0.0038760235042508647,1.0173044379014502,28.614019395489475,77.20928550804209
7.76,-0.006106988431424149,-0.008688611215149682,1.0221556117379396,28.61401965213764,77.2092862726903
7.78,-0.021084505720058364,0.015193441734446977,1.0101702468128784,28.61401991149901,77.20928703614966
7.8,-0.006018229816092674,0.023012250738591672,0.994614062587718,28.61402016946147,77.20928780022378
7.82,-0.010979115583026397,-0.027967297968862104,1.0097625807091846,28.614020432119716,77.20928856221916
7.84,-0.001636802392363041,0.051196856352303595,1.0577663609259091,28.61402068560677,77.20928932823445
7.86,-0.04050247364231993,0.03249017858284551,1.117211291429747,28.61402094385749,77.20929009218221
7.88,-0.022806841620129883,-0.011643817041950819,1.202413747790097,28.61402119418673,77.20929085954384
7.9,-0.07218797006731091,0.011246862673368208,1.2418005233771483,28.614021446208117,77.20929162618641
7.92,-0.1014569730090868,-0.000863617506765154,1.29847341267515,28.614021687597127,77.20929239725596
7.94,-0.09437042944974713,0.006656812431090583,1.3204554001251558,28.6140219277473,77.20929316882732
7.96,-0.08664615967370412,-0.0027186725130306753,1.351230282857195,28.61402216680606,77.20929394083834
7.98,-0.06584241768058366,0.01046315236823402,1.3810301992251786,28.61402241096854,77.20929471077393
8.0,-0.11247014458047246,-0.021382284501910785,1.349821577805828,28.614022640427972,77.20929548655545
8.02,-0.06300858117266384,0.04380148838862379,1.332969050567702,28.614022863128476,77.20929626488868
8.04,-0.09331469801949892,-0.019866456112269417,1.3259991639683508,28.61402308232802,77.20929704451045
8.06,-0.08870581286556399,0.011047665654988756,1.2313816193428366,28.61402329988742,77.20929782472814
8.08,-0.051856341877319787,-0.013572787121963518,1.2530537965578121,28.614023521967574,77.20929860329134
8.1,-0.024176060391638103,-0.0031248581534216273,1.1694180301528987,28.614023739441098,77.20929938354011
8.12,-0.02498168367281562,0.009225203964991801,1.1616058199429982,28.614023957371455,77.20930016362347
8.14,-0.0466730869434604,0.001956000385896531,1.0809481799081981,28.614024174907872,77.20930094384948
8.16,0.006660713685239598,0.002587518942785283,1.0183217694430247,28.614024386333178,77.20930172625235
8.18,0.04349327976228275,-0.007360617136371585,1.0187937280981951,28.61402459580388,77.20930250933712
8.2,-0.04555461562784026,-0.013830559905533803,0.990815979323895,28.614024805149803,77.2093032924652
8.22,0.0074683780958905155,0.013262009715951815,0.9947981741814999,28.614025004604677,77.20930407893606
8.24,-0.00569129620735227,-0.017085679581357132,0.9661619345773543,28.614025209706412,77.20930486352006
8.26,-0.018716777453168007,-0.012992406759434461,1.0298903629583378,28.614025426177665,77.20930564413041
8.28,0.02066772310277444,-0.012757735830198166,0.9742363571266033,28.614025648096742,77.20930642275322
8.3,-0.034755870498142015,-0.006628470012711797,0.9997034008318137,28.61402586897632,77.20930720175949
8.32,-0.007004170952458914,-0.028405154098335314,1.0245008128676938,28.614026085100836,77.20930798249451
8.34,0.02002255106213212,-0.028097704169502552,1.0306849010584453,28.614026306319335,77.20930876137598
8.36,0.017736071622329798,0.010861237597058624,0.9949831490218803,28.614026502179986,77.20930954901813
8.38,0.01192917745994836,0.011088927200346413,0.965878295271521,28.61402669678077,77.20931033706539
8.4,0.00345555505038703,0.006213672640166693,1.0046214546039107,28.614026890331306,77.20931112544821
8.42,-0.002479915533044198,0.02750379245632453,1.0066627068363667,28.614027092790987,77.20931191092218
8.44,-0.009404023571624866,-0.017644365045252786,1.0084790148586504,28.614027305177935,77.20931269298703
8.46,-0.019426374076922024,-0.0345056217830667,0.9938888286347828,28.614027529772276,77.20931347061384
8.48,0.01626519133741924,0.0157061427422919,0.9972387709008078,28.614027744983773,77.20931425167606
8.5,0.00421922892553982,-0.034939823379960475,0.9861191111397013,28.61402795186627,77.20931503565318
8.52,0.016858521989535535,-0.0027377422791258427,1.0031743119350054,28.614028158758764,77.20931581962687
8.54,-0.01562564588458453,0.0055640652625100874,1.0160358326826167,28.61402837399709,77.20931660067951
8.56,-0.016061461739146337,0.04121582132865056,1.0052649974792611,28.614028591137465,77.2093173810487
8.58,0.00993239409831386,-0.010933404434785991,0.9991207544499185,28.614028798518536,77.20931816485488
8.6,-0.04554950697534839,-0.00946131360022693,1.0224761284348363,28.614029009365925,77.20931894746012
8.62,-0.05057647537164161,0.013221382791565872,1.0051304314599683,28.61402922640189,77.209319727867
8.64,0.02026294108052689,0.012039979050047975,1.0006200454588154,28.614029446046477,77.20932050732627
8.66,-0.014143757740354463,-0.006867967576920538,1.0015533244588406,28.61402966769405,77.20932128604946
8.68,0.0038607614934997587,0.003703059256763168,0.9757925049253051,28.614029884289966,77.20932206661497
8.7,0.007592973855627096,-0.01474029723084508,0.9781986106252102,28.614030115956542,77.20932284154489
8.72,0.020702617271677243,0.008933331643803628,0.9975153150928462,28.614030346470866,77.20932361692056
8.74,-0.008799307082711637,-0.03187346250178202,0.9852516744417076,28.614030581722602,77.20932439044769
8.76,-0.007706136435606692,0.05815631668816179,0.9990951092713789,28.61403082060756,77.20932516252859
8.78,-0.012308090024297856,0.014421309968582229,1.0171341663002906,28.614031054372166,77.20932593664052
8.8,0.012422027754844174,-0.022032091087771245,1.0141146121536784,28.61403129696336,77.20932670722041
8.82,0.013309889508417938,-0.005358304383844313,1.007851011690305,28.614031538337,77.20932747829629
8.84,0.025564738461438186,-0.021063242658106076,1.0168949599727306,28.6140317764501,77.20932825068651
8.86,-0.024930031462061086,-0.01637301930447282,1.0206065677168268,28.61403201062917,77.20932902463589
8.88,0.04467524950195251,0.004233305429644293,1.0198833919712786,28.61403223999981,77.20932980045156
8.9,-0.024623880314577327,0.027831832161854142,1.0995476751490898,28.614032465471688,77.20933057774882
8.92,-0.037091312785219425,-0.002023421045668363,1.133609218858684,28.614032686029777,77.20933135687332
8.94,-0.04937466806302523,-0.03780896913606012,1.1918242254408922,28.614032912603626,77.20933213375467
8.96,-0.08558532002785112,-0.012278009250193246,1.2782836726753075,28.614033129842777,77.20933291408822
8.98,-0.08803410939859545,-0.010962455391732007,1.3389855753483966,28.61403335518109,77.20933369143575
9.0,-0.060304299780517004,0.0017785066102714697,1.4090716755348258,28.614033577990607,77.20933446972856
9.02,-0.066658758746489,-0.0028199152905495927,1.417650303652985,28.614033805447026,77.2093352462752
9.04,-0.09547121625396744,-0.04399148678977708,1.4247756846093462,28.614034044579707,77.20933601825661
9.06,-0.07869767660463287,-0.01849883176419981,1.4376427110120296,28.614034287572093,77.20933678867249
9.08,-0.08796564779517357,-0.022149784014176804,1.4302966384887539,28.614034531365412,77.20933755875996
9.1,-0.09065934070884761,0.0179486021087777,1.4060146619624168,28.61403476575962,77.20933833262484
9.12,-0.09487690360294611,-0.005700272503614906,1.3398608790630657,28.614034987753765,77.20933911121995
9.14,-0.08459866751812115,-0.03997222143436018,1.2747479377299282,28.614035210633823,77.20933988948657
9.16,-0.06779699599966614,-0.017368011488369195,1.2140760001447362,28.614035442982107,77.20934066415165
9.18,-0.0038270232213513805,0.02349378605312074,1.1599879939757922,28.61403568419262,77.2093414352938
9.2,-0.0009102004345047411,-0.011982527990820994,1.0591122509652615,28.614035920170757,77.2093422085338
9.22,0.028819579418478874,-0.013587410652531051,1.0189660262091635,28.61403615133604,77.20934298365799
9.24,0.007993584247111902,-0.0034059456484290367,0.9791467578738475,28.6140363866299,77.20934375716854
9.26,-0.01760992764118163,0.004512089218123307,0.968849393536074,28.61403662988081,77.20934452747856
9.28,0.012066425517007878,-0.002854424118150749,1.0031070715387793,28.614036866409812,77.20934530050015
9.3,0.02539482643091183,0.02046300855578222,0.9944798876985018,28.614037111254014,77.20934607015488
9.32,0.01279502908216909,-0.002853139042814586,1.0094239660427762,28.6140373590978,77.2093468385628
9.34,-0.026335811178365448,0.013485296947582949,0.9900186646287072,28.614037603744837,77.20934760829888
9.36,-0.029484856196610114,0.003933750571398329,1.0080625911112693,28.614037861862613,77.20934837230507
9.38,0.0127279033334335,-0.02586001986353281,1.0201440715708647,28.6140381135747,77.20934913907962
9.4,-0.006250395996832866,0.03570601532167706,0.9875330679308035,28.61403834919473,77.20934991246133
9.42,0.006247778829033287,0.023113657163213803,1.0102517482263935,28.614038584041385,77.20935068614823
9.44,-0.014469884194498532,-0.011335577476278317,1.0359155155321982,28.614038819123383,77.20935145974238
9.46,0.00253479243305908,-0.0022225050611787726,1.0154264609008854,28.61403905390434,77.20935223345515
9.48,-0.022005675332053384,0.012303856446963607,0.9841355773516937,28.61403928715749,77.20935300776732
9.5,0.004942447982110276,0.0036005431159416225,1.0066971454065394,28.61403952536632,77.2093537801193
9.52,0.014566884506617068,0.0021411588020122533,0.9739676010556608,28.614039771183148,77.20935454937165
9.54,0.015674896171085227,0.01011200872217485,0.9768459051690541,28.614040019382983,77.20935531763045
9.56,-0.02613372651161296,0.00706929842538047,1.0298350972761958,28.614040266546592,77.20935608632263
9.58,0.009379040042320442,0.00716032911644169,1.0081581576014793,28.61404052043513,77.20935685216551
9.6,-0.011751752087551401,0.001827086806393048,1.030767603283579,28.61404078335372,77.20935761404454
9.62,0.03053982790515175,0.012777994550152105,1.0085230083285366,28.614041049215402,77.20935837459713
9.64,0.019121782530479275,0.004193725187787707,0.989091787606333,28.614041323955878,77.209359131044
9.66,0.0005171209374619115,0.004696235635329511,1.0008636229470436,28.61404159422906,77.20935988957626
9.68,0.04364054325361345,0.02749730384189257,1.0053626315331436,28.61404188725479,77.20936063706567
9.7,-0.014553901516082443,0.008668919361611002,1.0442722240724165,28.614042187925588,77.20936138060502
9.72,-0.0011397446023061026,0.006611026990324626,1.0140604653541476,28.614042479340156,77.2093621289113
9.74,0.010826531066697714,-0.017775780795440097,0.985131030840155,28.614042772210503,77.20936287647972
9.76,0.040689740965731844,-0.016768345815113186,0.9961328175591453,28.614043063873293,77.2093636246605
9.78,0.029272207869970802,0.022834083579362962,1.009455899995389,28.614043356382588,77.20936437241234
9.8,0.016034803470097937,0.011412858073689238,0.9782386886575813,28.61404365300398,77.20936511805922
9.82,-0.017548552276984816,0.01835122428558111,0.9996439111945793,28.614043942438833,77.20936586736185
9.84,-0.017577766735478752,0.003953384470321185,0.9959037432486583,28.614044235630566,77.20936661476681
9.86,0.013907720633473182,0.007949736264500464,1.0097159588044893,28.614044534248016,77.20936735937916
9.88,-0.02504942993964668,-0.002915019794584875,0.9980237897460086,28.614044828566005,77.2093681062095
9.9,0.0064073087966489565,-0.0005345377232697905,0.9720383570677685,28.614045135486034,77.20936884642825
9.92,0.01608455399076505,-0.008335641064197059,0.9990905486307243,28.614045444259528,77.20936958564609
9.94,-0.02955422638634651,0.02667448761315469,1.0153647110877273,28.61404575639654,77.20937032302865
9.96,-0.005417773217908975,-0.014236172671888148,1.108898497062984,28.614046070500965,77.20937105932634
9.98,-0.01820652100796957,0.006150848997216635,1.1765069917885034,28.6140463877584,77.2093717938678
10.0,-0.05990883851632024,-0.0031328074977799414,1.197264864788689,28.614046702594937,77.20937252975965
10.02,-0.07050282706434667,0.019036175706872712,1.2665644324260077,28.614047010308454,77.20937326955081
10.04,-0.11555442999345938,0.0045527984679466435,1.3262680780287914,28.61404731503563,77.20937401094426
10.06,-0.09170945709583757,0.00923000467965846,1.419817076971359,28.614047621953855,77.209374751164
10.08,-0.1266951420087957,0.004151575100870866,1.4286258868399635,28.614047924762847,77.20937549357659
10.1,-0.11337251754533899,-0.019843371828585355,1.4862744753107093,28.614048222684545,77.20937623855052
10.12,-0.10761835495482294,0.01100724878463808,1.4591764941366772,28.61404851824388,77.20937698474448
10.14,-0.11929951606938217,-0.0019839171433117023,1.420633946592367,28.614048806917825,77.20937773442795
10.16,-0.11445606305704492,-0.015227854133114834,1.3805954008597752,28.61404911095953,77.2093784761865
10.18,-0.1037593062959645,-0.02821701782508342,1.3548963481771241,28.614049414826948,77.20937921803772
10.2,-0.042955321460312765,-0.01634546427220904,1.3101122478853942,28.614049716688044,77.20937996095104
10.22,-0.05404416470695547,0.015281781131013339,1.253398540651196,28.614050028175967,77.2093806986897
10.24,-0.010797409480737541,0.03523747674149931,1.151484696349701,28.61405033823334,77.20938143720991
10.26,-0.02647207358008666,0.0023679332374305796,1.1238342101141974,28.614050642345997,77.20938217893074
10.28,-0.007667763258432915,-0.019934586217048956,0.9991129423879869,28.614050947915608,77.20938291987414
10.3,-0.008470994971049743,0.00832758938999874,1.0236642180589022,28.614051249208213,77.20938366308687
10.32,-0.0596386382568695,0.021547668335665713,1.0067345496819577,28.614051543812316,77.20938440977086
10.34,0.010130988700037463,0.0384246619318206,0.9929137220650549,28.614051829590444,77.20938516089262
10.36,-0.0021385518981952103,0.025282302511314806,0.9607279784174059,28.61405210768639,77.20938591574684
10.38,0.0010280809717957786,0.004485394831603171,0.9752228280821854,28.614052376707352,77.20938667485659
10.4,-0.041821608491737494,0.011501554458914912,1.0235347107863184,28.61405264905391,77.20938743242601
10.42,-0.0005726076492184632,-0.014452220486310228,1.0150467459209913,28.61405292399294,77.20938818877934
10.44,-0.008771035663067256,0.015938999776805095,1.0118530485081147,28.614053215269298,77.20938893715552
10.46,0.002512446213100799,0.01867947417324725,1.03108306486607,28.614053513526873,77.20938968195507
10.48,-0.0015185683779583646,-0.049945139041858204,0.9804157041305128,28.614053803795873,77.20939043083897
10.5,-0.009707887821878394,0.0028535771885414498,0.990559450896786,28.614054098035982,77.2093911777092
10.52,0.011262270543586462,0.02980175509695957,0.9919126742907318,28.61405438966698,77.20939192590613
10.54,0.02049392808212463,-0.013424672796411343,0.9732250051779482,28.614054679716,77.20939267490061
10.56,-0.00815593776406001,-0.042509604168383903,0.9840167434398343,28.61405496158519,77.2093934279366
10.58,-0.028967118564414602,-0.0005533972991883422,0.9785500045978583,28.61405525675197,77.20939417433222
10.6,-0.027650768784670033,0.02152082127529065,0.9686027939883679,28.614055549606366,77.20939492190884
10.62,0.008456502774526062,0.008012226800741803,0.9820614921591064,28.614055840251627,77.20939567060336
10.64,0.025916263517264972,0.0005387557526463943,0.9986835549618532,28.614056136524024,77.20939641643035
10.66,-0.0362719705892802,-0.018512851705042487,1.035742018147733,28.61405642649578,77.20939716546367
10.68,-0.020357258830264926,-0.021964880681236428,0.9796150473445593,28.61405672563822,77.20939790980262
10.7,-0.00665004019037035,0.0036554300258738294,1.0214692551628837,28.614057017807852,77.20939865772685
10.72,-0.040804589981707905,-0.0011705914475306427,1.00442364486972,28.61405732406224,77.20939939830335
10.74,-0.0019332564352958204,0.017050145823360677,1.0087394085424386,28.614057636187137,77.20940013569265
10.76,0.007262415966700679,0.008812024351655828,1.002895729790629,28.614057949217262,77.20940087258386
10.78,0.009595966479939409,-0.014861277859236528,0.962929895397968,28.614058260838622,77.20940161024946
10.8,-0.007995710245180821,0.005122657013458563,0.9789667436872724,28.61405858450208,77.20940234115548
10.82,-0.0071293200520076315,0.0018084395769205704,1.0114715910253713,28.61405890145636,77.20940307586683
10.84,-0.020425350546227267,-0.03328235511768823,1.0009237978886907,28.614059213541395,77.20940381327803
10.86,-0.035425444314388065,-0.00838260419881112,0.967085928411395,28.614059513249593,77.20940455732162
10.88,-0.00375017145060978,0.0012012874042067196,0.9956505730680256,28.614059808364456,77.2094053037439
10.9,0.008166892614880399,-0.0022673738850625745,1.0118472523591755,28.614060108296663,77.20940604767036
10.92,0.0003203699762588618,0.006314809021876857,0.9749234652586145,28.614060415207828,77.20940678789398
10.94,0.02218059789060219,0.00156701064666165,0.9920672509574174,28.61406072484934,77.20940752664063
10.96,0.006907743617815594,0.006813730496173671,1.0303672958847727,28.614061020275322,77.2094082729032
10.98,0.013190096587117775,0.0033374043170096273,1.0117863302979182,28.61406131538939,77.2094090193259
11.0,0.003354067339498827,-0.0004645583205991333,1.0317332172467133,28.614061609911936,77.2094097660517
11.02,0.018808242620825335,0.0031908714607289286,1.063604167623524,28.614061895364042,77.20941051733439
11.04,-0.04592066261203221,-0.007230719097838629,1.1614736305944766,28.61406218847698,77.20941126477958
11.06,-0.039067793154666616,-0.008313743167563278,1.1831552114331936,28.614062478049252,77.20941201401344
11.08,-0.0624134974043693,0.0019679945954413883,1.2774001941001019,28.614062764221558,77.20941276494052
11.1,-0.06504136771167598,-0.04018052368619054,1.2946205647240703,28.61406304406982,77.20941351895401
11.12,-0.08284616820038676,-0.007416776187494574,1.3556690232557056,28.614063318266464,77.20941427565704
11.14,-0.0970304076421613,-0.01412344311387823,1.3824855440395813,28.614063592852936,77.20941503217662
11.16,-0.09200893205617286,-0.016594301662963825,1.399222407762641,28.614063876598415,77.20941578429776
11.18,-0.08950636265985834,-0.006304498622630898,1.3652959076203692,28.61406416406903,77.2094165345811
11.2,-0.08351005875881906,-0.02680666411734286,1.3786600356237733,28.61406444598307,77.20941728759537
11.22,-0.06025060051862795,-0.006209000129180864,1.3470276652780253,28.614064715591084,77.2094180464349
11.24,-0.07592800579332716,0.004626521886864201,1.3340081229224952,28.61406499332541,77.20941880146195
11.26,-0.08931705600251573,0.021008407941840525,1.2479907518679867,28.614065279578572,77.20941955234906
11.28,-0.049351399878554,0.043983462553249975,1.177662814317532,28.614065576170674,77.20942029801122
11.3,-0.04502254689111514,-0.0365710114653909,1.1069334191011215,28.614065877775044,77.20942104105995
11.32,-0.027821299302127067,-0.01867827115288492,1.0654175023130608,28.614066173185055,77.20942178733077
11.34,-0.006428399372057617,-0.006214127974570395,0.9914625223831669,28.614066459947026,77.20942253796592
11.36,-0.018054582029611545,0.002765399999982551,0.9939875363038337,28.61406676034351,77.20942328164931
11.38,-0.047988154887895575,0.007290762248584721,0.9940807530298277,28.614067068586014,77.2094240211548
11.4,0.029504056768074244,-0.012202450804548334,1.0278883134025099,28.614067385836506,77.2094247557003
11.42,-0.009770525620573883,-0.05055356794703436,0.9970596988675323,28.614067708670042,77.2094254870825
11.44,-0.03428930129171568,0.020692087083913874,1.0226257193338613,28.614068032930373,77.20942621764522
11.46,0.0035761414797125953,0.010053309103457064,1.007685615786564,28.614068359736915,77.20942694673421
11.48,0.0123128143369247,0.014264666283588395,0.9817442585401609,28.614068683250498,77.2094276777264
11.5,-0.0035612850023580755,-0.004293038691662439,1.0001693100270648,28.614069019066804,77.20942840148322
11.52,-0.02577223588730263,0.0070232401562993,1.0309105308451825,28.614069358185734,77.20942912323908
11.54,-0.02831228087184017,-0.039993125192433955,1.020303372386631,28.6140696886157,77.20942985020578
11.56,0.04563221938767383,-0.021407462867152095,1.0240501799411241,28.61407001005007,77.20943058238721
11.58,-0.028207391544833954,0.02388514808799041,1.010096519593581,28.614070320740133,77.20943132056246
11.6,-0.03258001775718213,0.0006182776474986582,0.9904547228879371,28.61407062887944,77.20943206012379
11.62,-0.0061752415542211435,0.03738562573974824,1.0328010208029603,28.614070941265144,77.20943279736986
11.64,0.016436962428263015,-0.019494115643855777,1.011189747709923,28.614071252518656,77.20943353523704
11.66,0.033169946803967794,0.051042942011676154,1.0186180393992492,28.614071547301233,77.20943428182976
11.68,-0.004265968658936658,0.05390756278522784,1.002170733479118,28.614071845557007,77.20943502663037
11.7,-0.004542084726669427,-0.01289840775740537,0.9793322705100578,28.614072131779636,77.20943577753263
11.72,-0.02567931966862214,-0.009088669585388972,1.0078989414972184,28.614072433978805,77.20943652026774
11.74,0.02176502965850094,0.025040038258834357,1.0338789616471624,28.614072732443585,77.20943726495972
11.76,-0.0013944272027660433,-0.011255543800538016,1.0161650731729752,28.614073026670717,77.20943801183671
11.78,-0.0007409906161142192,-0.0053121448657644154,1.011076706566064,28.614073318446355,77.2094387599606
11.8,0.008668779915408193,-0.014664088891852093,0.9828022409452746,28.614073607335627,77.20943950953661
11.82,0.006036719809887201,-0.014125578487526338,1.030460874639826,28.61407389277806,77.20944026082415
11.84,-0.002805629327699076,0.0023593211646288294,1.0269448053817558,28.614074174456633,77.20944101395283
11.86,0.02641959166939873,-0.005472339242971596,0.9643548619029487,28.61407445832033,77.20944176601616
11.88,-0.03207374291154629,-0.04178593119131369,1.018578309477105,28.61407474397236,77.20944251720033
11.9,0.004225877057502715,0.02882176927471483,0.9950108837303596,28.614075038571407,77.20944326388708
11.92,0.008143385628706144,0.03198689825502997,1.0058335359881128,28.6140753283612,77.2094440130119
11.94,-0.00824786477762057,0.01024791934147894,0.9836481234430698,28.614075609562494,77.20944476637199
11.96,0.01232899394944744,0.0025152516245211774,1.0024153542174903,28.614075879185126,77.20944552520486
11.98,0.013261773959624119,-0.018717139361092087,0.9779943645730552,28.614076154268258,77.20944628149036
12.0,0.022196287304603324,-0.00923728436339559,0.9839352024355925,28.614076440756396,77.20944703226125
12.02,-0.0022311935426386105,0.021783182892035444,1.0103539055439552,28.614076724762338,77.2094477842549
12.04,-0.0043429759870748305,0.011958397135874833,0.9848635718112796,28.614077016378,77.20944853245976
12.06,0.010783889632850072,0.009105627667519132,1.0085782303008926,28.614077304233412,77.20944928255172
12.08,-0.022324616454909345,0.009955624113594049,1.0953193528565839,28.6140776065394,77.20945002523045
12.1,-0.06655104566799253,0.02124984608996711,1.2307180157447324,28.61407790173936,77.2094507716092
12.12,-0.03539474884336671,0.018249818530934422,1.2538618621065285,28.61407819593465,77.2094515185025
12.14,-0.10405526798273336,0.013788113418659292,1.3347071363686558,28.614078502672537,77.20945225881945
12.16,-0.07176818414995476,-0.006964963895500246,1.3901084335021316,28.614078807432783,77.20945300019548
12.18,-0.0387464599542716,0.03368754904243333,1.4822667095339432,28.614079111574853,77.20945374190084
12.2,-0.08551826924440002,-0.009698373822287448,1.4895863589168388,28.614079412308133,77.20945448540766
12.22,-0.11345553925551002,-0.017375219148363655,1.5014142371332753,28.614079707797064,77.20945523163803
12.24,-0.1086007010946059,-0.011275742001099525,1.5200478602852507,28.61408001902721,77.20945596951806
12.26,-0.08877008899477237,-0.023824416920210558,1.4700537089259462,28.61408033330618,77.20945670571933
12.28,-0.08994376434082531,0.01167151830971393,1.4268288635417505,28.614080648160414,77.20945744160159
12.3,-0.06467667214159815,-0.00027126325200272494,1.4101411524979246,28.614080964921392,77.20945817642125
12.32,-0.038367891350165204,0.022573004577071672,1.344674041351597,28.614081283944806,77.20945890996978
12.34,-0.026354974488515495,-0.048927541599824716,1.2520683013884524,28.614081596160403,77.20945964730942
12.36,-0.0592404607304198,0.0042179011306924825,1.1901908650867812,28.614081919534872,77.20946037838156
12.38,-0.018054976379063187,-0.005137476151806885,1.1301221998014273,28.614082244778654,77.20946110837689
12.4,0.009856032738449661,-0.006912086533395041,1.0089528728039425,28.614082571381925,77.20946183758417
12.42,0.030338864103358093,-0.02081344945739805,0.9603559022917917,28.61408289868547,77.20946256638392
12.44,0.0071834893731898344,0.0008725187669277234,1.0283421441230407,28.614083232226026,77.2094632915051
12.46,-0.013674005735735899,-0.01529422469595563,1.039787148412252,28.614083552057654,77.20946402459681
12.48,0.008700854698689364,0.030393481168435387,1.0105826665051867,28.614083865576305,77.20946476121865
12.5,0.0363857080186861,0.012541316821415703,1.0034263964031567,28.614084164718456,77.20946550555794
12.52,-0.005048029440380013,0.01962859106237138,0.9690505409918823,28.61408445967078,77.20946625206376
12.54,-0.014026725052207763,-0.03480716438163888,0.982688961270508,28.61408474961912,77.20946700110905
12.56,-0.0006494314063506863,0.01771278654396515,0.9938612574086088,28.614085039596272,77.20946775013985
12.58,-0.013017507294004098,0.015827654665776732,0.9853111781365924,28.614085319260393,77.20946850424214
12.6,0.016539768190222643,-0.008126373468716875,0.9898118537831823,28.614085595176267,77.20946926013399
12.62,-0.012871854042310664,-0.0037287695837167198,1.0024701021428837,28.61408587235673,77.20947001542524
12.64,0.02585065931385579,-0.019655030737981687,0.9863091533760416,28.61408613724705,77.20947077641783
12.66,0.009905725877787219,-0.006151226530311153,1.0303891615967837,28.614086410818103,77.20947153341478
12.68,0.013939955279249064,0.011292512730158003,1.001488779400867,28.614086689247003,77.20947228810996
12.7,0.013786753134689371,-0.013386835829495661,1.0100907541953161,28.614086948947463,77.20947305142022
12.72,0.01703739267149661,0.0007223180754490147,1.0101860083833631,28.614087204147843,77.20947381669745
12.74,-0.006187457775043916,0.05091250391558067,1.0076529413539537,28.61408747694744,77.20947457405559
12.76,-0.019561326830214724,-0.01957595853206807,1.0009490623216128,28.614087742958535,77.20947533454073
12.78,-0.009523175058105338,0.006642726713669722,1.0199894040319624,28.614088015785864,77.2094760918859
12.8,0.01852707544686026,-0.02067629589994135,1.0241835119493954,28.614088292426985,77.20947684743372
12.82,-0.03532962088304923,-0.029709708047188234,0.9587353879608612,28.614088552060338,77.2094776107736
12.84,-0.039992011618937055,0.01598589131603861,0.9712570655276171,28.614088800564847,77.20947837890495
12.86,0.004491325500144904,-0.00813744719659912,0.9891440550137586,28.614089035547064,77.2094791525388
12.88,0.016884840202119146,0.031987570600631676,0.977688442357736,28.61408927464937,77.20947992453281
12.9,0.019599813255956673,0.011357267694873907,0.9852987283899438,28.61408951572351,77.20948069573068
12.92,-0.0190159332538853,-0.01571604253427094,0.9909434149536069,28.61408975531669,77.20948146752718
12.94,-0.02359123854625052,-0.017539139156614446,0.9948618418746159,28.61408998901723,77.20948224166466
12.96,-0.01372241249549344,0.0144121602031416,0.9701769750519091,28.61409022504048,77.2094830148872
12.98,-0.007855973717935893,-0.021058148249380865,0.9917152595963309,28.614090448272727,77.20948379302324
13.0,-0.006706016822468934,-0.021619115519770315,1.0284535186314663,28.61409066814701,77.20948457239892
13.02,0.002423560512248932,-0.03438413655778807,0.9949720665917364,28.61409087779648,77.2094853554221
13.04,0.02811250241190291,0.012467774295510839,1.0118395652739276,28.614091092801083,77.20948613655874
13.06,-0.0012145181087766823,-0.01619246235250494,0.9986538862993662,28.614091310676177,77.20948691666263
13.08,0.018752996523942037,0.007194324592253189,1.002297674928505,28.614091526868172,77.20948769737389
13.1,0.013093213521929964,-0.026044905911913836,0.9976898737831266,28.614091746204476,77.20948847694626
13.12,-0.014204943693331203,-0.032766562218203614,1.0148598468661716,28.61409195835867,77.20948925909356
13.14,-0.0055130590045523765,0.014395403456337535,1.0526453324994232,28.61409216317023,77.20949004377643
13.16,-0.024636359315569588,-0.0031702600893988428,1.1391951476107895,28.61409236962798,77.2094908278993
13.18,-0.05265421943773849,-0.01356405636167084,1.186322181384771,28.61409257155212,77.20949161355261
13.2,-0.06389292079629504,-0.009729082595557461,1.266615324270912,28.614092759352527,77.20949240373845
13.22,-0.0809579291207318,-0.00965778690162205,1.2777787856627323,28.61409293989669,77.20949319611583
13.24,-0.11135689380223367,0.0406853714226894,1.3494618524350668,28.61409311590172,77.20949398981729
13.26,-0.04886905009185446,0.005308633121997018,1.365677242120726,28.614093282866953,77.20949478604909
13.28,-0.07846337938485247,0.0027798501370786427,1.348956657263858,28.614093438060486,77.2094955853651
13.3,-0.08902923431093503,-0.015069732481998142,1.4091731957744036,28.614093582585472,77.20949638727238
13.32,-0.10428753722296999,0.015736229979493317,1.3726629261193395,28.614093727617124,77.20949718906095
13.34,-0.09135220902756584,-0.023046012653649126,1.3147373974928507,28.614093866292116,77.20949799230753
13.36,-0.10323240923242855,0.010373697905988043,1.3030729916917112,28.61409400706824,77.2094987950797
13.38,-0.05797078676359854,0.010481897207715531,1.2204247287057486,28.614094148228023,77.20949959776443
13.4,-0.045919535104413725,0.020350774624834377,1.1635728507467844,28.614094286009227,77.20950040121058
13.42,-0.04025530506989021,-0.03937022458657942,1.1596991392942684,28.614094433991763,77.20950120229918
13.44,-0.017776643279031168,0.022544886849849132,1.0450611565768708,28.614094579380826,77.20950200400377
13.46,-0.0059704583161236235,0.007076175768768153,1.01574676600877,28.61409472963266,77.20950280454406
13.48,-0.009882678169112839,-0.01508632932253722,1.0233451232531305,28.614094888209316,77.20950360299798
13.5,-0.01552774743786835,-0.0431841874678,0.9803194590654829,28.61409504120919,77.20950440286259
13.52,-0.02041634934620628,-0.008124828963419874,1.0415995251359031,28.614095196039713,77.20950520226997
13.54,-0.014038075830482678,0.0037365758898437063,1.0018544196664856,28.614095349326053,77.2095060020634
13.56,-0.012502574455863238,-0.030402994454889747,1.0009671560731155,28.614095504271578,77.20950680144188
13.58,0.021783988540864524,-0.0170200321621479,0.9800356749629061,28.61409566354141,77.20950759971676
13.6,-0.01237283964059057,-0.025269205121483194,0.9803972256997491,28.614095821987224,77.20950839820439
13.62,-0.04068226854559658,-0.00869527153004288,0.9561209395732025,28.614095989966916,77.2095091941593
13.64,0.0058338403478019555,-0.021765401189467508,0.9844629212099714,28.61409615861899,77.20950998992969
13.66,0.012472172350667759,0.04340513434107176,1.023325249814499,28.6140963134019,77.20951078934904
13.68,0.019375312042956637,0.01727372138833943,0.9796355885695895,28.614096476591193,77.20951158659605
13.7,0.0033232836577468707,-0.022111363990354987,0.9813751518534676,28.614096629782896,77.20951238641302
13.72,-0.022802177203805857,-0.019198772290964776,0.9742754382233801,28.614096768290242,77.20951318969716
13.74,-0.01597859250695055,-0.029617999262653724,0.9727747184876091,28.614096912332467,77.20951399171717
13.76,0.012003282769198955,-0.003006583029326569,1.0177515073182677,28.614097054067344,77.20951479427043
13.78,0.02918079560191233,0.03550328420313108,0.9757029689312968,28.61409720494702,77.20951559465749
13.8,-0.022857866688861143,0.023947045358797128,0.9973651471860536,28.61409736599423,77.20951639246952
13.82,0.004238355874308115,0.003960535457107976,0.9928942039996798,28.614097525870406,77.20951719058712
13.84,-0.011098808694189466,-0.005883637837251133,1.0191323500569234,28.614097682878374,77.20951798944323
13.86,-0.01648140175889943,0.01102883416913101,0.9832741373853618,28.614097843859504,77.20951878727257
13.88,0.0006999361201737912,0.0055963248758814825,0.9913812968599994,28.614098012751498,77.20951958297694
13.9,-0.002672944032044756,0.008659018375326552,0.9781515374180249,28.614098187114145,77.20952037714868
13.92,-0.040492691082595726,0.0039474288488205705,0.98719529048768,28.614098355257465,77.20952117305877
13.94,0.004031845895614492,0.008896219167769906,0.9819727392590103,28.61409851712028,77.20952197065661
13.96,0.006561914167503909,-0.028412023550366122,0.9971058094478404,28.614098674481042,77.20952276942265
13.98,0.014946434744340544,-0.0024066142555006693,1.0320172162466292,28.614098834544517,77.20952356749154
14.0,-0.01145410901304197,0.00467039913356668,0.9959295156825694,28.614099002133944,77.20952436355321
14.02,-0.03175665028067727,-0.00870107424098745,1.0234947971406703,28.614099160535165,77.20952516205236
14.04,-0.008426191394658543,-0.024955246299439234,1.0189001780208085,28.6140993074114,77.20952596340514
14.06,0.014118523255458404,0.00010450362308844458,0.9991479159676,28.614099457978213,77.20952676386867
14.08,-0.00151731639969609,0.08295790100667687,1.019230803677985,28.61409960966143,77.20952756405865
14.1,0.016986147723648676,-0.01646200018895997,1.0046134376529439,28.614099771633384,77.20952836162775
14.12,-0.026018064525932166,-0.0028452006133273294,0.9714230016054997,28.61409992986464,77.20952916017062
14.14,0.01624194619464764,0.025227709161657452,0.9992223672878634,28.61410007351132,77.2095299622827
14.16,0.004980905932212989,0.03546248673139941,1.004119082036842,28.614100210507164,77.20953076590312
14.18,-0.007098035594331868,-0.011665792051885521,1.0352593678840623,28.614100331865775,77.20953157277863
14.2,0.0030321089852022413,0.019292306279054806,1.079316966939152,28.614100455988652,77.20953237910831
14.22,-0.03132368312100444,0.015825038593455014,1.2017212258331595,28.61410058935659,77.20953318352025
14.24,-0.07232735108098871,-0.010126554308758862,1.2560058708792685,28.614100712086938,77.20953399012647
14.26,-0.04773208364958213,0.012499179430698223,1.3899808350651761,28.614100833600574,77.20953479697171
14.28,-0.08463600514414188,-0.003461430997551142,1.4498680070427268,28.614100961434815,77.20953560254861
14.3,-0.08877740013272103,-0.012535533348275714,1.4532003552944515,28.614101076006598,77.20953641071063
14.32,-0.11344843567723532,0.0343813100582073,1.547537067079913,28.614101194876053,77.20953721806681
14.34,-0.10060697078354339,0.012986636201096791,1.5523312745607192,28.614101321674397,77.20953802385614
14.36,-0.11849465395471147,-0.033635995956823414,1.556093597708495,28.614101444214835,77.20953883049984
14.38,-0.09962644022353465,-0.0025544288043468978,1.5441119522754878,28.61410157596263,77.20953963525815
14.4,-0.08890273568519763,-0.01038977029912169,1.4997022003164342,28.61410170048107,77.2095404415087
14.42,-0.06768624057458847,-0.0042129413462646745,1.4186681198284938,28.614101833146886,77.20954124607128
14.44,-0.09550174440472062,0.010319136574817348,1.3891688976949634,28.61410196403602,77.20954205101138
14.46,-0.03258324594955282,0.0058681062116447335,1.2627566808232547,28.614102092686753,77.20954285641962
14.48,-0.015438121828306627,0.028681507957410233,1.177057147086657,28.614102219463955,77.20954366221326
14.5,-0.022154732232451343,0.024437007640826746,1.088843266466864,28.614102355339263,77.20954446608053
14.52,0.00258110087957532,-0.024277957422506182,1.0066716946239467,28.614102492587094,77.20954526964518
14.54,0.006130480866423893,-0.0019662756452922363,0.9816429314796888,28.614102620132698,77.20954607528147
14.56,0.0016673867859489115,-0.038935760972485495,0.9760447003533401,28.614102749106785,77.2095468806226
14.58,0.012068587753665162,-0.019933742205706702,0.9816786923353003,28.614102886208652,77.20954768421959
14.6,-0.007744790218260895,-0.04191172770527565,0.9927364781161917,28.614103026448905,77.20954848711352
14.62,-0.015202568264349443,-0.03135990446320498,1.0014097244687314,28.614103175546706,77.20954928793381
14.64,0.008563360687686742,0.028002061274315704,0.9847757700369622,28.61410333994565,77.20955008485832
14.66,-0.03051682568416475,0.015054170323968934,0.9757701269584008,28.614103505578704,77.20955088145116
14.68,0.012380890285419239,0.012341198367421584,1.0077962522496855,28.614103670512304,77.20955167823232
14.7,0.014451661963849007,0.023506754259173555,1.0360997344948035,28.61410383055345,77.20955247630705
14.72,-0.01564585143357357,0.012254119334795902,0.9917069334440232,28.61410398731849,77.20955327522512
14.74,0.02844173409310597,-0.001695471391442326,1.0178389776700187,28.61410413976981,77.2095540752257
14.76,-0.007023175757678628,-0.011786785161766575,1.0000421050274635,28.614104292509555,77.20955487515488
14.78,-0.008744815813490715,0.03391297225661442,1.0127464499542103,28.614104430275926,77.2095556786044
14.8,-0.01307042499956328,0.02612771130840051,1.016306156195312,28.614104573972625,77.20955648070489
14.82,0.008962084709160713,-0.0043892451604177355,1.0000971937508722,28.61410471990149,77.20955728228228
14.84,-0.007827226306464857,0.015277263012950704,0.9803342779031392,28.61410485413938,77.20955808650646
14.86,-0.0287426784642396,-0.05581870177966699,0.9753927311880266,28.614104991129018,77.2095588901283
14.88,0.006832378780077712,0.01628465229147611,1.023002507096125,28.614105128896124,77.20955969357766
14.9,-0.005825838743696028,-0.010015785995938031,1.0126111226700576,28.614105263811318,77.20956049765476
14.92,0.021718522193724957,0.054249718933906184,1.0195939220788197,28.61410539047673,77.20956130347125
14.94,0.0061753454847813995,0.02301245737347492,1.0135262609263267,28.61410551613749,77.20956210949181
14.96,0.005323096410288682,-0.039453678480966516,1.021443720219058,28.614105648046433,77.2095629142159
14.98,0.02029014057838951,-0.014225997930993984,1.004439061575377,28.6141057828512,77.20956371831703
15.0,0.0032003096365249097,0.0012116124767819498,0.9696126725616835,28.614105913842163,77.20956452323567
15.02,0.015643971353959337,-0.0008487731400940133,1.0056255565732364,28.614106046917826,77.20956532771046
15.04,-0.012996942686851028,-0.0017521145760088024,1.0358648342798438,28.6141061832922,77.2095661314681
15.06,0.032920779828185774,0.01969463456912238,1.0070234355591299,28.61410632623666,77.20956693374299
15.08,0.005508632450067579,-0.010815554752858988,0.9754094350054218,28.614106460765573,77.20956773790408
15.1,-0.02403464639480209,-0.0014466256000711989,1.014695528039507,28.614106596152656,77.20956854187827
15.12,0.0027571292453957602,0.03052144199263346,1.0433557817265129,28.61410673235297,77.2095693456742
15.14,0.00373332238490533,0.030844388462928262,0.9888345705518966,28.614106863752706,77.20957015050638
15.16,0.0024959113499177883,0.019554764711363148,1.006520423191652,28.61410700476549,77.20957095322476
15.18,-0.04599751903226416,-0.006994542020503075,1.0095071801646542,28.614107145482386,77.2095717560105
15.2,-0.010961668854454,-0.014146499272163828,1.0040722440878445,28.614107275575172,77.20957256111815
15.22,-0.027657015624638983,-0.0008258772260894856,1.0159541860345518,28.614107406119093,77.20957336613104
15.24,-0.027367129140593076,0.0005690347195045255,0.9918965047695312,28.614107535111398,77.20957417146842
15.26,-0.015046572326587166,-0.0007065695886220494,1.0984412472638143,28.6141076627095,77.20957497709395
15.28,-0.04734097098458644,0.011125911473992936,1.1922349598129236,28.614107782794406,77.20957578421675
15.3,-0.05991798791313437,0.00721332629859983,1.2413990066784426,28.6141079014533,77.20957659161319
15.32,-0.08526831960886305,0.006378145835743727,1.3310741384543956,28.614108002580853,77.20957740210001
15.34,-0.05221548383243062,-0.00933488005439545,1.3655145742345083,28.614108102062612,77.20957821285108
15.36,-0.08871870719344804,-0.023978743611325872,1.390963773782148,28.6141082046448,77.20957902310066
15.38,-0.12664642416563382,0.013892842362973059,1.4220730636081058,28.61410829646135,77.20957983502433
15.4,-0.08669245330107034,0.001213822062664267,1.474744736546767,28.61410838977938,77.20958064672584
15.42,-0.10642387237584444,0.00817620748259273,1.427997605709527,28.614108487368252,77.20958145777539
15.44,-0.07230938309016008,0.008734446697693424,1.4515224199469687,28.614108593411544,77.20958226744656
15.46,-0.08967859253991346,-0.0405362617795159,1.4026885111696576,28.614108696050696,77.20958307768679
15.48,-0.09371976754631489,0.03443022331324796,1.329206571136007,28.614108801942596,77.20958388738367
15.5,-0.07821049368470723,-0.011302048205963646,1.3286119844745907,28.614108913356713,77.20958469611843
15.52,-0.060690873221291415,0.02747889140442347,1.2180510982919655,28.61410902878607,77.20958550412215
15.54,-0.026329042091463712,0.008493125067050907,1.2150586126765501,28.61410914679176,77.2095863116428
15.56,-0.0340769647791471,-0.02157141716063745,1.1186494756567331,28.614109258890355,77.20958712025481
15.58,0.024873613186973897,-0.014152771415685677,0.9986708189951778,28.614109367555265,77.20958792947482
15.6,0.007371393932629841,-0.013782454309252437,0.9598088012269574,28.614109477246856,77.20958873851507
15.62,0.004488042407858861,-0.012632199882531683,1.0059167686299035,28.614109582953507,77.20958954824337
15.64,0.0014609163497246438,-0.03538711541606608,1.0366906748530944,28.614109689416,77.20959035784317
15.66,-0.0004020328298812639,-0.01596923832563683,1.0212333559652782,28.614109794410158,77.20959116769176
15.68,-0.025390487901694923,0.019347636819949138,1.022500938393442,28.614109904143476,77.20959197672467
15.7,0.005850667911310895,0.02139511202431691,1.0308702640276526,28.614110018545542,77.20959278491794
15.72,0.038514698202521236,-0.013525157134172459,0.9749303406911018,28.61411013187369,77.20959359330753
15.74,0.01383642820280176,-0.03745735789667964,1.0217292176310693,28.614110244111743,77.20959440189445
15.76,0.008769117571858701,0.012618368696194655,1.0388203917126664,28.61411034916651,77.20959521173283
15.78,-0.03069932525884029,-0.02157476144777026,0.9876050614892595,28.61411045067014,77.20959602215866
15.8,0.021722695534919807,-0.02001387028631458,0.9919586917488381,28.614110555672458,77.20959683200589
15.82,0.016050042493160433,-0.005656678328127289,1.0310605255357859,28.61411066976643,77.20959764025568
15.84,0.023348555417296524,-0.007529377362176145,1.0278941997642719,28.614110777593755,77.20959844962107
15.86,-0.01807713438751479,-0.015795078134955,0.9825996555322288,28.614110883063923,77.20959925938939
15.88,-0.00799735004914455,-0.01398793543964118,0.9741188624102926,28.614110981639357,77.20960007028413
15.9,-0.02971538811187836,-0.010038794090487026,0.997715262328041,28.614111076948035,77.20960088168547
15.92,-0.03140118184248935,-0.014279754275948034,0.9705345712074742,28.61411115938512,77.20960169491417
15.94,-0.011538365336721477,-0.013021738370932581,0.9828207022318978,28.61411124336676,77.20960250793777
15.96,0.009355307486338735,-0.006114599106405879,0.9863353578278418,28.61411132705285,77.20960332100091
15.98,-0.008328386050629175,0.007067146289126011,1.0224725711618614,28.614111405094324,77.2096041347922
16.0,-0.013382943825308143,0.004981054606813787,1.0278920134099074,28.61411147696759,77.20960494932038
16.02,0.006788723520817239,-0.010843411060529667,1.0225615115673319,28.61411154650159,77.20960576411201
16.04,-0.06484311734726093,-0.006333866674485465,0.983521363931183,28.61411162740704,77.20960657754028
16.06,-0.010848271412202147,0.026886981668518,0.9982870943270908,28.614111720923884,77.20960738921214
16.08,0.006765980514196397,0.019732675401525103,0.9909561547079575,28.61411181719006,77.2096082004668
16.1,-0.008068548795317798,0.010964361710510906,1.0042653813188522,28.614111913300874,77.20960901174537
16.12,0.02598409359078549,-0.03542663676114775,1.0150314701109786,28.614112022697807,77.2096098208374
16.14,-0.013225873975987061,0.00214101059706657,0.9904711836364619,28.614112132306463,77.20961062989225
16.16,-0.011843081827111147,-0.013509446904979815,0.9797071182178767,28.61411223728783,77.209611439743
16.18,-0.019720953406873302,-0.019130226242326014,1.0314722466676174,28.614112342690053,77.20961224952282
16.2,-0.015153957794875182,-0.007193766723997298,1.0214726963249698,28.614112445993833,77.20961305965346
16.22,0.005540224059880487,0.02094150123537933,1.0067912303435036,28.61411254511538,77.20961387046182
16.24,0.01616212559915006,0.017765553833106094,0.9787273549294775,28.61411265562124,77.2096146793583
16.26,0.04309835738063184,-0.012390283186521528,1.017331335717089,28.614112761490787,77.209615489059
16.28,0.011548321831733164,0.0016924064582331294,0.9966110800275705,28.614112872571454,77.2096162978533
16.3,-0.02355680639913917,-0.008431200667109104,0.9555862180315363,28.614112985342388,77.20961710634403
16.32,0.006458070358213833,-0.0048013303546908925,1.0548014009933322,28.614113102802897,77.20961791396785
16.34,-0.02638137172111662,0.01995111783770399,1.137598184219443,28.614113212643087,77.20961872298196
16.36,-0.05206934908499064,-0.001263099946153288,1.182835852147584,28.614113330802123,77.20961953047355
16.38,-0.04602339302249134,-0.03514372912846124,1.2497023463810137,28.614113439158274,77.2096203397473
16.4,-0.03244264155887101,0.002773792497240647,1.2930440553758802,28.614113530492716,77.20962115174157
16.42,-0.09329615400888577,0.03632737624052448,1.2963850223611286,28.614113632872442,77.20962196202441
16.44,-0.11284193366768788,-0.01399997479507664,1.3556324808671318,28.614113739419093,77.20962277160987
16.46,-0.0730248184945182,0.030970851443484663,1.3695117567684725,28.614113841611065,77.20962358192348
16.48,-0.046447172593709465,0.012349296410142943,1.3533964864230668,28.614113950864745,77.20962439104065
16.5,-0.09328487096933995,0.023525206846459597,1.3422483142278403,28.614114062049133,77.20962519981647
16.52,-0.0888980872024797,0.017508841087387116,1.3184528228077868,28.614114171984628,77.2096260088138
16.54,-0.07635937579340737,0.0035558945886307596,1.313968297742785,28.614114286979675,77.20962681689791
16.56,-0.05838296370752486,-0.012264889561786639,1.2471661242284946,28.614114401393103,77.20962762508914
16.58,-0.0808126596067276,0.0035134866407873187,1.189658210526924,28.61411450907036,77.20962843448048
16.6,-0.03000620710116793,0.004663639019619185,1.137833080084605,28.614114617304047,77.20962924377551
16.62,-0.01290582646572813,0.019431192270919426,1.0743056750717122,28.6141147329109,77.20963005174633
16.64,0.0043185830203794845,-0.04502020511709498,0.9980229072146646,28.61411484024768,77.20963086119636
16.66,0.0033400954845514137,-0.028597404800308313,0.9732954994342053,28.614114937704112,77.20963167226662
16.68,0.0019255474879905873,0.004726066474728319,1.0021743053743892,28.61411503253556,77.20963248374055
16.7,-0.04202630897988179,0.006654609821810737,1.011815538955758,28.61411513435627,77.20963329411481
16.72,-0.014420880132390148,-0.0173445121681571,1.0058133601244381,28.614115242417117,77.20963410343981
16.74,0.01711716764484657,0.007145558275268106,0.9900340337498553,28.614115367273296,77.20963490962268
16.76,0.021808978015820095,0.013567114198112658,0.9960912406743838,28.614115496317865,77.20963571494926
16.78,-0.008457284543337816,-0.0038941780047024145,1.019858763749651,28.614115617821945,77.20963652179647
16.8,-0.019130493442638914,0.028591114260130227,0.9662872656296817,28.614115744167712,77.20963732767815
16.82,0.0143393095446278,0.03232888844062761,0.9851250467858641,28.6141158772704,77.20963813214722
16.84,0.005456711216881429,0.002435695571859473,1.0026359098719835,28.614116003142485,77.20963893812508
16.86,-0.002441390649685263,0.01681744819399125,1.0207927922940905,28.614116120860647,77.20963974570024
16.88,0.01723707720208442,-0.03392723577041034,1.036295701656212,28.614116242377957,77.20964055254487
16.9,-0.023574492730614606,0.0214674263802902,1.0177901278565091,28.614116360285276,77.20964136008422
16.92,0.023219192294764626,0.029319723452731407,0.9881446268662619,28.614116484339664,77.2096421664277
16.94,-0.030040628194597806,-0.020308065947671445,0.9647640725453641,28.614116610818677,77.20964297228225
16.96,-0.016504623696230906,0.012334447138260323,1.0373591794404002,28.614116750152064,77.20964377538115
16.98,-0.020817922954440942,-0.037470990458248636,0.9831678450275138,28.614116886945787,77.20964457904638
17.0,-0.011649130893338513,-0.01573545723508401,1.002918999143143,28.614117024465504,77.20964538255083
17.02,0.0061215927306169675,-0.010406420067164666,0.9976618070198299,28.614117166721645,77.20964618498455
17.04,0.013568477622725884,-0.029495060129020593,0.9986181173216486,28.61411730962601,77.2096469872688
17.06,-0.0016308824078952414,-0.004759806176614842,0.9766774156321657,28.614117454044642,77.20964778920113
17.08,-0.025552240360743154,-0.006079232555774566,1.0359217024357517,28.61411760428198,77.20964858974511
17.1,-0.0400098172515045,0.012335537134334553,0.9825027521865076,28.614117751717238,77.20964939096483
17.12,0.016927442944655723,-0.030277955308449837,1.0031731322265651,28.614117901247504,77.20965019168058
17.14,0.014451696220664108,0.0124668550959557,0.9910971617284291,28.61411805172152,77.20965099216689
17.16,0.021417475450485286,-0.01578336274657558,1.0122737671689486,28.61411821244346,77.20965179006419
17.18,-0.0026489837437970723,-0.02557023002544418,0.9958155423236457,28.61411837404516,77.20965258773087
17.2,0.013363102396208137,-0.003927834797268154,0.9937369536229415,28.614118536902343,77.20965338506616
17.22,-0.012790915206943695,0.015054862184501834,1.0217436158214999,28.614118705532817,77.20965418084266
17.24,0.009611855447856317,-0.009684192356325292,0.9935313213195592,28.614118870447648,77.20965497762896
17.26,-0.00959355882326161,0.01027811859074524,1.0282190296227736,28.614119050068258,77.20965577027886
17.28,-0.016285049121611373,0.0055781280127673505,0.9753313287424922,28.614119233042093,77.20965656193292
17.3,0.004639944518079732,0.0626933066284926,0.995012300582826,28.614119413860976,77.20965735422921
17.32,0.003595403872005774,-0.006251712198001509,0.982805919618765,28.614119580045376,77.20965815067315
17.34,0.01823222926005546,-0.003329810912193535,1.0006160797871981,28.61411975576236,77.20965894445762
17.36,-0.025691304679421118,0.022158450950338478,0.9725342335506469,28.614119930861687,77.20965973841918
17.38,0.00016734938845907113,-0.0010342259892534296,1.1120922065416756,28.614120102139573,77.20966053346166
17.4,-0.03352632321285353,0.005019727371614814,1.2103908745980159,28.614120272975295,77.20966132862759
17.42,-0.03128403175301541,-0.0351329246881462,1.315763235885505,28.61412045240018,77.20966212133501
17.44,-0.046216857964823714,-0.002438315192445034,1.3824917777135375,28.614120635188783,77.20966291304461
17.46,-0.1284725081904224,-0.014101949714575058,1.4497215258320435,28.61412083489102,77.20966369943473
17.48,-0.06854366612732346,-0.009590153091600242,1.4993251494312594,28.614121034566566,77.20966448583364
17.5,-0.07432117911894597,0.005130774178115314,1.5175202671384564,28.614121243996415,77.2096652689333
17.52,-0.12473969832910622,-0.0010981825991253052,1.5726575993769485,28.614121450291634,77.2096660531119
17.54,-0.13081100635195067,0.015443247358273845,1.5513664164885674,28.614121661080596,77.20966683573825
17.56,-0.08068808541777,0.019079676196125803,1.5713575372072528,28.61412187699935,77.20966761654785
17.58,-0.0872441043810073,-0.003544014613666891,1.520785972683621,28.614122091776192,77.20966839776601
17.6,-0.09265010177563836,0.005989609098498411,1.4399320381679144,28.61412230476746,77.20966917961827
17.62,-0.03859390456979073,-0.040673428787244024,1.3734554846427665,28.614122511770567,77.20966996355477
17.64,-0.04659240660664223,0.006291607283082074,1.3022792542309327,28.614122720571633,77.2096707468723
17.66,-0.07784258077607156,0.021060248128448505,1.2276837984713376,28.614122930099985,77.2096715299378
17.68,-0.038726667404241036,-0.01819503347428241,1.0690029095384828,28.614123149137846,77.20967230961928
17.7,0.02084675469805277,0.015110191499590012,1.0262482431759372,28.614123358239436,77.20967309283279
17.72,0.0007159983557927715,-0.009039472772254798,1.0074644631806216,28.6141235737566,77.20967387378636
17.74,-0.014394670659842781,-0.011533716491497915,1.0216061669641217,28.614123784298886,77.20967465649888
17.76,0.009049704445239266,0.02848375620165463,0.9856143971374262,28.614123989804597,77.20967544094644
17.78,-0.012154038372684691,-0.0006578865289552748,0.9847122323941747,28.614124192554787,77.2096762263239
17.8,-0.024941960666607036,0.017336314922612766,1.006787088896697,28.614124396941104,77.20967701115086
17.82,0.020334224450120057,-0.03905234976714593,1.019523345137033,28.614124603825218,77.20967779512814
17.84,0.023350624303629584,-0.01219673441344443,0.9753697269993503,28.61412481115028,77.20967857895425
17.86,0.009622701063376135,0.01423193606200288,0.9920263629769084,28.614125031537508,77.20967935814218
17.88,-0.030692056657017713,0.002488189165153128,0.9760457786449097,28.614125252103253,77.20968013726456
17.9,0.03700351277889428,-0.003677332978165334,1.0083630808645068,28.614125462483024,77.20968092003379
17.92,0.03632075732725981,0.012079553845684383,1.0398715385234565,28.61412567441423,77.20968170225979
17.94,0.02546091968635473,-0.01662710603470215,0.9932990660574991,28.614125886570246,77.2096824844067
17.96,0.006075046202947787,0.024344818350649295,1.015687201480723,28.614126105746806,77.20968326403762
17.98,0.001821487677364556,-0.004251604799814566,1.0024311427172512,28.614126323652123,77.20968404413081
18.0,0.008745709791496907,-0.01631478343727072,1.0073784263478371,28.614126546878452,77.20968482226932
18.02,-0.02283192613754127,-0.015001296329036509,0.9880753380024205,28.614126764291417,77.20968560254076
18.04,-0.010899725132549014,-0.0016309977233127239,1.013094705050649,28.6141269738726,77.20968638558793
18.06,-0.011725102055373266,-0.00852953919939701,0.9959757520871244,28.614127174088704,77.20968717180853
18.08,0.01214337936390111,0.010523187809020007,1.0358340011930998,28.61412738424687,77.20968795465501
18.1,0.004941321089148708,-0.0009273910322809423,0.9897821356152463,28.614127589432883,77.20968873921119
18.12,-0.019165744060223887,-0.007119641946549882,1.019575377604423,28.61412779015859,77.20968952526317
18.14,-0.03185198787288138,0.007067870107866873,1.0394720562277995,28.614127993746745,77.20969031035932
18.16,0.007112437097208942,-0.010590829038784718,1.02377362910068,28.61412818910058,77.20969109816554
18.18,-0.02126429697530403,0.009826679335663219,0.9819516370813804,28.614128381586493,77.20969188688726
18.2,-0.02510464406915507,0.006527856391378201,0.9800530202419933,28.614128564547226,77.20969267854531
18.22,0.0419295241109114,0.00570485621087109,1.0090657843928272,28.614128756302588,77.20969346749791
18.24,0.04619367312128461,-0.0071589563387152045,1.001236734921079,28.614128952998524,77.20969425487068
18.26,-0.0089808388303827,-0.012592183823788086,1.0103094525664562,28.614129149046548,77.2096950424531
18.28,-0.03646838855111661,0.016174149431656633,1.0239048314189387,28.614129336974095,77.20969583259999
18.3,0.024217162189280772,0.012281086205818595,1.0017478207196213,28.61412952174503,77.20969662371232
18.32,0.006722032050217362,-0.020159714145765548,0.9874236864573446,28.614129713093668,77.20969741279306
18.34,0.015400340883905735,-0.008656555299367113,1.0041499374289249,28.61412989210793,77.20969820562101
18.36,-0.012695069827235235,0.02679420607923752,1.0303867475426858,28.61413007317256,77.20969899784455
18.38,-0.020765959837404705,0.019680150266308188,1.000713585675159,28.614130260602288,77.20969978814487
18.4,-0.00478860481923445,-0.02340042243534319,1.0430318010124864,28.614130453403778,77.2097005767666
18.42,0.00348577228223672,0.00023777828843087807,1.0177026897907577,28.61413065541103,77.20970136239248
18.44,-0.03300393313461094,0.00838009200835801,1.0914267133424116,28.614130872865022,77.2097021426491
18.46,-0.010191164709614304,0.01987272607866323,1.1377752094775366,28.614131091117486,77.20970292261639
18.48,-0.08739137109950018,0.0025424389013798815,1.2141691566009156,28.614131319987607,77.20970369862457
18.5,-0.05918439729710599,0.009677212004016863,1.2877316949719892,28.614131546719808,77.2097044754467
18.52,-0.07727646809828274,0.018626873673635688,1.327860238539754,28.614131766728867,77.20970525477334
18.54,-0.06513991209002758,0.02131388290407078,1.3936588740779268,28.61413198415975,77.20970603503832
18.56,-0.11536803476947582,-0.0036153670801749183,1.4001427011420233,28.614132201289316,77.20970681541219
18.58,-0.08545683726300823,0.000911175549342087,1.3980362936207256,28.614132428948515,77.20970759188245
18.6,-0.09003130105780044,-0.015161045617675995,1.416891517628873,28.61413265083266,77.20970837051897
18.62,-0.09129976889995833,-0.005462582903108428,1.3894540593073736,28.61413285937011,77.20970915392769
18.64,-0.10724766380566458,-0.008148248373224823,1.382945465687114,28.614133058202157,77.20970994060399
18.66,-0.0952640054656959,-0.0037723820565865917,1.319026460626017,28.61413326620495,77.20971072419714
18.68,-0.07329580449508519,-0.0018849242022624675,1.3152631602279574,28.614133474744005,77.20971150760532
18.7,-0.06269639590161913,0.016267231594544258,1.1879105400880179,28.614133685226637,77.20971229033873
18.72,-0.01092191568365955,0.006986456290507858,1.143197368755962,28.61413389844264,77.20971307211158
18.74,-0.015663796400858493,-0.02559874253821196,1.0805045622730673,28.614134111472797,77.20971385395018
18.76,0.015895201169673055,0.011007850154582251,0.9915786542329799,28.614134309594178,77.2097146408591
18.78,-0.029023336125983984,-0.010975624451933489,0.9561956977077339,28.61413450697382,77.20971542800987
18.8,-0.03683942913298021,-0.02178802797221337,1.04005059043788,28.614134707421968,77.2097162141538
18.82,-0.0035562556979470057,-0.02284524215993561,1.0166366673101492,28.614134905813316,77.20971700097446
18.84,-0.02556484605158377,0.0033955614053877317,0.9769738444449868,28.614135113258598,77.20971778475938
18.86,0.0007975853129356965,0.021218411137748024,0.9798418252221,28.61413532562553,77.20971856683208
18.88,-0.016862102014640924,-0.00421620117378503,0.9726408172281441,28.614135531211225,77.20971935125253
18.9,0.006123712642109357,0.018745341086556608,0.9991666462687415,28.61413573549959,77.20972013611268
18.92,-0.015656754583587364,0.0017134684353064162,1.031461644150421,28.61413592526296,77.20972092569008
18.94,0.0112210600703724,-0.04311221722516804,0.9962153394298542,28.614136113170247,77.20972171584327
18.96,-0.01761999626661775,0.012242975087321606,0.9928890196728644,28.61413630970436,77.20972250326852
18.98,-0.03728605965923937,-0.010843498457498326,1.0213874107851637,28.614136517170095,77.20972328704643
19.0,0.017054060262556594,-0.016210751222253787,1.008458113178576,28.614136717733707,77.20972407315216
19.02,-0.01537456745020647,0.012357820131252953,1.0008961583971658,28.61413692547383,77.20972485683575
19.04,0.02745006671026168,0.00267719748867245,1.0167760759107092,28.61413714098227,77.20972563779254
19.06,-0.012830088329503987,-0.0013453571173872084,0.9667695194151948,28.614137360018436,77.20972641747476
19.08,-0.01645317881542249,0.0019410472582084288,1.0115385988086771,28.6141375722249,77.20972719960399
19.1,-0.005680516210422757,-0.01694182618737442,1.0277820799620796,28.614137786954736,77.20972798083905
19.12,-0.011207713094200917,0.03539921742819359,0.9773837381666357,28.614138007448826,77.20972875998784
19.14,0.0025233626885400517,0.0034514989559156686,0.9946945986932834,28.61413821963283,77.20972954212499
19.16,0.008051840027496576,0.003172797997466332,0.9631523594306717,28.61413842465131,77.20973032673808
19.18,0.011085592840774787,-0.0017409498016556558,0.9934823833279379,28.61413861815934,77.20973111513527
19.2,-0.0017145401573955658,-0.032330760748646346,0.9892446888462452,28.614138802297347,77.20973190643913
19.22,-0.030015229715350093,-0.013491311190827358,1.03627619330533,28.614138979069324,77.20973269991974
19.24,0.03446878961550181,-0.024475456274228036,0.9929246657148525,28.61413916106918,77.20973349186522
19.26,-0.00738642164734762,-0.026393161338202298,1.0080720489269808,28.614139338483408,77.20973428515981
19.28,-0.00842965919381175,-0.030831249066399523,1.0290351761534775,28.61413950742597,77.20973508085056
19.3,-0.0017775832743644597,-0.012704170530836037,0.958455582458481,28.614139663377273,77.20973587997553
19.32,-0.0052262212951617835,0.00040967298991129565,1.0046984673865278,28.614139818127867,77.20973667940332
19.34,-0.034981057265302345,-0.028443886423009723,0.980011872460978,28.614139976329096,77.20973747795422
19.36,0.011499303903365834,0.013996869687574536,0.9804859435370542,28.614140140721997,77.20973827488062
19.38,-0.016408429693818335,0.00594918296252261,0.9849148526075652,28.61414029825509,77.2097390736029
19.4,-0.006476360250497486,-0.004634176476308518,0.9922232558220037,28.614140460459566,77.20973987111098
19.42,0.03518679070123659,0.04324186390203827,0.9814494784737626,28.614140621913133,77.20974066881676
19.44,0.01888975163694727,-0.004811967150219019,0.9937705376541821,28.614140789524672,77.2097414648727
19.46,0.03224396634816552,0.01596420815607168,1.0213733732287336,28.614140958246587,77.20974226062422
19.48,-0.013540254372748696,0.004189316623493592,1.0117265904615544,28.6141411239003,77.20974305721178
19.5,-0.003774231511921914,0.028774748049609476,1.1372304199002583,28.614141287670556,77.20974385430453
19.52,-0.028058916565301698,0.021691695746825546,1.1646768210172451,28.614141446272676,77.20974465275225
19.54,-0.05373568296223304,-0.006000026321283147,1.2456279648203923,28.614141614490936,77.20974544864212
19.56,-0.08238150160991091,-0.005273618915926502,1.3235728237402855,28.61414178352335,77.20974624430814
19.58,-0.058109635498891254,-0.026828303458473268,1.329470204260908,28.614141955838175,77.20974703905999
19.6,-0.0997985895983788,0.002319095009600081,1.4205593525209408,28.614142134998293,77.20974783184528
19.62,-0.09345690479620315,0.013092814549111554,1.4055927599174272,28.614142319369634,77.20974862307865
19.64,-0.08131114825374469,-0.00123743955632028,1.448640722063284,28.61414250994378,77.20974941240266
19.66,-0.11910796314912589,0.028012121226755206,1.4583944355854177,28.614142698092024,77.2097502024815
19.68,-0.11795526043427447,0.0029022317826295943,1.3862146484979383,28.614142883463476,77.2097509934116
19.7,-0.039194220391383254,0.024948218252767763,1.387556017928413,28.61414306274818,77.20975178616035
19.72,-0.09700294768518088,-0.0032628386799347445,1.350762115654139,28.61414323974885,77.20975257957484
19.74,-0.03503485703499193,-0.023190747743708388,1.2750360655828739,28.61414341564321,77.20975337330852
19.76,-0.05370328316179292,-0.012499803699270265,1.2393005812436424,28.61414359098781,77.20975416720002
19.78,-0.04464167408735067,-0.0006439701186328221,1.193871661075871,28.61414376161958,77.20975496242295
19.8,-0.02490791496449174,-0.014990924774944925,1.0624469281623092,28.61414394692032,77.20975575337457
19.82,-0.0012443380427120119,-0.03310132229019724,1.0247341228450169,28.6141441326316,77.20975654420123
19.84,0.026758261851527805,-0.0400467184089064,1.0108328160352797,28.61414431613981,77.20975733569496
19.86,0.015122014743746566,0.020278152284502752,0.973890221757528,28.614144487184507,77.20975813080277
19.88,-0.004232284232345538,0.007706656819441064,0.9926662491762593,28.61414466597724,77.20975892369569
19.9,-0.03731657758168247,0.00551317016770603,1.0061836215396476,28.61414485274079,77.20975971420074
19.92,0.0004123597034482103,0.003367138685582912,1.0327400901100476,28.614145055214337,77.20976049967095
19.94,0.002656718857509847,-0.010948699376632526,1.0170283118045336,28.614145267257936,77.20976128185757
19.96,0.025170337350192334,0.015886673861328245,0.9872738677820435,28.61414548034023,77.20976206367781
19.98,-0.029402524857039744,-0.03478554558421237,1.0089045901017486,28.61414569838617,77.20976284372016
20.0,-0.009870272580859192,-0.041681857886972117,0.9449324813243823,28.61414592153017,77.20976362188945
20.02,-0.010501386446282662,-0.00403299010273545,1.0190575080627529,28.61414614451753,77.20976440011701
20.04,-0.0011175750897876775,0.0025939633578404317,0.9856782216222971,28.61414636352294,77.20976517981049
20.06,0.0018208794139720375,-0.017682283503018592,0.9798817613037352,28.614146582442757,77.20976595953516
20.08,0.008768187710785228,-0.031866588143579094,0.9947072632701216,28.614146801179817,77.2097667393264
20.1,-0.03789718505009521,0.011813303862413273,0.9760877600017198,28.61414701715219,77.20976752011694
20.12,0.003459556270398202,-0.008228574062146766,0.997066433727909,28.6141472456495,77.20976829626778
20.14,0.004913002542286678,0.013881769295874558,1.0220719527078677,28.61414747326771,77.20976907275374
20.16,0.0015030245241603893,0.026114098204335134,0.9615143337752325,28.614147701396636,77.2097698490452
20.18,-0.003552324155467028,-0.03207170316774084,0.9995581349637669,28.614147929573946,77.2097706253182
20.2,-0.06839630358824182,0.0042663624734235826,0.9978531806680497,28.61414816172749,77.20977140005986
20.22,0.0113628914534693,0.004991861947171602,1.0113839769855564,28.614148395278,77.20977217425651
20.24,-0.01946410211561188,0.014888513813341997,0.9972815447117129,28.61414862609008,77.20977294951811
20.26,0.0122742098584922,-0.010668252064807598,1.020114093854039,28.61414884592198,77.20977372890975
20.28,0.02500289633560238,0.0011166138684288666,1.028371193693818,28.614149077294254,77.20977450395463
20.3,-0.03352206307825151,0.014673355571580655,1.0217271800904457,28.614149304772436,77.20977528049386
20.32,0.011665185219330592,0.008755017616723594,0.9864677989289322,28.61414952393182,77.20977606013122
20.34,-0.02471140026618517,0.03117895063664289,1.0398950018645265,28.614149751769197,77.20977683653378
20.36,-0.000847948165993864,-0.017369059390536602,0.9780862086875339,28.61414998082904,77.20977761246945
20.38,-0.0025189033176652876,0.00414048911528029,1.0154692071136466,28.614150208009523,77.20977838912175
20.4,0.015128361013408087,-0.0017256630379323746,1.024229856053257,28.614150421448176,77.20977917081589
20.42,0.012158423021932886,-0.004130317475485325,1.0428210727893827,28.614150619923752,77.20977995760911
20.44,0.0052423257753968005,0.011762774992008968,1.0213825264093304,28.61415082715979,77.20978074146598
20.46,-0.03286715641662773,0.002312891455851645,0.9860707634319118,28.6141510364746,77.20978152460579
20.48,-0.05029623925644472,-0.021319005638741836,1.0195964013433974,28.61415124441751,77.2097823082197
20.5,0.01824564630125406,0.01905415150515173,0.9985567974474867,28.61415144852933,77.20978309313956
20.52,0.014929365877722285,0.01180519030745302,1.023311149337347,28.61415165125714,77.20978387852472
20.54,-0.01994960688478049,0.029493818725576035,1.0051219683957067,28.61415186051262,77.2097846616851
20.56,-0.011428037329264168,0.014542391915282098,1.1045993230861213,28.61415207657991,77.20978544244161
20.58,-0.04030960333600973,-0.0042704451698066135,1.1488091733320451,28.61415230318483,77.2097862193121
20.6,-0.03091338273414203,-0.004117335627407512,1.2342383502223555,28.614152543522753,77.20978699080854
20.62,-0.06569786524031986,0.02071601662339842,1.2630083427401384,28.614152794423696,77.20978775792881
20.64,-0.06179391806283982,-0.01534223976137015,1.3496078914877692,28.614153037485877,77.20978852831698
20.66,-0.10178764137446372,-0.018097745481784666,1.322536838286299,28.614153275738378,77.20978930065232
20.68,-0.09048209394428837,0.004407516116752195,1.40671324925545,28.614153510235994,77.20979007447743
20.7,-0.10782697407184053,-0.029881689446038934,1.4137585334252316,28.61415374624596,77.20979084770569
20.72,-0.11194256816653769,0.00697410693854746,1.409428475892668,28.61415398253765,77.2097916208223
20.74,-0.142779963178512,0.009393701700169833,1.3492689539463705,28.61415422065211,77.20979239321288
20.76,-0.07104672200085879,-0.004927876716303065,1.3556145941750686,28.614154469496423,77.20979316120194
20.78,-0.044807850460478034,0.02816083233408899,1.3500604514597352,28.614154713968905,77.20979393101085
20.8,-0.09512946317220393,0.022559446185835934,1.2585570539805724,28.614154952670265,77.20979470316634
20.82,-0.03877130812513643,-0.015564237207846108,1.1861355889271366,28.614155199153153,77.20979547214293
20.84,-0.02308578471323201,0.01311523797837791,1.126776183738569,28.614155453391117,77.20979623783622
20.86,-0.028666922640288625,0.019690830318898792,1.0998664956693054,28.61415570526302,77.20979700454352
20.88,-0.014749702201896748,0.0016553736252947573,1.0104851071387648,28.61415595482518,77.20979777223027
20.9,0.023610091509105563,-0.008636229277124303,1.0297625893824462,28.614156199443,77.20979854197928
20.92,0.021502216491775427,-0.02217574467377161,1.0152423939541777,28.61415643448468,77.20979931559019
20.94,0.009029798266249112,-0.01116455458689493,0.983958819973625,28.61415667669762,77.20980008632539
20.96,-0.01039938983059013,-0.021730165631877622,1.037834796660143,28.614156919465252,77.2098008568341
20.98,0.021789108245415644,0.018249322803682713,0.9891182882049261,28.614157168988157,77.20980162453742
21.0,-0.016731699877422915,-0.0051028056918869195,0.984774484848373,28.61415742475769,77.20980238956857
21.02,0.02841274255559767,0.010433035619569892,1.0063449556413657,28.614157683411335,77.20980315334042
21.04,0.03264414444918457,0.025206037717522313,1.0096111041679328,28.61415793238107,77.20980392127676
21.06,0.023629601311679755,0.004243577905384763,1.018005862807628,28.61415817388769,77.20980469229953
21.08,0.0068561634470657076,0.023541497281348866,0.9945183491393828,28.61415841590069,77.20980546311624
21.1,-0.050947846734149184,-0.007011182338451696,1.0294458309756558,28.61415867244606,77.20980622781023
21.12,-0.0036956153137096153,0.007729117594802921,0.9882181948346994,28.614158926352747,77.20980699364617
21.14,0.03529760064341321,0.00410813882401995,0.9793267953881728,28.614159177772397,77.20980776054608
21.16,0.018741129351892198,-0.014030314290905744,0.9620750194290006,28.614159435466274,77.20980852473882
21.18,0.008706280803601044,-0.00618675811515164,0.9965820011958212,28.614159687578532,77.20980929134363
21.2,-0.013616899127185538,0.028303783576017427,1.0179261871083036,28.61415994609152,77.20981005517729
21.22,0.020488117985367857,-0.006897410195995953,1.0155214616344983,28.61416019904537,77.20981082142228
21.24,-0.03145935169810884,-0.033252747313405856,1.007381886268951,28.614160450376936,77.20981158835967
21.26,-0.00341671888680559,-0.006924727184613248,0.9915889080808034,28.61416071150983,77.20981235103605
21.28,0.03479759109326899,-0.015058588992238137,1.025934034939087,28.614160975061193,77.20981311263219
21.3,-0.01608740529619816,0.009118455979740965,1.0026180376563643,28.614161237645174,77.2098138746618
21.32,0.012183786626697515,0.012295876652236906,1.0088495068384,28.614161498220042,77.20981463758582
21.34,-0.035142480403308904,0.007162578391142902,0.9775263397365984,28.614161751861484,77.20981540353583
21.36,-0.013044050061839839,-0.008189521410597865,0.9637350407048855,28.614161997701224,77.20981617277957
21.38,0.0035892563726789535,0.0011836766659658261,1.018214551192177,28.614162245151675,77.20981694135288
21.4,0.007072400709390853,-0.006305430982817799,1.0513335531249792,28.614162488824512,77.20981771149077
21.42,0.041348897676692815,-0.028936601355236673,1.0098491307065725,28.614162721595438,77.20981848599213
21.44,-0.010081016446288804,-0.002242039254820234,1.0183301315558284,28.61416296128014,77.2098192577523
21.46,0.011888726848456817,0.05273324222938529,1.0178998159825892,28.614163205079322,77.2098200278383
21.48,0.011327652960860015,-0.020585014062459855,1.0024608938606532,28.61416346003383,77.20982079322242
21.5,-0.011776986409681807,-0.03709689896110548,0.9699203888035686,28.614163719225843,77.20982155675745
21.52,0.019118937501887208,0.02847886761528016,1.0156815637918535,28.614163977037997,77.20982232089844
21.54,0.013363445763579451,0.008973071429032172,1.0315744481460638,28.61416424898674,77.2098230786541
21.56,-0.005469506560562942,0.005958809423312177,1.0119050374433982,28.61416451802564,77.2098238377564
21.58,0.0038940486507991205,-0.007171533861893718,0.9968928531797512,28.614164790209177,77.20982459540267
21.6,-0.01919144374700937,0.004525058802989005,1.009931130694526,28.614165062809512,77.20982535285445
21.62,-0.036086697206522765,0.0010353517925000058,1.0913773625286627,28.614165343163346,77.20982610662492
21.64,-0.036555307293391195,0.026215333355375545,1.206972846172631,28.614165624193703,77.20982686006842
21.66,-0.037693732047092754,0.018339041501176413,1.2670209507478258,28.614165894078376,77.20982761878106
21.68,-0.07403976094882331,0.012044782902658282,1.3502491488012665,28.614166166623768,77.20982837625851
21.7,-0.09213087189064885,-0.013654378991399391,1.4201076649552555,28.61416645381643,77.20982912668069
21.72,-0.09413075996097059,0.00457919261562194,1.4601290498808295,28.614166732992178,77.20982988101834
21.74,-0.07961022633915686,-0.012308284952195216,1.4800092195205035,28.614167008571712,77.20983063706996
21.76,-0.126610120250311,0.02456935018071019,1.4653649288829806,28.614167283526953,77.20983139341647
21.78,-0.08234643718700432,-0.014299649162672599,1.5043752130851695,28.614167554706082,77.20983215152995
21.8,-0.0859430609101473,-0.0026902136587864355,1.4973630060304355,28.614167825335958,77.20983290989808
21.82,-0.11664783337829211,-0.021735206896017253,1.4136459611523553,28.61416808498983,77.2098336732295
21.84,-0.08450714622338651,-0.00996270196367002,1.4059587146789947,28.61416833959725,77.20983443876356
21.86,-0.05464813107419297,-0.010188594513067192,1.3361540434467192,28.61416859726934,77.20983520296589
21.88,-0.09085221596736992,-0.003054384741165532,1.2176567769854796,28.614168844904103,77.20983597146221
21.9,-0.05683060365271588,-0.01799257456871019,1.1877454162504069,28.614169080220268,77.20983674496493
21.92,-0.04883319455120294,0.02431257384898161,1.1207413905055446,28.614169309345115,77.20983752087585
21.94,-0.01155961905608479,-0.0037412993334493203,1.0025897565669057,28.614169535696295,77.20983829784244
21.96,0.020754637986811236,-0.01067238645306847,0.9604621936256259,28.6141697678647,77.20983907257849
21.98,0.015965289892618133,0.015393734871240254,1.0091745888787413,28.61416999536442,77.20983984910967
22.0,-0.010108148123495598,0.043247979793803085,1.0239450796847893,28.614170220217307,77.20984062664058
22.02,0.020578819150561842,-0.008084718551526196,0.9849530609528145,28.61417044525313,77.20984140410282
22.04,0.013268029373331014,-0.004903083682454539,0.9971958696261692,28.61417066551094,77.20984218333857
22.06,0.025502583958943562,-0.014765870992775678,0.9946026014068953,28.614170885173138,77.20984296279245
22.08,-0.0017709180868628537,0.013240568711924326,1.0037905447668136,28.614171101076973,77.20984374360778
22.1,0.010781541949325221,0.019107432110253255,0.9939819338335825,28.614171309869263,77.2098445269287
22.12,0.06743641628833538,-0.0009275605390740665,1.0283685833519745,28.614171527796053,77.20984530701445
22.14,-0.006191468523345182,-0.008767343152219451,1.0278604370037538,28.614171752728353,77.20984608451556
22.16,-0.001299640902942385,0.010679204431179796,0.989289762807056,28.614171983877494,77.209846859647
22.18,-0.0031780421922401507,0.014793400661256449,1.0283526550911144,28.61417220178297,77.20984763974047
22.2,-0.001810070971148724,0.03108084933737163,0.9684033984862289,28.614172415345966,77.2098484213907
22.22,0.011162056262821313,-0.011650664430565054,0.9851573205505159,28.61417262391743,77.20984920478797
22.24,0.001162173234979695,0.0170467136614853,1.0138483768714435,28.61417282470842,77.20984999081865
22.26,-0.02729699118495721,0.0021156397130113257,1.0031495179347945,28.614173032710493,77.20985077441235
22.28,0.0003609774249111756,-0.034685594681616395,1.0042918408593495,28.6141732546895,77.20985155301409
22.3,-0.010526190474939592,0.03044409264243619,1.0089656207740458,28.61417347709813,77.20985233145672
22.32,-0.03457037651918711,0.005949606872543311,0.9917319727065438,28.614173693364172,77.20985311214197
22.34,0.02290064463890245,0.012136081168452842,1.0264730807265583,28.614173910983965,77.20985389233893
22.36,-0.010637293800457921,0.018926350331254387,1.0153323616533831,28.61417413796585,77.20985466906676
22.38,0.0076673293909744105,0.011921124180922083,0.999403601725642,28.614174371110757,77.20985544342223
22.4,-0.06307980110863409,-0.01933985139709609,1.0200009083082457,28.614174612255614,77.20985621459202
22.42,0.009978440304002927,0.013493574816673468,1.0106029933106748,28.614174857541524,77.20985698406524
22.44,-0.006268275023542512,0.00993261117400299,0.9966359557361834,28.61417511064231,77.20985775024737
22.46,-0.031096962619006484,-0.03339681050185189,0.9957810671473939,28.614175362755585,77.20985851685187
22.48,-0.011038385590652651,0.033320744937950966,0.9785105475984689,28.614175618550146,77.20985928187228
22.5,-0.013726523968470558,-0.007546490317403573,0.9892544562624819,28.61417587008557,77.20986004872306
22.52,0.01501350789255302,0.0199113522722667,0.9977885063330623,28.614176128182464,77.20986081273941
22.54,0.0018085368802750656,-0.006720005641901398,1.0031750791320284,28.614176384565898,77.209861577504
22.56,-0.030449784698231272,-0.01066422907067634,0.983282328819143,28.61417664120174,77.20986234215873
22.58,0.008770077389636824,-0.0015784381625707942,1.0023060848099632,28.61417689517718,77.20986310796522
22.6,-0.04141484729457849,0.04243449111187921,0.9906560097025239,28.614177145540793,77.20986387531343
22.62,-0.022501471104824748,0.0402588675952995,0.9872358418705234,28.61417739156348,77.20986464448139
22.64,0.0002930409424878566,-0.010690659893477446,1.0118576966105455,28.614177631968257,77.20986541595099
22.66,-0.012485961394907612,0.02494684269329204,1.0049439134774736,28.614177868696874,77.20986618889431
22.68,0.005459278937801952,0.0004673460117119134,1.0809699165046607,28.614178103403308,77.20986696263745
22.7,-0.03273771472149407,0.040366298086117684,1.17322848890813,28.614178342633156,77.20986773458084
22.72,-0.04012403752277087,0.02305741909779143,1.2112183781668584,28.614178576089298,77.20986850881465
22.74,-0.054034775668037466,0.005581108949216257,1.2786845049692919,28.61417881427626,77.20986928117641
22.76,-0.08866438394007392,0.0016276411045246571,1.3502181695432303,28.614179054441465,77.20987005274284
22.78,-0.11082473964119688,0.012167792043368368,1.3981926426649691,28.61417930043392,77.20987082192336
22.8,-0.09718148874419817,0.009670134533626216,1.4453529186237428,28.614179552375557,77.2098715886011
22.82,-0.08222895411563821,-0.022052713621553664,1.4326738677326794,28.614179806449467,77.20987235436522
22.84,-0.10422876339135213,0.004156267817715605,1.4330978746855711,28.614180062089194,77.20987311945282
22.86,-0.08436348777618415,-0.013033623849815419,1.4518460336337198,28.61418032318459,77.20987388214601
22.88,-0.090061210042367,-0.010593876715699349,1.3785949877352286,28.614180584132928,77.2098746449045
22.9,-0.11086480272168216,0.022291043906384585,1.3771391635044559,28.614180844031278,77.20987540812804
22.92,-0.09673127275605654,0.004074975563059287,1.3014073676405382,28.614181107576478,77.2098761697271
22.94,-0.02139374637971881,-0.009090403092684064,1.2198235401254385,28.61418135574585,77.2098769379997
22.96,-0.059474669196831455,-0.024237389165203328,1.1396027194170522,28.614181601670005,77.20987770720858
22.98,-0.031126799203809577,-0.01552092325196796,1.0784247561788163,28.614181846795393,77.20987847674823
23.0,0.01835174095883865,-0.001188853143091788,1.013052555120657,28.614182096481574,77.20987924438285
23.02,-0.02385089027507198,0.03371718462673864,0.9997256124950947,28.614182345238632,77.20988001240879
23.04,-0.013670254200110362,-0.020981523495757583,1.0183461098946682,28.614182592371424,77.20988078111486
23.06,-0.004232936615040198,0.005895285839507486,1.0177716877614162,28.61418283952766,77.20988154981116
23.08,-0.006845978578502938,0.00814238600868317,1.0161073220324148,28.614183077086135,77.20988232242408
23.1,-0.019410474027726304,0.024452785038579367,1.0169578098890517,28.614183326149885,77.20988309032104
23.12,-0.0038703541837675254,0.002497553169151331,0.9893305650962197,28.614183577776,77.20988385713326
23.14,0.013581700495812954,0.008159550898371205,1.0156258279106072,28.614183824590512,77.20988462597202
23.16,-0.002458049087628024,0.023641974893305665,1.0426216256182255,28.61418407744692,77.20988539225891
23.18,-0.01316936244637527,-0.015541274060587985,1.0195469391696181,28.614184340677078,77.20988615399936
23.2,0.018921952977568393,0.015824110997056665,0.9922457884049676,28.614184607373517,77.20988691417367
23.22,0.03412917185594969,-0.027879380823628477,0.9884001979608587,28.61418486708905,77.20988767747798
23.24,0.01910281773935147,0.001283876769136747,1.0022784148773027,28.614185132644124,77.2098884381706
23.26,-0.02246536704838386,-0.004746969564109078,1.0154147499550497,28.61418540057767,77.20988919778019
23.28,-0.021934537001703783,-0.014442009341571225,1.0035732166545914,28.61418566569826,77.20988995866944
23.3,0.008739929564803706,0.019447864188494764,0.9778561408958938,28.614185934683874,77.2098907177964
23.32,0.0034209185985807893,0.020570238166698184,1.0151601367366694,28.614186206598756,77.20989147556797
23.34,-0.024495526579899812,0.021380547907396533,1.0187642219652016,28.6141864828454,77.20989223130375
23.36,0.005728678766521812,0.007594813006839641,0.9824444826359617,28.614186762854413,77.20989298524069
23.38,0.0019773790200259896,-0.024651594887566106,1.0192164834717827,28.614187050541258,77.20989373541734
23.4,0.029558368983728656,-0.006579504942974732,1.0024291422176883,28.614187339921497,77.20989448474836
23.42,-0.008709933741844486,0.020117610046473212,1.0097476096262967,28.614187622284835,77.20989523754504
23.44,0.027732049116050046,0.019853770162519328,1.010088044826836,28.61418789415319,77.20989599533829
23.46,0.028608349968045,0.023933895655888382,1.0057611261117285,28.61418815768626,77.20989675694284
23.48,-0.013460038408999366,0.006281820624010678,0.9920173200085933,28.61418842029847,77.20989751896003
23.5,0.007080712544207767,-0.003638545270593705,1.0099998058136304,28.614188671778212,77.2098982858346
23.52,-0.004229134187105002,-0.03930949468371135,1.0009213694204175,28.614188907689524,77.20989905910218
23.54,-0.005048300903781713,0.017252945688905216,1.0065899435788634,28.61418914236989,77.20989983285565
23.56,0.004924839433398374,-0.001982908517710985,0.9945434024114914,28.61418938376705,77.20990060392313
23.58,-0.015798661477247542,-0.025075558467354018,1.0079026091964927,28.61418961626329,77.20990137853174
23.6,-0.03190585761243063,0.015254560907492939,0.9999905658917013,28.614189856926206,77.20990214989699
23.62,-0.010638999513449841,0.028391069192957714,0.9799549271476694,28.61419010358262,77.20990291880163
23.64,0.02361761149695762,0.017345402913000393,1.0107383365104243,28.614190364241512,77.2099036816886
23.66,-0.0040662452333012035,0.013498450688857475,1.0216069446345177,28.614190620021983,77.20990444671524
23.68,-0.000464879700702776,0.018668086090430993,1.0082135023828454,28.614190891282785,77.20990520479099
23.7,0.015852989394960118,-0.05461261767588471,0.9965892219916224,28.614191155923024,77.20990596589724
23.72,-0.03194327388896427,0.03442322489368227,1.0081685041543387,28.614191408430848,77.20990673233332
23.74,-0.00959280170517705,-0.01583473812280928,1.0559796415735458,28.61419164927662,77.20990750362452
23.76,-0.0027270966465514496,-0.01407987624745205,1.1520541085667588,28.614191898673603,77.2099082713812
23.78,-0.05081259595666936,-0.00942205126026346,1.2160700068097932,28.614192160587606,77.20990903371018
23.8,-0.10582914288476336,-0.007135292923813197,1.253127031546847,28.61419242679582,77.20990979410655
23.82,-0.08132954548197813,0.030008154603906,1.3031399381477236,28.614192687124998,77.20991055713962
23.84,-0.07731198615794668,0.010876663334860615,1.3170048678301893,28.614192939372053,77.20991132368714
23.86,-0.09394107368412512,-0.013570083475508525,1.373998388056478,28.614193187141993,77.2099120921271
23.88,-0.09412436869235155,-0.01054304915184778,1.3706219356592286,28.614193431346642,77.2099128620466
23.9,-0.0917212250673472,0.04988739415106462,1.3244029191180389,28.61419365952704,77.20991363831875
23.92,-0.11482742576713835,0.007060706522217991,1.364724095727306,28.614193890962504,77.20991441333949
23.94,-0.10566140124796145,-0.008636485608971897,1.3351688001809983,28.61419412768397,77.20991518628578
23.96,-0.08719459573492652,-0.03243732473778903,1.2805971028631244,28.61419437245726,77.20991595597094
23.98,-0.059516098095096205,-0.03351388338074362,1.2734613265976809,28.614194614302804,77.20991672685611
24.0,-0.0764248814570253,-0.02233774547559816,1.1899234276026338,28.61419485736304,77.20991749724539
24.02,0.005002580269922487,0.0019167575593084935,1.1217758379857992,28.614195094835754,77.2099182698926
24.04,-0.06684314327012664,0.02218827964298336,1.091638300066582,28.614195335362034,77.20991904131319
24.06,-0.034134495755748506,0.012321488901834772,1.008463037459591,28.61419557162546,77.20991981444132
24.08,0.011073446011433466,0.023481220928431492,0.9808436566258257,28.614195810492372,77.20992058653067
24.1,0.009350971449461752,0.01131549136383128,1.0001526827843576,28.614196050461768,77.20992135817629
24.12,-0.0014474387474470228,-0.0245168887973664,0.9847133526223887,28.614196290891673,77.20992212963587
24.14,0.013523985943607594,0.00849712154764639,0.9752535694764025,28.614196542801338,77.20992289632737
24.16,0.011354038811371734,0.009352460088629392,0.9737978956682878,28.614196795652926,77.20992366261642
24.18,1.6045957199052185e-06,-0.0024019690581660127,1.0140791910539417,28.614197044719017,77.2099244305125
24.2,0.005364733905008496,-0.0061195122856329935,0.9845191729926839,28.614197300433784,77.20992519556769
24.22,-0.06281547119973378,-0.002965350445707682,0.9807341228928441,28.61419754327402,77.20992596604701
24.24,-0.0026633390822468506,-0.03092834645148419,0.9958788284387494,28.61419778608121,77.20992673653984
24.26,-0.0009538638225007444,-0.0266432917479217,1.0517425723866745,28.614198033123216,77.20992750528389
24.28,0.03825659152230035,0.050835306997417576,1.009744423980732,28.614198284595354,77.20992827216175
24.3,-0.016513527763383686,-0.02502943307805539,1.0168191110476736,28.614198526817678,77.20992904289342
24.32,-0.0007173089373567942,-0.03533224577672146,0.9814520819815894,28.614198774612326,77.20992981132308
24.34,0.028472687125983463,-0.014406670606557115,1.008959603185929,28.61419902039498,77.20993058059076
24.36,0.011202254880883316,0.00918256926746571,1.0003072360320908,28.614199260204874,77.20993135230074
24.38,0.0005032983271845435,0.011223704838824148,0.9863334436096567,28.614199496256532,77.20993212551284
24.4,0.01924641716930098,-0.020479058910930936,0.9960477186326101,28.614199736123748,77.20993289719969
24.42,-0.015854457950260782,0.0019316466938415914,0.9875498844127061,28.614199970297392,77.20993367115244
24.44,0.0345061719965354,-0.010892116415313555,1.003037028359659,28.614200203412366,77.20993444551979
24.46,0.01284990917959187,0.0038058455798423802,0.9960684957157532,28.61420044818427,77.20993521520556
24.48,-0.03251927527325816,-0.00586517093591348,0.9875981971747345,28.61420068467271,77.20993598824445
24.5,-0.012104203629284828,-0.013880849926819544,0.9954688416488695,28.614200925320606,77.20993675961586
24.52,-0.043150657269374365,-0.012982632076652591,1.0177278779519023,28.614201167157248,77.2099375305047
24.54,0.01591542784733902,-0.043982612873183086,0.9772573609810907,28.614201406898474,77.20993830224238
24.56,0.011270186583772213,-0.004430666041784194,0.9893962461505199,28.614201650239757,77.20993907251658
24.58,-0.009205512832965954,-0.0015287124007663088,1.0068519259015483,28.614201888455938,77.20993984486681
24.6,0.024007141841753427,-0.028169947839561473,0.9882346319437787,28.6142021341417,77.20994061417468
24.62,-0.0016705673198210544,-0.006734106417585744,1.0253199581275159,28.61420238370245,77.20994138186238
24.64,0.05246770691589862,-0.005105142519049172,1.023134936585577,28.614202624984202,77.20994215297682
24.66,-0.023988706940835935,-0.03706952766895113,1.0241971906195915,28.614202866094836,77.20994292416071
24.68,0.012833799452716852,-0.015430667577834116,1.0131232638126617,28.61420311434645,77.209943692399
24.7,-0.007948036352070389,-0.01606030878233558,1.0195397119674465,28.614203362067034,77.20994446085967
24.72,-0.01354082034649303,0.0035947760947144503,1.0004776348476507,28.614203607076057,77.20994523044756
24.74,-0.00346127666336209,0.024904485845326868,0.9886940460707592,28.61420386276886,77.20994599551231
24.76,0.007340043664929295,0.0009442816839720586,0.9898491451792645,28.61420410731663,77.20994676529055
24.78,0.0011659863529878006,0.023191751475004067,0.9689772689829851,28.61420433973381,77.20994753993006
24.8,-0.0048212962132740435,-0.004449452846593511,1.061154393247774,28.61420457133478,77.20994831488672
24.82,-0.023984644771101918,0.007424844183632148,1.1281634532035887,28.614204804296456,77.20994908931397
24.84,-0.023614729802554957,0.0013359429156500847,1.1918134599518788,28.614205037102142,77.20994986380208
24.86,-0.09139387724743751,0.04822877828081148,1.300282107913442,28.61420526382681,77.20995064062761
24.88,-0.11094832265285812,-0.0030470201988234864,1.2814277205043254,28.614205487462613,77.20995141861412
24.9,-0.09087164937875218,0.01564957193714117,1.3275763695341802,28.614205709463928,77.20995219720785
24.92,-0.11205464898174972,0.004054480057267562,1.3997758131867366,28.614205921996113,77.20995297922283
24.94,-0.0820945720200643,0.022512283041427657,1.3554970328688107,28.614206126750943,77.20995376392577
24.96,-0.12092995907506177,0.012642948700825765,1.3486708482439862,28.614206338108726,77.20995454635366
24.98,-0.10717510138700201,0.006814796875880887,1.3528678103352938,28.61420654336305,77.20995533088724
25.0,-0.0961632476542722,-0.022832993260246997,1.3181399251701977,28.614206740672568,77.20995611806136
25.02,-0.044491121153810514,-0.0210710035306091,1.317784282197006,28.61420693605846,77.20995690585785
25.04,-0.02521693779060359,-0.012322674933615926,1.2528439353649028,28.614207127298084,77.20995769497347
25.06,-0.07547126331698603,-0.005850286466208652,1.1733502768809356,28.614207320666537,77.20995848341562
25.08,-0.08003852275087905,0.002222924978555595,1.1403487749963324,28.614207522357102,77.20995926914765
25.1,-0.029854547650522298,-0.012274627261070535,1.0720198525102218,28.614207710994712,77.20996005907554
25.12,-0.0007386249545008925,-0.039544036225086926,0.9725357457719455,28.614207908903616,77.2099608460544
25.14,-0.0008304144658324771,0.020547505223568158,1.0089211388835173,28.614208095169943,77.20996163671215
25.16,-0.0016841001688514285,0.008946094866304034,1.0099873922387603,28.614208281889116,77.20996242723128
25.18,0.01631812969738771,0.0012050197112728445,0.9730776594096597,28.61420845993715,77.2099632203421
25.2,-0.008056101090604503,0.025077166390288227,0.9757658961428146,28.614208637825627,77.20996401349939
25.22,0.004266998550262639,-0.016073222476762555,0.992998771219401,28.61420880917934,77.20996480852135
25.24,0.012893624505699084,-0.002617998292413193,0.987558565511868,28.614208977398683,77.20996560441144
25.26,0.0043883599975382695,0.0031908546020966285,1.011928434954267,28.614209150291046,77.20996639900102
25.28,0.01351415037016961,-0.008303386963270674,0.9913451894268921,28.614209322247717,77.20996719385403
25.3,-0.03415854056958579,-0.01591327736256362,0.9964802361886878,28.61420949520154,77.20996798842626
25.32,0.0022897231681448084,0.01749539980257848,0.9788300838080896,28.61420966366686,77.20996878424883
25.34,0.00459587883109113,0.005680176382643105,1.0189702360443877,28.61420983114317,77.20996958034223
25.36,-0.0033117500295207275,0.01248032210866866,0.984809640977563,28.614209996618957,77.20997037697829
25.38,-0.01195311257861512,-0.01647257359550346,0.9793642627161899,28.61421016926022,77.20997117163873
25.4,0.00922369051888288,0.01659957697757969,1.0010341569638352,28.614210350803443,77.20997196372073
25.42,0.0024588606277446976,-0.01246542532900306,1.0214728297475362,28.614210531855512,77.20997275594861
25.44,-0.0010518578198968627,0.004944390445212174,1.0090594931009107,28.61421071164465,77.20997354854961
25.46,-0.006567816750543486,0.03959176019546206,0.9887081721421651,28.614210898740474,77.2099743389532
25.48,-0.00578482423748436,0.01704156132688053,0.9918979281142136,28.61421108186742,77.20997513056201
25.5,-0.015307677182416267,0.006784386360314697,0.9730115538437006,28.614211260716832,77.20997592343886
25.52,-0.009512055036652079,0.02700991501227996,1.0384958918853218,28.614211438479277,77.20997671663284
25.54,-0.018785244887837078,-0.011393224960375434,1.031034449558719,28.614211616132128,77.20997750985867
25.56,-0.007743659172082944,0.009812910807459664,1.005767898609807,28.614211802596618,77.20997830045583
25.58,0.00728632845179808,-0.016637031275698454,0.9997575090514574,28.61421199795875,77.20997908826
25.6,0.016394549704635913,-0.007234935063280101,0.9774774393665986,28.61421219058962,77.20997987693643
25.62,-0.0010241264800432712,0.031814323937123155,0.9970829557057209,28.61421238894663,77.2099806637689
25.64,-0.00157717713088983,0.0054732890298592966,1.0178235231978987,28.61421259253201,77.20998144886661
25.66,0.0028790258575409696,0.028143326109660763,1.0145861529170719,28.614212794195176,77.2099822346078
25.68,0.01966706459652126,-0.00205215373847849,0.9909880032669026,28.61421298176225,77.20998302486646
25.7,-0.0044999585662243834,0.024416051954805153,1.016014780542823,28.614213172085044,77.20998381426969
25.72,0.009258398468556422,0.001034540227250608,1.023141715180544,28.614213348157843,77.20998460795255
25.74,0.007411537431245135,0.002675675306152051,1.0006915856305858,28.614213524761904,77.20998540148223
25.76,-0.012471310493160238,0.0004838299107302406,1.019637334777733,28.61421369743531,77.20998619613363
25.78,0.01413379814244772,0.0072114830464296495,1.0330065649440066,28.614213863405926,77.20998699263613
25.8,-0.041443487458527176,-0.005177383107149954,1.03830565544936,28.614214022148243,77.20998779104825
25.82,0.021234770224149595,-0.027781854083012262,0.9879916355579019,28.61421417851316,77.2099885900689
25.84,-0.02388233380039319,-0.0007141993504877872,1.0088675408863512,28.614214336488747,77.20998938867832
25.86,-0.02115551419592876,0.0026481507728556702,1.105037460094746,28.61421448865365,77.2099901887505
25.88,-0.019544717803237514,0.0326973287087018,1.178463500118917,28.61421463783916,77.20999098955043
25.9,-0.06118368016685389,-0.04520950026318489,1.28549615338203,28.614214790087352,77.20999178960204
25.92,-0.06268612333686645,0.03234706801686202,1.3346471600893772,28.61421493242422,77.20999259201794
25.94,-0.06289850674990018,0.020965320778213087,1.392021799735651,28.614215071537632,77.20999339516706
25.96,-0.05255193291949466,0.013712324844257051,1.416883767266909,28.614215215929303,77.20999419710643
25.98,-0.09648349408898767,0.0030849912637167104,1.4423748187614647,28.61421536641318,77.20999499759107
26.0,-0.0959775785236218,-0.020406017078060265,1.4859599812651503,28.61421550310343,77.2099958012799
26.02,-0.09876415775703892,0.03901633017389748,1.4349474779955478,28.614215643267553,77.20999660419194
26.04,-0.10060782615263601,0.024692838244335675,1.501065904799137,28.614215778120634,77.20999740828341
26.06,-0.11643087868769172,0.005015557334582452,1.4609462968616123,28.61421591031262,77.20999821294808
26.08,-0.10221798266567919,0.005713302862101767,1.4088750901841602,28.61421603742267,77.20999901867455
26.1,-0.06765518558091288,-0.0021763038614515512,1.355787252022545,28.614216150987705,77.20999982702182
26.12,-0.04582137775393659,0.01188797286042148,1.255113740119981,28.614216257470066,77.21000063661904
26.14,-0.010895637364151438,-0.0008870908818514314,1.1832669932365665,28.614216358008814,77.21000144720175
26.16,-0.022569401233563605,0.006158031422202324,1.0835460906695094,28.614216459948278,77.21000225755742
26.18,0.03057342769906879,0.00875997182863707,1.0221825656779253,28.614216566613113,77.21000306712348
26.2,-0.024090154225524664,0.048606068270626,0.9489667796528884,28.61421665605353,77.21000387939209
26.22,0.004203079972013298,-0.018203668026304017,1.0221768822103035,28.614216745792255,77.210004691618
26.24,-0.005344265387398406,0.0031994898050401867,0.9635806298846054,28.61421683629165,77.21000550373438
26.26,-0.02625070021450475,0.024548904182292254,0.9958784798467265,28.614216924731785,77.2100063161451
26.28,-0.0338617315506516,0.0165335320244046,0.9790083580353522,28.614217011806325,77.21000712874721
26.3,-0.008693521091627484,0.013548915741443322,0.997277523396385,28.614217087508166,77.21000794282604
26.32,-0.007196044294635652,0.06022641207090525,0.9889441272379387,28.61421715935262,77.21000875735834
26.34,-0.017763025898422238,0.02175816987294843,0.9923048656048112,28.614217240557238,77.21000957074875
26.36,0.01523278747277631,-0.012495344186179345,1.0109462534773344,28.614217326470175,77.21001038351129
26.38,-0.008113832673127154,-0.014791377601589644,1.004495318542807,28.6142174123067,77.2100111962843
26.4,-0.0197334794717991,-0.0007666694437695416,1.0199835135993953,28.61421749082085,77.21001201001741
26.42,-0.004720707909233276,-0.008724626598986209,1.0083670892697865,28.61421758018665,77.21001282229668
26.44,-0.012625407689996478,0.0015868152553169838,0.9682172479006452,28.614217666029642,77.2100136350688
26.46,0.032939487652584705,0.006759962413918714,1.0470308733610139,28.614217746652443,77.21001444853431
26.48,-0.006305007262457021,0.005467668671411128,0.9602854650404871,28.6142178209711,77.21001526277851
26.5,-0.01835476163291175,-0.049145343850198246,1.0062910296118677,28.6142178958622,77.21001607695464
26.52,0.03290213911036788,-0.01511229620278823,1.0147177160189251,28.61421796325002,77.21001689198106
26.54,0.014500746519847257,0.014320246410299933,1.0058538260592433,28.61421803646681,77.21001770635478
26.56,0.002126143244266487,0.03287262710693494,0.9959986791052081,28.61421810292101,77.21001852148066
26.58,-0.015925460575886723,-0.008074115522379162,1.0297312385363389,28.614218169816322,77.21001933655972
26.6,0.015330753574919196,-0.007976882481549244,1.0224644101794371,28.614218236404767,77.2100201516714
26.62,-0.029268314607403322,-0.0017829822861798687,0.9995749484410403,28.61421830276586,77.21002096680714
26.64,0.013865447596822516,0.03449309351280173,0.9910187749995384,28.61421836447345,77.21002178241709
26.66,0.00500246125811879,0.00107432348678467,0.9836524203522291,28.614218434087473,77.21002259720068
26.68,0.019801198676248914,-0.044834792242927544,0.985248480948799,28.614218497366636,77.21002341265437
26.7,-0.04720894999511062,0.03575277809433986,0.998801835022743,28.614218554409348,77.21002422870487
26.72,-0.01841232588742708,0.013832774100757363,0.966884358051084,28.614218613611566,77.21002504455576
26.74,-0.01999456144395467,-0.025860753300264303,0.999866221382981,28.61421867279611,77.21002586040832
26.76,-0.02235858764270839,-0.010223852695419085,1.0160646420524935,28.61421873813381,77.21002667565132
26.78,0.008500346362271021,-0.015911677334461242,0.9887399322324062,28.614218811771412,77.21002748997581
26.8,-0.005905836202147514,-0.00417891545775439,0.9995437309364449,28.61421888399762,77.21002830446432
26.82,-0.017426553525916325,0.02974215875866789,1.0061481166695854,28.614218954765967,77.21002911911886
26.84,-0.022060935805092927,-0.037340860892521026,1.009688763823953,28.614219027944433,77.21002993349705
26.86,-0.01922342889735298,-0.006868168868216114,0.9959976151561788,28.614219110051792,77.21003074676987
26.88,0.01731570224024753,0.002223005566976118,1.035213358187304,28.614219188895174,77.21003156046169
26.9,-0.001333840410103292,-0.0013882230331328813,1.000068552468995,28.61421927031887,77.2100323738237
26.92,-0.0017475250277500694,-0.0159339449297946,1.0464370473605142,28.61421935709069,77.21003318646784
26.94,0.017169306580740527,0.02379862091103557,1.1358528830771297,28.614219434753306,77.21003400030699
26.96,-0.05300041188392676,-0.0031757655914042915,1.235175568855897,28.614219519379017,77.21003481324476
26.98,-0.09571005908653497,-0.005744157595721086,1.2921321532276004,28.614219599993294,77.21003562671139
27.0,-0.08254231103733446,0.006922986231000955,1.2827496162694658,28.61421969130651,77.21003643870958
27.02,-0.0519345139306062,-0.005605692159588592,1.3497994510382287,28.614219792847646,77.21003724913017
27.04,-0.07444771186709227,-0.011073814608281368,1.3716940815074112,28.61421989095365,77.21003806009962
27.06,-0.11249408203255679,-0.01851038296855786,1.411302975660599,28.61421999145212,77.21003887068883
27.08,-0.10565414548028816,0.043801225180839246,1.3729595248073316,28.614220100260912,77.2100396798846
27.1,-0.08068228220165194,0.015864947624966003,1.4134448918352227,28.614220202316897,77.21004049022126
27.12,-0.07992501465623099,-0.007646386906179284,1.3263548173707638,28.61422030173078,77.210041300984
27.14,-0.06408821505299421,0.02542700514317624,1.3143418133177005,28.614220416266033,77.21004210915366
27.16,-0.0721504192322922,0.010469581081875628,1.2436423256076845,28.61422052398952,77.21004291853784
27.18,-0.04487123727923523,0.0007702623257055344,1.2223494820414254,28.61422063926598,77.21004372657073
27.2,-0.04222938650574661,-0.020581053775479904,1.1024004716371631,28.614220766639864,77.21004453224317
27.22,0.009493678796166066,-0.0165558283293323,1.0695969956377565,28.61422089981298,77.21004533669792
27.24,-0.03052589299407277,0.019369488463345363,0.9961782535116259,28.614221033281297,77.21004614108918
27.26,-0.03046422338275304,0.015044828156052405,0.9820799459624895,28.614221166203183,77.21004694559784
27.28,-0.014292970328307404,-0.02745943163117174,1.02437238689663,28.614221310653015,77.21004774752366
27.3,-0.013567381401774182,-0.008153139369263812,1.0340740127676757,28.614221465036074,77.21004854704428
27.32,-0.030530716932894948,0.013599190987924045,0.9919426311106389,28.614221624755185,77.21004934520363
27.34,-0.0341309718511717,0.02224797966525287,1.0025869894333899,28.614221789354207,77.21005014207545
27.36,0.021370039735552557,0.010288549100453607,0.9876543358544705,28.614221948619377,77.21005094035249
27.38,-0.003340027607103045,-0.00912656105870218,0.9747391975262013,28.61422211077965,77.21005173787286
27.4,-0.004853381498076906,0.004720060625607959,0.9776464266177907,28.61422226773624,77.21005253674302
27.42,0.0011259339154600957,-0.004215516024937811,0.9781748827771819,28.614222416998544,77.21005333752444
27.44,0.03196298208063356,0.0076399034580693645,1.0249819329974803,28.614222562352328,77.2100541392383
27.46,0.002326026701089336,0.02956189637675144,1.0086009427727005,28.614222729269486,77.21005493548417
27.48,-0.0022248042187965,-0.015644670352886258,0.9809377915008599,28.614222898310935,77.2100557311483
27.5,-0.012751832004583644,0.005619840213988012,0.982724659120878,28.61422306851377,77.2100565264911
27.52,0.011979260958420581,-0.0019346646233971427,0.9800589408724064,28.614223239096567,77.21005732172826
27.54,-0.0012873129900529503,-0.005256278333190022,0.9624294401278581,28.614223424177244,77.21005811274733
27.56,0.033042370649810145,-0.002796700729876156,1.0103829832988083,28.61422361455833,77.2100589021324
27.58,-0.003215121918168605,0.026271837669679648,0.9974549643689853,28.61422381436144,77.21005968849005
27.6,0.020152979907426184,0.011590410827365642,1.0341952894291226,28.614224020552086,77.2100604727051
27.62,-0.014221326652250066,-0.009582984220846656,0.9583294633574185,28.614224228522943,77.21006125630993
27.64,-0.014416848631861219,0.012992687150620684,1.0169642287934446,28.614224441589165,77.21006203813644
27.66,-0.036535880047832085,-0.011175693428574196,1.018739034853963,28.61422466050211,77.2100628178642
27.68,0.01588937238959809,-0.03578469460192693,1.0213673493058342,28.614224880769715,77.21006359709675
27.7,-0.0007646389386987894,-0.046092533351509125,1.0049129034041349,28.614225104401637,77.21006437508485
27.72,0.012791258617088653,0.010015645130339812,1.0184547931910939,28.614225326669295,77.21006515358012
27.74,0.03392353777113596,-0.005688424569963665,1.006115240215599,28.61422555180434,77.21006593100549
27.76,-0.016933361024385578,0.019948883193477922,0.9850293122999462,28.614225787609804,77.21006670431524
27.78,-0.019959328192858436,0.007742448372425091,0.9919757545077473,28.614226030402225,77.21006747481432
27.8,-0.015742611852179095,0.0052106322908313345,0.9914417938958874,28.61422627541225,77.21006824440197
27.82,-0.042069827258457856,-0.00901790157853569,1.0232760744594571,28.6142265234463,77.21006901273161
27.84,-0.0038642000189682956,0.010432883663153794,1.025588435591937,28.614226780989032,77.21006977699093
27.86,0.017683992338288528,0.031035449954861755,1.0162909204786408,28.614227033986623,77.21007054321767
27.88,0.0009807422756191034,-0.04038533178006209,1.0012260802722963,28.614227284882833,77.2100713103405
27.9,-0.03141827151293981,-0.002995838495804669,0.9588512728429686,28.61422753982041,77.2100720757324
27.92,-0.007137692994773378,0.026903647825801017,1.0164720876303113,28.614227795857495,77.21007284064791
27.94,0.002503418563036591,-0.02290970631799932,1.0156330933592124,28.614228059077277,77.21007360239332
27.96,0.01925022103942315,0.0026702034370978036,1.00569719166803,28.614228316583013,77.21007436666885
27.98,-0.0024455807224093677,-0.013666586676554626,1.0789630803161734,28.614228560153553,77.21007513684921
28.0,-0.04303377340467738,-0.005352314821699563,1.1201558590462066,28.614228808077144,77.21007590522512
28.02,-0.0595881731513067,-0.03546421042885072,1.1918917754145981,28.614229047726585,77.21007667699999
28.04,-0.05548695154636571,0.019694643276546416,1.237947164453963,28.614229293199056,77.21007744639641
28.06,-0.09166778055046912,0.0030119393323057853,1.2981914459740564,28.614229542261043,77.21007821429446
28.08,-0.07240904170230514,-0.028888275734632717,1.3555175934176746,28.614229781633114,77.21007898618102
28.1,-0.10936247953714871,0.008372429231081795,1.3719202002287147,28.614230021817054,77.21007975774026
28.12,-0.06855066546315564,0.004160017863911568,1.3550607812508082,28.614230257342257,77.21008053116087
28.14,-0.09486796651738183,-0.013776503940021547,1.4125891102598231,28.61423049469613,77.21008130385573
28.16,-0.1353754788602977,0.0393639826470841,1.366606874329618,28.61423074423911,77.21008207155113
28.18,-0.07670753149780729,0.010321920859258602,1.3244956158216152,28.614230977962784,77.21008284568057
28.2,-0.0747049042857948,0.025804406304102134,1.2952767723990999,28.61423121315906,77.21008361923107
28.22,-0.057646491457734726,-0.003222589584529097,1.2432624407265496,28.614231447294895,77.2100843931989
28.24,-0.007605417216128965,-0.03250033599258327,1.2032822568585668,28.61423168640148,77.21008516519224
28.26,-0.04134969643173082,-0.04647202118784493,1.109934217949899,28.614231920213854,77.21008593928694
28.28,-0.04942430078452955,-0.020277555387775183,1.0752630990212007,28.61423214921882,77.21008671524424
28.3,0.025350753253267803,0.026957441293852927,1.0168015427356192,28.61423238880338,77.21008748704527
28.32,-0.035591236913352774,-0.010196879785971693,1.0131934969538332,28.614232627228326,77.21008825931213
28.34,-0.014927972468675181,0.020823958715065635,1.0052972543207626,28.61423285969791,77.21008903393144
28.36,0.0008419072454046643,-0.023328890868967677,1.011512880619278,28.614233083987845,77.21008981167377
28.38,-0.017974997584962075,-0.013251665864540916,1.0078468563350198,28.614233303859482,77.21009059105148
28.4,-0.00127548914840956,-0.010369816074380585,1.020933105442219,28.61423351870099,77.2100913722474
28.42,-0.002715988614276414,0.004503141645279794,0.9952096816834407,28.614233737243218,77.21009215211016
28.44,0.030716423938541234,-0.027043737359960632,0.9817292210876934,28.614233964182894,77.21009292885444
28.46,-0.04843471556510139,-0.015887409997420682,1.007313551322192,28.614234193241245,77.2100937047913
28.48,0.0017470813723182025,-0.004663017262073391,1.0216759515248859,28.614234430808043,77.21009447740128
28.5,-0.01841479932883471,-0.026857651108308126,0.9921885718992388,28.61423467338076,77.21009524799022
28.52,-0.011250350585647915,-0.03519185902733865,1.0319518515119444,28.614234921046982,77.21009601647388
28.54,0.0136018537900022,0.0005712426732932001,1.0076319196652055,28.61423517504837,77.21009678226963
28.56,0.010360385119512448,-0.026549725409421368,1.0185669784702231,28.614235425467808,77.21009754959464
28.58,0.0068563115326601125,0.024292095323164325,0.9767660234740918,28.614235682696087,77.21009831399144
28.6,-0.025155827646896924,0.024842002300817106,1.015818009530736,28.61423592756431,77.21009908363772
28.62,0.023723646989439934,-0.011668772973500607,1.0093592371532085,28.614236165737523,77.2100998560054
28.64,-0.01751501462455206,0.012040369451150057,1.0422390063809477,28.614236395828907,77.21010063154559
28.66,0.02772780242635406,0.0013807000178236437,1.010319429583192,28.614236630606698,77.21010140526106
28.68,-0.012988220466587166,0.021356066996443643,1.013076903254905,28.614236864023567,77.21010217951066
28.7,0.020616636631563497,-0.009165350250544225,0.9835985094400677,28.61423710451602,77.21010295094523
28.72,0.0020346670961492435,0.010208686655387315,1.006347450194088,28.614237343535947,77.21010372297343
28.74,-0.03348070009515149,0.006235731078352944,1.022915545145303,28.61423759449838,77.21010449006822
28.76,-0.0071099529625271085,0.005216197038271956,0.9930672527239671,28.614237838293228,77.21010526015655
28.78,0.03404686461366647,-0.012318082989794267,0.9857625618000436,28.61423808644268,77.21010602843792
28.8,0.016469059059324033,0.023714145491144426,1.0401758277411446,28.61423833254847,77.21010679757183
28.82,-0.008701881888110384,-0.008159234381386089,0.9944473589718292,28.614238575353184,77.21010756806598
28.84,0.02607314328803529,-0.008282433400306466,1.0181004987957432,28.614238821901107,77.21010833701612
28.86,0.005637601166134051,-0.014403194690281156,0.9904429782831043,28.614239073829648,77.21010910369988
28.88,0.0328563159358004,-0.013195511190901395,0.9912418525502755,28.614239326567056,77.21010987003811
28.9,-0.0015843910767142904,-0.004794522871800973,0.9975438031725858,28.614239573894498,77.21011063866337
28.92,-0.005836987435927804,0.0089949874236221,1.0114608821197937,28.614239822213452,77.21011140687368
28.94,0.019763377794660465,0.0156670669564251,1.0233626494602346,28.61424006646167,77.21011217677558
28.96,0.0050399902032037544,0.002572786983650727,0.9887839042434291,28.61424030533522,77.21011294886259
28.98,0.0111503814450623,0.028325438109677147,1.0224126052150262,28.614240545512747,77.21011372042449
29.0,-0.017251819246804082,0.0023534279555831807,1.0027668584266545,28.614240786453312,77.21011449167763
29.02,0.023424085389295822,-0.03591097623203179,0.996480089117435,28.61424102645384,77.21011526331101
29.04,0.0012707978902894157,-0.023089216426585093,1.0938557849710266,28.614241258700353,77.2101160380172
29.06,-0.009093125601486032,0.01400042253317952,1.1910997488983113,28.614241493280105,77.21011681181065
29.08,-0.07983863209950404,-0.00650715013128096,1.2471451670787321,28.614241720116265,77.21011758859422
29.1,-0.09062399770276938,-0.007874810459617606,1.2885548682518486,28.61424194521195,77.2101183660345
29.12,-0.09473911421275863,-0.019289303868259337,1.3619401415881263,28.614242175328755,77.21011914156493
29.14,-0.09430319940513028,-0.00800511262573664,1.4139645527991997,28.61424240573144,77.21011991698522
29.16,-0.12284153881414261,-0.007708220254534745,1.4208458620275493,28.614242643747804,77.21012068941569
29.18,-0.08682778558246032,0.009811957135915001,1.4535845636151143,28.61424289086946,77.21012145812685
29.2,-0.10833907207199163,-0.00489267063366585,1.433599889340717,28.614243133891424,77.21012222853214
29.22,-0.07106314956234423,0.02553002007735364,1.4453957016723844,28.614243371510312,77.21012300112139
29.24,-0.0475380195461406,-0.013098994076072623,1.4320122894886589,28.614243609353167,77.2101237736212
29.26,-0.0916827530192889,0.004088642197426603,1.3573978745510884,28.614243846872643,77.21012454625013
29.28,-0.08271545616964501,-0.033115401209047046,1.3179939599512223,28.614244088300122,77.21012531730568
29.3,-0.037697605172778384,0.01317971983557175,1.2573338847606816,28.614244328577367,77.21012608882732
29.32,-0.03418466291734578,-0.028415711169644645,1.15393712038755,28.614244555387945,77.2101268656206
29.34,-0.010981490791045455,0.01140050900094048,1.091132588588471,28.614244775301767,77.21012764498295
29.36,0.026587891734959884,-0.03681274409374526,1.0227697229308572,28.61424499573589,77.21012842415455
29.38,-0.005433606893387043,-0.020670719708060115,1.0327365920228821,28.614245217285948,77.21012920291534
29.4,-0.021314876962082653,0.016757464564907797,0.9944341494968447,28.61424544140761,77.21012998072071
29.42,-0.024609444850258476,0.03128648679429617,0.977458441249077,28.61424567514151,77.21013075484626
29.44,-0.0035464994754791776,-0.05432619194305847,1.0116726828852678,28.614245912154438,77.21013152767702
29.46,-0.007037258017907098,-0.02179659261964565,1.004576501952557,28.614246144587753,77.21013230231056
29.48,0.017297662398848664,0.036590797935809063,1.0006069504943205,28.614246383348817,77.21013307444277
29.5,0.027849629377406943,0.002840393226021063,0.9896131325282855,28.614246624007247,77.21013384581025
29.52,0.027770936821995156,-0.02064274972539307,1.0176830098376468,28.614246872222303,77.21013461406417
29.54,-0.01402163053288367,0.02954058727771459,0.9882271597539629,28.614247115132542,77.21013538451523
29.56,-0.016064844771142478,0.011708408820142277,0.9864938957134982,28.614247366634377,77.21013615138081
29.58,-0.036268631163470906,0.002200374300850823,0.9973541759370151,28.614247614141888,77.2101369199309
29.6,6.053585530921461e-05,-0.03834305883754626,1.0185776440295458,28.61424785469637,77.21013769134046
29.62,0.017694458023154936,0.04191974580937586,0.9728720128749734,28.614248097439468,77.21013846185987
29.64,-0.014133503577594256,0.005247619257201284,0.9797032474762191,28.614248344823228,77.21013923046166
29.66,-0.029602984796791857,-0.006193193573091868,0.9836083878717211,28.614248588998453,77.21014000039368
29.68,0.03771657527399557,0.02923484242162929,1.039664836284438,28.614248822312074,77.21014077468375
29.7,-0.014103137461063245,-0.018333721723367797,1.00565062694189,28.614249046485302,77.21014155246986
29.72,-0.0022471840253476534,-0.021871109518606192,0.9791441657914145,28.614249271162098,77.21014233006741
29.74,-0.009328590835153236,-0.019464375367308412,0.997380986872487,28.61424950185888,77.21014310537429
29.76,-0.02666820938972515,-0.007598197978703607,1.0154634336995665,28.614249734134688,77.21014388006914
29.78,0.018037620029227257,0.0005354146551007073,1.0399990162875747,28.614249977869463,77.21014465018223
29.8,-0.03497922170579108,0.012802823479845946,0.9692326462940306,28.614250225357324,77.21014541874055
29.82,0.022487070803032867,-0.02502083645109533,0.9785067788125517,28.614250469802897,77.21014618856125
29.84,0.005360989316911623,0.006065706746604543,0.9932335306379239,28.614250716731767,77.21014695735286
29.86,-0.005373736483471825,-0.012051203548941633,0.9939385553456833,28.61425096770856,77.21014772444165
29.88,-0.005039393310935809,-0.0021605787233707993,0.9936175294581943,28.614251219058975,77.21014849137168
29.9,0.009085470004946163,0.024182878881302227,0.99775500701581,28.614251472221927,77.21014925752772
29.92,-0.012856428286385963,0.009857152494316918,1.0405742766703379,28.6142517202964,77.2101500258406
29.94,0.003535067639801822,0.011522138387998669,0.9746854640318005,28.614251977297407,77.21015079033671
29.96,-0.017763252927486952,-0.012322242801058994,1.0031964598421759,28.61425223076162,77.2101515563635
29.98,-0.0430204003707411,0.0385094023004082,1.0112195103442232,28.614252484536067,77.21015232225699
30.0,0.01233980030091118,0.01344161681202939,0.9709669989653205,28.614252735388263,77.21015308939867
30.02,0.04874332557517952,-0.00849621672693946,1.0286841137130869,28.61425299557081,77.21015385249707
30.04,0.011321120496454267,0.022821826584530133,0.9968635804743612,28.61425324982779,77.21015461818287
30.06,-0.0009484436125393042,0.011378900369658704,0.9783260390592602,28.614253500430895,77.2101553854302
30.08,-0.007932107272343112,-0.025260209475402244,1.0309353579525447,28.614253739729747,77.21015615734639
30.1,-0.025680188550036405,0.00400049131883338,1.1074394561632435,28.614253984663172,77.21015692696588
30.12,-0.04405788239328528,-0.01936339161057797,1.173579905787256,28.614254233544607,77.21015769494007
30.14,-0.0486633980446929,-0.04080072663798045,1.2832716320020305,28.614254494414336,77.21015845773398
30.16,-0.11509714698375365,-0.00865383826329051,1.3517115548202916,28.61425476079021,77.21015921805463
30.18,-0.13100605888123762,0.022680765552962803,1.3767007112604843,28.614255017565636,77.21015998264912
30.2,-0.08049242742996798,0.02948716457790374,1.4282533573089848,28.614255272359454,77.21016074810333
30.22,-0.10016522819171915,-0.010214492326320473,1.4977978994494299,28.61425553202737,77.21016151142918
30.24,-0.1192886079360427,-0.005708238176873825,1.4729459356491064,28.614255790803217,77.21016227514802
30.26,-0.11983829342055101,0.02792270611557154,1.5284838518020598,28.614256049991674,77.2101630386853
30.28,-0.10733675059777009,0.013412997079027251,1.4634456586769373,28.61425632192868,77.21016379644708
30.3,-0.09788326190026031,0.009789449920903175,1.4754414375437466,28.614256605320406,77.21016454874264
30.32,-0.05133482125636571,0.0027895279053806155,1.435900765904496,28.614256881385643,77.21016530456494
30.34,-0.08877065081276257,0.014495680143496583,1.3537505394648632,28.614257152555954,77.21016606268317
30.36,-0.03736421814159265,-0.0005970369447545797,1.1950008658228202,28.614257433575933,77.21016681613236
30.38,-0.024318861522660648,0.030590274726030754,1.2068394983748127,28.614257715434814,77.21016756917481
30.4,-0.022563572416176843,-0.002390935324195376,1.0850827981763034,28.61425800201774,77.21016831990006
30.42,0.015299700835279428,-0.0027080986233030003,0.9988481801620233,28.614258281408,77.21016907413531
30.44,0.008833426481921008,-0.04111056043589648,0.9851341133860125,28.614258557832045,77.21016982978743
30.46,-0.025123532757777633,0.021161936813574703,1.0336423749076031,28.61425884156658,77.21017058191532
30.48,-0.01186663808888137,-0.01925472461343054,1.003548418431426,28.614259124507004,77.2101713344313
30.5,0.007755454844352383,-0.04740067735644059,0.9918776000300138,28.614259407718983,77.21017208681471
30.52,-0.011959869126093998,-0.0035775994322024256,1.0267885013859912,28.614259691184383,77.21017283907427
30.54,0.012214937436884715,-0.006765380129343264,1.0175903369646915,28.614259978014815,77.21017358967687
30.56,0.023250512818099933,0.008996982927712007,0.9773515650094934,28.614260264681658,77.21017434036055
30.58,-0.0005428239398020419,0.012982759760912179,1.006680504597835,28.614260556944615,77.21017508823891
30.6,-0.01211744805500461,-0.0165548524140256,1.004405941043908,28.61426085698515,77.2101758321101
30.62,-0.01439245102371936,0.05439824285334903,0.9705584021298087,28.614261165142338,77.2101765716631
30.64,-0.007286487620412081,-0.004026717664373296,1.0165420043714175,28.61426148009351,77.21017730749278
30.66,-0.008684504655711448,-0.03376399056357401,0.9994192168828402,28.61426179231411,77.21017804483094
30.68,0.01728054815959121,0.0316563383164166,1.0430227651447017,28.614262101622213,77.21017878376023
30.7,-0.01172942685762609,0.0145681413142008,1.0281953428274915,28.614262401423538,77.21017952775657
30.72,-0.0035151593977320247,0.008177240276642593,1.0044421256760834,28.614262702716275,77.21018027097071
30.74,0.0155941715197864,-0.008706080757553069,0.9982520370934235,28.614262999425357,77.21018101657387
30.76,-0.006599740416312282,0.0009164623203530847,0.9591059683018498,28.614263295826365,77.21018176233602
30.78,-0.008884187481518143,-0.043371559972135904,1.0168467801268883,28.614263590264645,77.21018250910639
30.8,0.01742670368497436,-0.005421030024973414,0.9986323421257197,28.614263879394006,77.21018325856362
30.82,0.023200110026657783,0.04913567544048246,0.9906514474379537,28.61426416468908,77.21018400992514
30.84,0.0007673859413503085,-0.01908700531643165,1.0004302089777917,28.61426444926872,77.21018476163866
30.86,0.033214017582465775,0.003535456294734604,1.0310574126111687,28.614264737891983,77.21018551134898
30.88,0.003315052237047363,-0.033697879042920605,1.0272929366798695,28.614265024698998,77.21018626196323
30.9,0.01752667124576764,-0.010414025097879998,1.0272377850613739,28.614265302489716,77.2101870169648
30.92,0.03910015451794343,-0.02530383556473175,0.9792353416408046,28.614265579117923,77.21018777252002
30.94,-0.012573364793333904,0.008546403742005007,1.0315928573349125,28.614265858366156,77.21018852682356
30.96,-0.010426513571637855,0.004316655552895022,0.9901978034914063,28.61426613216592,77.2101892837145
30.98,0.015988338004749674,-0.026059540865801013,1.0149246859109717,28.614266415142534,77.21019003621286
31.0,-0.003211705579175906,0.0017657129667629076,1.012549959534383,28.614266700495133,77.21019078754607
31.02,-0.018818635002864435,0.002475255144664076,0.9971812299683221,28.61426699230278,77.21019153565514
31.04,-0.006983506037789079,0.003498454888212977,1.0042842783193666,28.61426728490806,77.21019228335985
31.06,-0.02829528030123465,0.01707860356613681,0.9671359445788227,28.61426756930914,77.21019303516105
31.08,0.0004923638815083401,0.03130088429094789,1.0011796544311475,28.614267849474736,77.21019378902308
31.1,0.0032618396493759804,-0.012276901417419153,0.9952914229672241,28.614268141952653,77.21019453679244
31.12,0.021698760852783307,-0.006127106410875632,1.0439284339889772,28.614268438486434,77.21019528248614
31.14,0.02360997123721453,-0.0034652487457302455,1.0005780783093803,28.614268744799666,77.21019602303255
31.16,-0.024719664785909215,-0.02604211777919554,1.0602652440069313,28.614269044215952,77.21019676723012
31.18,0.006027696116998174,-0.020155874197072456,1.1488799114423265,28.614269347432415,77.21019750942843
31.2,-0.0741204798444505,0.011264838797898502,1.2001661376482038,28.614269650154313,77.21019825188866
31.22,-0.09537080378681122,0.038499115902054674,1.2449785272825054,28.614269952067495,77.21019899477606
31.24,-0.10464476210885433,-0.02079277472151426,1.3320413660581265,28.614270252637546,77.21019973836988
31.26,-0.11294194954773638,0.04586411526428068,1.3633722022504422,28.61427057196227,77.21020047174959
31.28,-0.08102102967808544,-0.01132707029396575,1.4101305685978367,28.61427088895995,77.21020120643811
31.3,-0.0659302027038301,0.024238015477105485,1.4331458990206836,28.61427120949019,77.2102019391351
31.32,-0.06510860729938577,0.008587407677559038,1.4418122888867835,28.61427152456877,77.21020267489408
31.34,-0.13387453066379823,0.0038955012625196813,1.3948615241111526,28.61427183833708,77.21020341137928
31.36,-0.0723798921066321,-0.008540162426106904,1.3770491643245295,28.614272148015008,77.21020415010761
31.38,-0.04926038890353018,0.0003168933542076371,1.3294318982899742,28.614272462406856,77.2102048862477
31.4,-0.047410845490597556,-0.014218361716859886,1.2269733760185215,28.614272784073933,77.21020561829792
31.42,-0.06531060410586663,0.018913496959024244,1.2383232056833846,28.614273100006592,77.21020635358151
31.44,-0.03275614822954815,0.022357276271335526,1.15749249163868,28.614273412297603,77.21020709088106
31.46,-0.03740522681905477,-0.013009990659051639,1.0857425779822203,28.614273723149562,77.21020782896929
31.48,0.014948526401280865,-0.03280936675435195,0.9897484877380436,28.61427403257026,77.21020856783748
31.5,-0.02927180520409471,-0.00655697894641488,0.9871406804633378,28.614274339259932,77.21020930818173
31.52,0.013707628783183209,0.03976912957012185,0.9986402054465567,28.614274654322433,77.21021004394967
31.54,-0.014201489978965176,0.004639115432127686,1.0111585016774929,28.614274962419707,77.21021078353516
31.56,0.007264094690551472,0.023069124112931307,0.960953920161415,28.614275271516828,77.21021152257909
31.58,-0.005069779107071899,-0.018556131257061372,1.0040437928266643,28.61427558142817,77.21021226118042
31.6,-0.0072067707275706525,-0.009724108264235247,1.0337698555072912,28.61427589404782,77.21021299829923
31.62,0.018935460132671462,-0.006214493829065111,0.9973732834747188,28.614276222550757,77.21021372639974
31.64,0.03052962587686098,-0.02342195637697461,0.960408784651535,28.614276547371773,77.21021445664064
31.66,-0.017299275672034573,0.0033371341158653666,0.9962261272549388,28.614276878576682,77.21021518315104
31.68,0.0037328004088995315,-0.016368427229486476,1.0058967576162754,28.614277209092226,77.2102159100687
31.7,-0.021729041980971583,0.01897884103094725,1.007521756296621,28.61427754483065,77.21021663387384
31.72,-0.009210042375685455,0.0017841846488203437,1.0030947643276427,28.614277882749857,77.21021735636091
31.74,-0.014536667561431025,0.02961767182592133,1.0387239439368365,28.614278223197974,77.21021807730577
31.76,-0.025183128842815407,-0.03354785210144574,1.0028176233156438,28.61427856897136,77.21021879495441
31.78,0.021184983136555133,-0.01062163604009185,1.0038385623694712,28.614278916167002,77.21021951171149
31.8,0.0020690387542097394,-0.00814832209389775,0.9886176994550362,28.614279266384575,77.21022022655826
31.82,-0.010933153571572844,0.009264286006323126,1.0188865282774,28.614279623112385,77.21022093721557
31.84,-0.0011639302555962667,-0.008440487881165097,1.033941562309802,28.614279972498753,77.21022165258995
31.86,0.023926466557714327,0.034448278462705303,0.9874375370423222,28.6142803269069,77.2102223647517
31.88,0.02055306254720056,-0.0036819087417483917,0.9978271590273288,28.614280677795488,77.21022307917137
31.9,0.011166169922529022,-0.018108341095007238,0.953502906418317,28.61428102448533,77.21022379624607
31.92,-0.013387441832905056,-0.0032186988463008825,0.9832678485937842,28.614281365344358,77.21022451693895
31.94,0.002386727580522968,-0.0065126646436224015,1.0393864749783965,28.614281709649415,77.2102252355031
31.96,-0.02181968990472916,0.018564956202724345,0.994055482484991,28.614282055207443,77.21022595328637
31.98,-0.0017455487666664232,-0.008236153731726608,1.0045397003186043,28.61428240182258,77.21022667040793
32.0,0.01955903564532648,-0.030408076959984324,0.9854274896400517,28.61428274511392,77.21022738960119
32.02,0.023264247143298385,0.003550401299049862,1.0089563721940014,28.614283089934478,77.21022810784451
32.04,-0.012855969615769474,-0.013017006027962552,0.9965093281785368,28.61428343186062,77.21022882788118
32.06,0.016652403780417734,-0.023095296996799308,1.0082186248885785,28.614283775402487,77.2102295469192
32.08,0.012544126855893043,0.00045163650237457987,1.0020926660506324,28.614284111871125,77.21023027028426
32.1,-0.004812088336076498,-0.0026423411234931327,1.0288668769734144,28.61428444841433,77.21023099360431
32.12,0.014922344265215642,-0.004406720518714352,1.0033700491410278,28.614284785796016,77.21023171641733
32.14,0.024525581184524938,0.005208449222480997,0.983313849520473,28.614285121021478,77.21023244053097
32.16,0.017013170557831584,-0.011577738297128878,0.9872756920329689,28.614285445806136,77.21023317079292
32.18,-0.021073685507012732,0.0023187660776433357,0.962628275159444,28.614285774464488,77.21023389880249
32.2,-0.005562998544184409,-0.011791739568964836,1.0025080672111808,28.614286096462312,77.2102346306641
32.22,-0.01038257863397927,0.016444968485739415,1.0731998546129766,28.614286423702097,77.21023535950242
32.24,-0.05219407929062693,-0.0004752037376617444,1.1766726443581477,28.614286750661424,77.21023608850405
32.26,-0.021484181139124238,0.03499521941550042,1.1898990293017127,28.61428708269665,77.21023681452255
32.28,-0.06110056909857349,-0.009897684698822082,1.2590872960469972,28.61428741709612,77.21023753913163
32.3,-0.0888730775692691,0.007143149976429575,1.3096827378414364,28.614287755804142,77.21023826113931
32.32,-0.09983761950378961,0.022594178804321404,1.357725803973176,28.614288090078475,77.21023898582331
32.34,-0.11008594772746175,0.010724415833472223,1.3645957148602348,28.614288427511998,77.21023970860496
32.36,-0.08545656320899912,0.002808830546872103,1.3979870775837762,28.61428876157661,77.21024043341444
32.38,-0.08307729716312058,0.006721137821032642,1.4039315485950359,28.6142890989887,77.21024115620908
32.4,-0.10945999364880672,0.010150605138898658,1.3907904024199276,28.61428943643593,77.21024187898243
32.42,-0.060130982834759705,0.005957345082206675,1.3882648271525209,28.61428976459923,77.21024260728176
32.44,-0.08754079364051284,-0.0002940103726330923,1.3228311615670703,28.61429009751965,77.21024333277407
32.46,-0.08330779483889048,0.014742936179185422,1.2719685089089987,28.614290435058376,77.21024405549198
32.48,-0.04309842382561289,-0.0016949943008140794,1.2362585311265577,28.614290774158142,77.21024477726104
32.5,-0.06011638812342607,-0.019694912707481395,1.1463613035967226,28.6142911133693,77.21024549896217
32.52,-0.045677087275757484,0.04116887594451223,1.050154957342642,28.614291448640813,77.2102462230482
32.54,-0.019064870434063866,0.01754914224129388,0.9784499685555756,28.61429178363906,77.21024694729833
32.56,-0.01570514871424623,-0.018230421302320825,0.9786405914440311,28.61429211707736,77.21024767248197
32.58,0.014990002018221697,-0.004887704729918659,0.9756253516990856,28.61429245784187,77.21024839323293
32.6,-0.025924654058624756,-0.011394233013078283,1.039965567079984,28.614292796696745,77.21024911515123
32.62,0.00737572585914811,-0.009962376547097031,0.9785564169177755,28.614293133469207,77.21024983833287
32.64,0.016830797725813185,0.017342208040458294,0.9991666337196698,28.61429346597042,77.21025056407463
32.66,0.02889377435525332,-0.006632478924217087,1.0010993378824875,28.61429380056177,77.2102512885688
32.68,-0.009837275816843308,0.03832192852409824,0.996463422051341,28.614294135195955,77.2102520130373
32.7,-0.008253098416108553,-0.03533381914632196,0.9844050620453985,28.614294465329507,77.2102527401803
32.72,0.040728971659253974,-0.0005936084858199973,1.0091040436727183,28.61429480220209,77.21025346330144
32.74,0.027062976829346618,-0.026629858529448464,0.9695212032124534,28.614295150414353,77.21025417941838
32.76,-0.005492279560599077,0.006549457045031578,0.9786839349886794,28.614295505576504,77.21025489109265
32.78,0.022933381274175654,0.008948400164113742,1.0224367834422927,28.614295864725538,77.21025560016585
32.8,0.0049494454490584365,0.017980504558949107,0.9780510084714716,28.614296217178644,77.2102563135856
32.82,0.0003262467868421674,-0.024540049280890913,1.0259508927592973,28.614296556851155,77.21025703500514
32.84,0.0496650590389085,0.00862776737846635,1.0276587185461337,28.614296902269114,77.21025775287599
32.86,0.021495950565668078,-0.017469363793282743,1.028055186789985,28.614297248217525,77.21025847041531
32.88,0.037736194634987556,0.0019159521215396668,1.016877662499181,28.614297597479805,77.21025918586844
32.9,-0.021243936591238587,-0.008838754777445418,0.9724132792240887,28.61429794371581,77.21025990322774
32.92,0.03595227427487611,-0.025290864523625414,0.9692357841933257,28.614298288187832,77.21026062168815
32.94,-0.003127073788639036,0.014445814556502986,0.97760664110862,28.614298638175256,77.21026133668131
32.96,-0.003385175444127689,-0.005171419350850483,0.9809524551258159,28.614298992054614,77.21026204918432
32.98,0.007796626531585759,0.017151990690197533,0.9739978759526062,28.614299346828176,77.21026276111007
33.0,0.010247388478917003,0.018580294497220325,0.9863222637401425,28.614299693886327,77.21026347795367
33.02,0.021102100538826402,0.026226592830318293,1.0153912673890817,28.614300045051277,77.21026419219726
33.04,0.01766978293527978,-0.01013605302046023,1.0130188633836334,28.61430040590073,77.21026490014935
33.06,-0.013064552011635018,-0.018578234728270183,1.0059139975676854,28.614300758621688,77.21026561339734
33.08,-0.019929609965983777,0.02401330881620056,0.9957042369467188,28.614301108224574,77.2102663286346
33.1,-0.0038256051140622346,0.0020563848223413657,0.9986343500428888,28.614301465105196,77.21026703919249
33.12,-0.00026839974521969753,0.02697725062273911,1.00602146389712,28.614301820073266,77.21026775099243
33.14,0.0017811202846357952,-0.023655763384193867,0.9905351047674376,28.614302169957888,77.2102684660509
33.16,0.02733811385939933,0.013773532100140278,1.0195467464748413,28.614302519253894,77.2102691814827
33.18,0.0036886669928121404,0.0008621064845667002,0.9737065964270172,28.614302859960056,77.21026990226952
33.2,0.052742266973601744,-0.0008291070162400252,0.9844631555939821,28.61430319714713,77.2102706252005
33.22,0.02891633382078459,-0.006432382951541379,0.9814873698703047,28.61430353239385,77.21027134930151
33.24,-0.006028263664675229,-0.022211187668920475,1.0091520237754457,28.614303866343864,77.21027207417963
33.26,-0.03551004091501268,0.013275912640078229,0.9759951336234951,28.614304199428812,77.21027279957404
33.28,0.029386615708541567,-0.007841176421296598,1.0766158052177186,28.61430452690948,77.21027352827207
33.3,-0.04177313664991919,0.0042292704478043616,1.195168695736876,28.614304855346653,77.21027425641128
33.32,-0.03406687591187301,0.03864835624818172,1.2546709007202432,28.61430517769963,77.21027498807013
33.34,-0.08071381623219262,-0.010737258918107728,1.3649142829716017,28.61430549804748,77.21027572087085
33.36,-0.047828859871183134,-0.005954182924399368,1.4286901683324957,28.61430581771607,77.2102764540564
33.38,-0.0725608942641952,-0.0032588502874771707,1.4518420405996724,28.614306139365784,77.21027718611676
33.4,-0.11792466406666594,-0.007885917800713804,1.499601035368349,28.614306462933573,77.21027791707947
33.42,-0.13867124452148058,-0.007265548907376347,1.5557586137999992,28.61430678445262,77.21027864921432
33.44,-0.09579942238290132,0.01395416229274366,1.5320132486796672,28.614307099443916,77.21027938502203
33.46,-0.08624001117015777,0.02646728118741481,1.506931358582393,28.614307411173108,77.21028012263025
33.48,-0.07426188926788134,0.0025975908353591073,1.4936359623724407,28.61430772752065,77.21028085768258
33.5,-0.0953573469571956,0.014797253167489519,1.3931229602260375,28.6143080541448,77.21028158687929
33.52,-0.08024494168539346,-0.0034556357911874756,1.3732665811122275,28.614308376024606,77.21028231880842
33.54,-0.0904405715285786,-0.003959687388133179,1.2791598590818984,28.61430868055166,77.2102830603104
33.56,-0.04716656765041953,-0.007997465447287515,1.2158238505656351,28.614308986873233,77.21028380085262
33.58,-0.05099839438596614,-0.01529357344032402,1.0845146718292864,28.614309296205434,77.21028453976915
33.6,-0.014251636585892959,0.02472774875317618,1.027849867078721,28.61430960020479,77.21028528155206
33.62,0.0065630078140892015,-0.010038341947660534,0.9651540186588715,28.61430990979875,77.21028602032634
33.64,0.00627492343986313,0.012220937456643715,0.9924821575450012,28.614310209654928,77.21028676429432
33.66,-0.013480416456462325,-0.01674245814226058,1.0054519726247328,28.61431050681576,77.21028750966434
33.68,0.005441671674785855,0.0009175296015345436,1.0131363975884045,28.61431080415071,77.21028825494425
33.7,0.029560655102298505,-1.6107173338144897e-05,0.958134273920246,28.61431110654138,77.21028899757991
33.72,-0.005563727613666938,-0.01658160925679597,0.9750860755409924,28.614311403169864,77.21028974322503
33.74,-0.02558033017223203,-0.006934784823902527,0.978327785560064,28.614311702703016,77.21029048736187
33.76,0.015712124813225477,-0.021371483859818623,0.9812867908166293,28.614311997595724,77.21029123389987
33.78,0.021840404308710183,0.0003353255484202286,0.9849902909198452,28.614312289870625,77.21029198177254
33.8,-0.013929013345560678,-0.035211367639375185,1.00329460386074,28.614312573642803,77.21029273388238
33.82,-0.01378084248667649,-0.0011552941871111732,1.0295250369699016,28.614312856364972,77.21029348650518
33.84,-0.03966531180213484,0.013018700065060411,0.9924944554612466,28.61431311836349,77.21029424879735
33.86,-0.009216853578997678,-0.00025921768577810743,1.0309161583213298,28.61431337664419,77.2102950127341
33.88,-0.018454486162492553,-0.014004103722786166,1.001697101768951,28.61431363394368,77.21029577710037
33.9,-0.030458143548021357,-0.012985978056315049,0.9957165735828317,28.614313893851744,77.21029654032058
33.92,-0.0072955571820705655,0.024163071535961863,1.020903936869836,28.614314147876176,77.21029730610698
33.94,-9.867849401769987e-05,0.003163994446306905,0.9968775437110607,28.614314404363437,77.21029807082739
33.96,-0.0037564582328056106,0.01689164664062919,0.9843591686914718,28.614314666040347,77.21029883326291
33.98,-0.006477711276299767,0.018853820627143216,1.0265218004286467,28.614314930851343,77.21029959429298
34.0,0.03048708356131622,-0.008914620198267484,0.999234045400444,28.614315196945594,77.210300354742
34.02,0.006148397216494081,-0.020032230478703953,1.0358218032422968,28.61431544795488,77.21030112181747
34.04,0.01301456653509514,0.012921559526233561,0.992902178602487,28.614315696993618,77.21030188972593
34.06,0.036212745784287195,-0.017144297056269794,0.9733716747015216,28.614315950482844,77.21030265574244
34.08,0.019738013311002337,-0.011808641920293666,0.98461119677689,28.61431619663551,77.21030342485746
34.1,-0.00547194405377966,0.0020727902566090597,0.9865858998851472,28.61431644151497,77.21030419449968
34.12,-0.03706009644530982,-0.0050236617102168615,0.9980870369138579,28.6143166776262,77.21030496768904
34.14,-0.007426422227820258,-0.04628002242446518,0.9841146940047694,28.61431690071893,77.21030574587869
34.16,0.02910938379871725,-0.024692015650105512,0.9749412375644966,28.614317133977334,77.21030652019084
34.18,0.019596937062580227,0.020174773723779568,0.9935411223451079,28.614317383312912,77.2103072879743
34.2,-0.0073475146333745805,-0.0016255017410417736,1.0018295142394433,28.614317619177257,77.21030806126143
34.22,-0.0015809700946424108,0.014654179417929045,1.008234000748938,28.614317859701817,77.21030883268361
34.24,0.0025563707425718734,-0.016232210406791812,0.9996636348800036,28.614318111693493,77.21030959934102
34.26,-0.01231940906171189,-0.022236081714234072,1.0273238546767982,28.614318367214118,77.21031036448126
34.28,-0.011122455948393221,0.014441147787374773,1.0012283652747185,28.61431862922201,77.21031112676928
34.3,-0.01297775591508297,0.025929394940205148,0.9563274019561626,28.614318896391598,77.21031188672893
34.32,0.009846752377910701,-0.01745392064482895,1.0050103736426517,28.614319157842463,77.21031264926509
34.34,-0.03949245782080473,0.02035535550078083,1.0698932497049014,28.61431942169745,77.21031341072596
34.36,-0.007286703299609398,-0.019528170827898785,1.1518200994075538,28.614319696332238,77.21031416722462
34.38,-0.052767639155592995,-0.03273916376414535,1.1774285410117762,28.614319970750916,77.21031492382505
34.4,-0.08948546899228402,0.011716932608976225,1.2769414452866876,28.614320250812863,77.21031567773743
34.42,-0.05928159775591359,-0.019098869595124975,1.30823930392209,28.6143205325242,77.21031643085198
34.44,-0.05951049782654396,-0.024204108047061263,1.3424862937659818,28.61432081550508,77.21031718334865
34.46,-0.03336037857734672,-0.023770448007053364,1.3838464736051177,28.61432109289075,77.21031793854384
34.48,-0.07215794315101584,-0.006956649202771305,1.4011389715745592,28.614321373623373,77.21031869213247
34.5,-0.11707705242640767,-0.034012557359488514,1.3991884643423425,28.61432164973303,77.2103194479342
34.52,-0.09198124282074359,0.011883901575917302,1.3181681301060917,28.614321936390553,77.21032019862294
34.54,-0.03894188263703249,0.00963067079028765,1.311325001051777,28.6143222171137,77.21032095221615
34.56,-0.0953648970512719,0.009613205280103301,1.294105263028562,28.61432248922031,77.2103217098994
34.58,-0.09276923996267952,0.024153893261174994,1.2319356136179642,28.61432276285759,77.210322466867
34.6,-0.06044265045417233,0.019416392148342277,1.1859099247400153,28.614323041925285,77.21032322125765
34.62,-0.056418394710600415,-0.018152908595797143,1.136090879583164,28.614323328113073,77.21032397217894
34.64,-0.030526259997098522,0.013482624603148162,1.060345096831716,28.614323614468862,77.21032472301712
34.66,-0.01322384511345042,0.02222457829344994,0.9995185003283714,28.614323892788143,77.21032547776647
34.68,0.014320922762253661,0.0162834053060797,1.027194201199894,28.614324173925954,77.21032623115909
34.7,-0.025931963548187192,0.017781487813400238,1.0356142973557865,28.614324447695747,77.21032698806452
34.72,0.0026173504999056833,-0.0030117778947654134,1.0074661598340937,28.6143247290977,77.21032774132917
34.74,-0.01529890150671191,-0.012963257345777966,1.02670004210642,28.614325012822533,77.21032849346228
34.76,0.010999714181975862,-0.004691260743659331,0.9920222811531635,28.614325296835194,77.21032924545443
34.78,0.013177275911771537,-0.013970412674938804,0.9875043583293488,28.61432557941867,77.21032999814491
34.8,0.017852249216885916,0.020067299211678047,0.998498317841069,28.614325864199316,77.21033074976008
34.82,0.017848636603286974,0.0037333294785291396,0.9937518568439648,28.614326140732505,77.21033150536087
34.84,-0.01242209889318343,0.016474567615245416,1.0135131870459797,28.61432640887058,77.21033226487783
34.86,-8.711328326172524e-05,-0.0289755464410048,1.0002889702094286,28.61432667817386,77.21033302385966
34.88,0.029392998439583637,-0.008929372278856129,1.0301847417940266,28.614326950941457,77.21033378123448
34.9,0.008838019770940347,-0.020504840553049245,1.0023917068531514,28.6143272276961,77.21033453673006
34.92,0.017748006213917648,-0.03251435205192784,0.9858592099751404,28.61432749757575,77.21033529544619
34.94,-0.0243405282733308,0.005998089181806247,0.9905422991904197,28.61432777187873,77.21033605210111
34.96,0.019072138350750462,-0.021290247328292416,0.9881187126138702,28.614328055859204,77.21033680410905
34.98,-0.037721834957261446,-0.007460110201044628,1.0146219419475266,28.61432834847733,77.21033755180765
35.0,-0.030580121453930294,-0.019429996869440937,0.9978969350540934,28.6143286367111,77.21033830171285
35.02,-0.017988278503161637,-0.008149397521058876,1.0023654144331915,28.61432893390608,77.21033904706533
35.04,0.008511936193902498,0.011776789928839588,1.0083685337494979,28.6143292337089,77.21033979106136
35.06,0.011934849045554625,-0.019134116179920686,1.0107835438142838,28.614329532844337,77.21034053540589
35.08,-0.016281333746688526,-0.009074263796858908,1.0211578841129185,28.614329842928363,77.21034127391356
35.1,-0.03849407102761755,0.010567980317121502,1.0067191752580114,28.614330151830185,77.21034201306382
35.12,0.019069868710400253,0.01363261652484729,0.9808125825091,28.614330462836413,77.21034275106811
35.14,0.01175187521076897,-0.007879426367027476,0.9902737492380884,28.614330786142126,77.21034348218144
35.16,0.008555998185064584,0.005906007014698075,0.9902537417673196,28.61433110819423,77.21034421401238
35.18,0.038533168860242724,0.016348037439645868,0.9854443723495753,28.614331427701003,77.21034494728961
35.2,0.003000374127198074,-0.021135449356160393,1.020758742295912,28.614331746018436,77.21034568123775
35.22,-0.019838082466538797,-0.014273869243169635,0.997031411626138,28.61433206108253,77.21034641700521
35.24,0.026575334157559877,-0.007476955903164015,1.0035699840170362,28.614332374478384,77.2103471536966
35.26,-0.00814944746384614,0.008936545807329443,1.0066847097455363,28.614332683143928,77.21034789297497
35.28,-0.0021035883358484675,0.0037372257933427,1.0041817988865689,28.614332997934078,77.21034862889456
35.3,-0.010728940779274306,0.0012922215477985308,1.0061999572670297,28.61433332171724,77.2103493597337
35.32,-0.016647461409872027,-0.02056045057180353,1.0481598510988954,28.614333652929172,77.21035008624033
35.34,-0.008431214773022696,0.01741793827834098,1.0135282104955228,28.614333989309852,77.21035080965882
35.36,0.03041260158941209,-0.009978551005164937,0.9815870317948975,28.614334312781963,77.21035154067667
35.38,-0.021330302206615626,-0.005330995100097708,1.0063279300215195,28.61433464139871,77.21035226871095
35.4,0.003015305002672577,0.0039061347970324196,1.0890918146091255,28.61433497334568,77.21035299478214
35.42,-0.07310544653320866,0.03945982368356573,1.1432143856153911,28.614335306785215,77.21035371996535
35.44,-0.020623953188225956,-0.012822334978179839,1.2015011663343445,28.61433564249372,77.21035444378892
35.46,-0.033254917782951504,-0.01382034556284267,1.3217249399495554,28.614335966613382,77.2103551744345
35.48,-0.10027691417135867,-0.007491268707412492,1.3721375133118134,28.614336301752385,77.21035589860043
35.5,-0.08793760223003572,0.023219042049680966,1.4007433331250962,28.61433662291965,77.2103566309358
35.52,-0.08330552593291826,0.0029849511800643658,1.4444584655289563,28.61433694315636,77.21035736379979
35.54,-0.11165556231062429,0.007517823418975984,1.4661397669218017,28.614337257192602,77.21035810013726
35.56,-0.06191858753202351,0.016137169952128175,1.4596680689754578,28.61433757109717,77.21035883654757
35.58,-0.09575033568819058,0.022549428480186477,1.460709354629761,28.614337879720914,77.21035957584861
35.6,-0.09991879950139876,-0.013395495513370034,1.4272303687447576,28.614338194459748,77.21036031179672
35.62,-0.07822528272797105,0.010455862665747365,1.393712746939775,28.614338517923382,77.21036104281946
35.64,-0.08209413080810635,0.02305346365584939,1.3420334094581388,28.614338824639095,77.21036178315016
35.66,-0.05222463223995171,0.0041173086717661254,1.2620680054773934,28.614339118863594,77.2103625300304
35.68,-0.045119651222522913,-0.016378324514535213,1.1573522441796715,28.614339419980816,77.21036327333738
35.7,-0.03395556230984369,-0.02029486384511905,1.09034381904813,28.614339716414722,77.2103640190831
35.72,0.015949334809484978,0.009035581799093997,0.9678977687777169,28.61434000524874,77.21036476868863
35.74,-0.03384853827863264,-0.023059166544440284,0.9905006420756425,28.614340289732116,77.21036552044997
35.76,0.03525579977438707,-0.01626154675944279,0.9491981736816941,28.614340575589722,77.21036627153455
35.78,0.004607783408164402,-0.009796920076662604,0.9929469480146972,28.614340848041135,77.21036702905714
35.8,0.036942859903922154,0.005608642201228955,0.9892930786008369,28.614341115913177,77.210367788696
35.82,0.019240153831941706,0.011670414637441595,1.0138214294887622,28.614341389961407,77.2103685454708
35.84,-0.02686889215736001,-0.01420034066201719,0.9806561373412653,28.614341666577836,77.21036930103216
35.86,0.0014144448680144153,-0.02593417140372212,1.0034192164643028,28.614341950275236,77.21037005317882
35.88,-0.0359038605594351,0.01632525602944979,0.9924314524853026,28.614342234681594,77.21037080497798
35.9,-0.01807165272749183,0.01351237485215805,0.9914982712746043,28.61434252000996,77.21037155632366
35.92,-0.002736151229597186,0.00938779665772369,0.9846234586921546,28.614342800348023,77.21037231010303
35.94,-0.014101921133711354,0.0075055117637747165,1.0060057163283485,28.614343075777462,77.21037306622688
35.96,-0.009529244690124445,-0.00794561402502484,0.9967796129548703,28.614343348627138,77.21037382356344
35.98,-0.013341718402715967,-0.0035522024183137356,0.9808508912401211,28.61434361907232,77.21037458201833
36.0,0.044581325447793335,0.0015169080007282965,1.002637298756615,28.614343882556636,77.21037534364591
36.02,0.0023771002088232,-0.016858370308286887,1.0061270093662698,28.61434414755024,77.2103761045937
36.04,0.012469278513382044,0.007669063592699567,1.0305547811333218,28.61434442845229,77.21037685810057
36.06,-0.0010357951247604383,0.002384252819493568,0.9883768046936953,28.614344695329248,77.21037761819382
36.08,0.0067476696278113745,-0.0027077078047057445,0.9922464731770836,28.614344968272036,77.21037837548685
36.1,-0.04110743267856723,0.018250159157583167,0.9741760093365793,28.6143452365848,77.2103791349239
36.12,0.03341415005978959,-0.002020934420656616,0.9910496763904608,28.614345507166863,77.21037989331545
36.14,-0.014436034248447008,0.01319253136326594,0.9787922036523042,28.614345768415202,77.21038065594188
36.16,0.022916042031235304,-0.023773679035610007,1.022080878720971,28.61434603608971,77.21038141567112
36.18,0.023693861333960994,0.016804195614264647,1.0102839211644372,28.614346308497915,77.2103821732139
36.2,-0.035966497729824104,0.01208354964396659,0.9784650427176037,28.614346584212974,77.2103829292027
36.22,0.0011216479261006967,0.04323635882275492,0.980458441294303,28.61434685624521,77.21038368692078
36.24,0.00810666047997457,0.032018073850003194,0.9889568397890126,28.614347126793184,77.21038444532812
36.26,0.0021960107662873387,0.01872708304901738,1.0259657760685257,28.61434739357383,77.21038520546524
36.28,-1.8803623922379733e-05,-0.010775465276315581,0.9877960662065646,28.614347659508415,77.21038596598699
36.3,-0.008716147052679103,-0.01770514575121591,0.9964951572711027,28.614347919209,77.21038672929909
36.32,-0.01427684074502986,-0.014500089516189562,1.0306648910256422,28.61434817254024,77.21038749538364
36.34,0.02116080469805884,0.01018966588320336,1.0083074432582892,28.614348415657673,77.21038826575062
36.36,0.007955182884249411,0.025884747950569664,0.9710419738078346,28.61434865644866,77.21038903706517
36.38,0.003706433177956267,-0.024218143016400306,0.9633779319314977,28.614348894942726,77.2103898093052
36.4,-0.0320223477537136,-0.01686830599176723,1.0018827929111458,28.614349121421263,77.21039058622495
36.42,-0.0051337187985176025,0.0006681564074994592,1.0460264881873569,28.614349339717123,77.21039136617809
36.44,-0.0011164322511141322,-0.022710803464195028,1.027114848644943,28.61434955445833,77.21039214741066
36.46,-0.0015593422819670001,-0.00845624270587585,1.1069433889186173,28.614349778741857,77.21039292515626
36.48,-0.07099523070763472,0.024895250426730114,1.21113534184517,28.61435001448846,77.21039369849021
36.5,-0.07455930934180414,0.014429159255737968,1.302011373778466,28.614350246071112,77.21039447345504
36.52,-0.03139493899210933,0.01659063792899719,1.3317600852635918,28.61435047320011,77.21039525012836
36.54,-0.09574938204403988,-0.01968995028086185,1.4358831888654267,28.61435070525118,77.21039602491135
36.56,-0.12654745497009312,-0.03491833114100753,1.5105523722120389,28.61435093489376,77.21039680062496
36.58,-0.11014599088677181,-0.008580511039204831,1.5621776477365144,28.614351170744932,77.21039757391756
36.6,-0.11544972650940889,-0.046552132140183965,1.5488112480827532,28.614351402708053,77.21039834873473
36.62,-0.08655087641585764,0.009051922516509422,1.511518848759105,28.614351630598048,77.21039912511874
36.64,-0.08340573426247,0.014947421461535989,1.5317738117524926,28.614351854451,77.2103999030253
36.66,-0.10890356533645201,-0.015713223861905823,1.4953804183303883,28.614352076011343,77.2104006817831
36.68,-0.08738018059875374,0.011641968104257758,1.4491126098129752,28.61435229958147,77.2104014597952
36.7,-0.056630822507917136,0.011533884344651113,1.3725978699261656,28.614352524596935,77.21040223726642
36.72,-0.04123426080467638,-0.022423396314402547,1.3220057596009775,28.61435274168646,77.21040301765638
36.74,-0.056816002881882925,-0.007996932880514696,1.1992364463991858,28.614352955931643,77.21040379906567
36.76,-0.03685661317045915,-0.009357195483872396,1.1005961448388806,28.614353166826145,77.21040458165686
36.78,0.042326646874536744,0.018656244738529424,0.9947559491707163,28.614353377126374,77.21040536445553
36.8,-0.005194337081303996,0.014647306136086141,1.0019485023001333,28.614353582945476,77.21040614879819
36.82,0.029868969034777947,0.011445909507403072,1.0055897477065814,28.61435378215254,77.210406935353
36.84,0.004572219854103151,-0.011224436536586837,1.0024468643497284,28.614353985691682,77.21040772046733
36.86,0.02190049874438565,0.027314205217747137,1.015653081027473,28.614354185141924,77.21040850694219
36.88,0.012505720733228127,0.0036241434561056973,0.9585546132920408,28.614354386152577,77.21040929290137
36.9,0.0034199102778083392,0.009911410460828673,0.9972773399154315,28.614354584996768,77.21041007957534
36.92,0.0031832380284630545,0.03461254078890131,1.0103519896283306,28.614354778066012,77.21041086811374
36.94,-0.024814097955504523,0.01324735107274542,1.0056355841647284,28.614354981163654,77.21041165337643
36.96,-0.0033335009621338146,-0.002395456368022626,0.9745228403789163,28.614355191720566,77.21041243608556
36.98,-0.010440871182520326,-0.009961054396569703,1.010604754208985,28.614355406803632,77.21041321719613
37.0,-0.006556683803227555,-0.03467767535189373,1.000988452658674,28.614355626888948,77.2104139964965
37.02,-0.007391328237457868,-0.031327953727286605,1.0152886605016143,28.61435584808463,77.21041477538881
37.04,0.003247984035114564,0.01711588224173218,1.0115275338900394,28.614356057677355,77.2104155584337
37.06,0.012759071663908984,-0.03951757199755944,1.0064926807496235,28.614356259155,77.21041634423771
37.08,-0.0027504978070257654,0.020225842094159133,1.0000708410460397,28.614356464634294,77.210417128696
37.1,0.01909762051647423,0.016067871210741422,1.0057223775911983,28.614356664122372,77.21041791515842
37.12,-0.008308976805310469,-0.017299623798134302,1.0057626380922293,28.614356863908842,77.21041870152254
37.14,0.001733932009263937,0.003631561786542687,1.026549003594419,28.61435706132117,77.21041948866434
37.16,0.05046741235327097,0.011523899970423331,1.0598065766810174,28.614357265501653,77.21042027356258
37.18,-0.024027838776531127,0.0018392288451703886,0.9785179263259567,28.614357478764013,77.2104210553207
37.2,-0.008427828401588521,0.0246244704596119,0.9469877650240429,28.614357686994765,77.21042183883695
37.22,-0.036287809727611656,-0.027841917632515645,0.9894442875522218,28.614357894999586,77.21042262243108
37.24,0.004568945462157373,0.010083318214770097,0.9811771784684848,28.614358099406697,77.21042340725278
37.26,0.00033074720023090287,-0.012178301158955683,1.0168224043010228,28.614358292807935,77.21042419568562
37.28,0.002514390868825069,-0.03476245192352111,1.0298423819045615,28.61435848786144,77.21042498359012
37.3,-0.018231108941981787,-0.02320453049557607,1.0163086835560269,28.614358684502754,77.21042577098231
37.32,-0.015234064949800466,-0.010489708702598063,0.9937197915771929,28.614358868888566,77.21042656221294
37.34,0.0010811498181502786,0.0004650920035512215,1.0146465048552598,28.61435905315637,77.21042735347926
37.36,-0.02805613666997875,-0.018021726570381782,1.0242976924825171,28.61435924299813,77.21042814303388
37.38,0.017630171753678987,-0.0101219195506121,1.013309235851571,28.614359427735632,77.21042893415806
37.4,-0.027817696086287792,-0.007919379064173183,1.011029593243813,28.614359614123266,77.21042972477984
37.42,-0.0030191096573778946,-0.01759100392607518,0.9976997734895099,28.614359806214114,77.21043051362828
37.44,-0.008715838120105705,-0.011331133779123917,0.975632094301168,28.614359997683806,77.21043130267265
37.46,-0.010000961685088636,0.011459099046262345,1.021931446657617,28.61436018342079,77.21043209349311
37.48,-0.03211453041213067,0.03297921875503415,1.033889306577186,28.614360377192526,77.21043288180792
37.5,-0.0008839146991087374,0.004166668886643362,0.972447009562137,28.614360579133365,77.21043366745768
37.52,-0.04253604431762842,0.0026326348869837135,1.1105502047928306,28.6143607816263,77.21043445292302
37.54,-0.033320323262711574,-0.0016075485050527202,1.1711762337523033,28.614360991691896,77.2104352358035
37.56,-0.06783291910969484,-0.007818023737691577,1.2821605111957197,28.61436121051011,77.21043601556677
37.58,-0.06837497309009768,0.011515427680295233,1.321161596653563,28.61436142928646,77.21043679534529
37.6,-0.11602867244249968,0.0196633618313937,1.4291947333228057,28.6143616404781,77.21043757783255
37.62,-0.07127076519598188,-0.023232719178609,1.4724783921706108,28.61436184625022,77.21043836219127
37.64,-0.07425574403512314,0.02076566990771179,1.5150183216459023,28.614362052758572,77.21043914629887
37.66,-0.11061508457777057,0.03250907683544545,1.5289977664067964,28.61436225042174,77.21043993335901
37.68,-0.0435452100651199,-0.020152329931006952,1.519782671524204,28.614362436068387,77.21044072420702
37.7,-0.08096825164977042,0.01841371943777326,1.5142418121877024,28.614362618302472,77.21044151608429
37.72,-0.09468071020356215,0.032707586668852075,1.4550137584855896,28.614362803080947,77.21044230719608
37.74,-0.0896207370325456,0.014317272035412389,1.4250932805455934,28.61436297698513,77.21044310150025
37.76,-0.08299628393476835,-0.0035192542513969045,1.3380961460381142,28.61436314028098,77.21044389872097
37.78,-0.06445798735942417,0.015576517888797615,1.2853293385504716,28.61436330180291,77.21044469641048
37.8,-0.038321554697290774,-0.016250380357876303,1.1833917832216065,28.614363454749856,77.21044549629026
37.82,-0.019250134392552354,-0.006250883117180708,1.105009171331734,28.614363613178142,77.21044629478445
37.84,-0.028080629036065414,-0.014652917825452005,0.9942610166077648,28.614363786062246,77.21044708937752
37.86,0.02709488467233612,-0.026944009897081456,0.9946471033125869,28.61436396571256,77.21044788202053
37.88,0.015735428813418058,0.0008302230528308947,0.9955343007021521,28.614364143925112,77.21044867508458
37.9,0.036944788697419774,0.006080915709090305,0.9733786417154243,28.614364322654055,77.21044946799782
37.92,0.007357810032524847,0.013246990028842637,1.017310912670649,28.614364494679602,77.21045026283267
37.94,0.020934467045259177,-0.08957044577610955,1.0009266295376915,28.614364677052038,77.21045105466862
37.96,-0.02500459784635892,0.0036539263792959974,0.974215673375922,28.614364869595793,77.2104518433738
37.98,0.012044893925824774,0.0015770941554751321,0.9891406687787557,28.614365056856,77.21045263372804
38.0,-0.03583321907023562,-0.021814685865216656,0.9880234457835736,28.61436525405934,77.21045342093787
38.02,-0.019432260489170936,-0.008888530398671683,1.0079928068886708,28.614365453133033,77.21045420753659
38.04,0.05013099781304939,0.015085793407985664,0.9958103757049923,28.614365652037108,77.21045499419098
38.06,-0.006997788478632769,0.0019479789212141177,1.0181403237140396,28.614365855429057,77.21045577935489
38.08,-0.0003827296356981727,-0.0003550663705693293,0.9761000360380947,28.61436605483463,77.21045656584452
38.1,0.014038819544380528,0.01785845952583311,1.0086700815995266,28.614366268432562,77.21045734748381
38.12,-0.0007757536622338609,0.04629677884248701,1.0070851206321656,28.614366469425175,77.21045813344907
38.14,-0.020428639173177464,-0.004851463005983058,0.9915959242605966,28.614366672694526,77.21045891865418
38.16,-0.019934821041642858,0.00493543142916976,1.0050930676600007,28.61436687713727,77.2104597034639
38.18,0.016029464887628082,-0.017831770670479294,0.9992644349864832,28.614367062950556,77.21046049426116
38.2,0.0059654046499349545,0.042895592701665014,1.024162951225301,28.614367258186956,77.21046128210693
38.22,0.0167276108566669,-0.01079628420261707,1.0016985537468575,28.614367460640675,77.21046206758544
38.24,0.01174763716575858,-0.036157828250288876,1.0227536137334488,28.61436765339014,77.21046285622543
38.26,0.0012092202290806303,0.012435650598140667,1.016680414229444,28.614367856891494,77.21046364135258
38.28,0.000263943972680661,-0.032203434181206865,0.9750875540458138,28.614368056977415,77.21046442761798
38.3,0.0019352319367364292,0.02590057966428468,0.9983310624861956,28.61436826124439,77.21046521248708
38.32,-0.007273387016124308,0.011785872402493514,1.0166408237029358,28.614368476619532,77.21046599349332
38.34,-0.0070413062943234074,-0.020558284356503986,1.0048860025987596,28.61436868837954,77.21046677578127
38.36,0.010039868613486703,0.0134115726962877,1.0016396332662845,28.614368896316236,77.21046755939894
38.38,0.028814053839425896,-0.006676155798412417,1.0028736222627093,28.6143691042434,77.21046834301988
38.4,-0.03351633620515468,0.008535651696702643,1.0121326161396418,28.614369297893568,77.21046913137351
38.42,0.04774992645748543,-0.02562702124413775,0.9922587958566507,28.614369496877192,77.21046991800183
38.44,0.013852550182908928,-0.026856841849018966,0.9942728529515004,28.61436968986928,77.21047070656485
38.46,0.008710102815412011,0.006357392903519891,1.0167737562329153,28.614369880594317,77.21047149584328
38.48,-0.02016621233583665,0.03767765648844115,1.0041646229256693,28.614370064578996,77.21047228719516
38.5,-0.014238058558796984,-0.012902693893719187,0.9964761022743229,28.614370252063207,77.21047307748051
38.52,0.01222573621479033,-0.014415667949243545,1.0007250842349271,28.61437044913545,77.21047386473299
38.54,0.005017235187447026,-0.006774363662145555,1.0102357100089165,28.614370650916452,77.21047465043611
38.56,-0.025838831712553335,-0.026467557665826362,0.9996442748308605,28.61437085313732,77.21047543599248
38.58,-0.03561689265655288,0.011056116065723572,1.06977782796301,28.614371050658008,77.2104762230991
38.6,-0.05091821308930168,0.01804058312685119,1.0966137455069593,28.614371248059246,77.21047701024462
38.62,-0.06914717893080213,0.009644276246847074,1.195638135697524,28.614371443973834,77.21047779787195
38.64,-0.061940340624633994,-0.0033952278223258587,1.2415256670057144,28.61437162792881,77.21047858923279
38.66,-0.10028183080678725,-0.020496488550607716,1.3075766679949683,28.614371812052056,77.21047938054286
38.68,-0.0739368633064775,0.04126596361088126,1.3233703491229474,28.61437199987087,77.21048017072513
38.7,-0.1258892217353149,-0.0171488276679975,1.3781837891212523,28.614372184633464,77.21048096184181
38.72,-0.08004966487175949,-0.017623059740582363,1.3730522615399297,28.61437238128448,77.21048174923096
38.74,-0.03837929220781036,-0.0358370220088881,1.3459334911988523,28.61437258978075,77.2104825326557
38.76,-0.08060750860222501,-0.028435296727823158,1.3238436962470104,28.614372799198765,77.21048331576135
38.78,-0.10039499008651555,0.00699232722690547,1.3227201872216883,28.614373015020888,77.21048409660749
38.8,-0.08980637905551092,-0.008535584601826539,1.2897410773566294,28.61437323500832,77.21048487594383
38.82,-0.08983985877358364,-0.017277702891108734,1.2101720124353061,28.614373448590975,77.21048565758859
38.84,-0.031075480933613463,-0.01595602728977167,1.1897200149020801,28.614373658559717,77.21048644050288
38.86,-0.03286374835405978,-0.010275139017783716,1.124319242901687,28.61437386905744,77.21048722323282
38.88,-0.05456336231789124,-0.01328771067330565,1.0706070384057051,28.61437407898501,77.21048800616143
38.9,-0.029068427234763588,0.028053341919108077,1.0403468513143723,28.614374291828383,77.21048878806782
38.92,-0.035142679367361256,-0.007439195470353839,0.9666032904021843,28.61437449883422,77.21048957200527
38.94,0.015248709343983409,0.002915758303755612,1.0188958720975336,28.61437470037942,77.21049035778695
38.96,-0.020036540355423363,0.0011841368151952717,1.0097133435093135,28.6143748950793,77.21049114580507
38.98,0.01667743982859343,0.0018631876182121938,0.9900614013859547,28.614375083233845,77.21049193588371
39.0,-0.011164064065391928,-0.007412391954035507,1.000483804077588,28.614375271013497,77.21049272607807
39.02,0.015849922747289382,-0.009485250191777,1.018271637162916,28.614375463631895,77.21049351475968
39.04,-0.005147239778189768,0.012862225971603436,1.002225408735646,28.61437565740836,77.21049430307309
39.06,0.018996805444699793,0.00439344492230016,0.9612789299546325,28.614375850377616,77.2104950916434
39.08,-0.01584303246654647,-0.015170717630419158,1.0072917949700126,28.614376048008445,77.21049587871418
39.1,-0.014692189376297628,-0.0571970332438776,1.0144377903397088,28.614376234352104,77.21049666934955
39.12,-0.009106669779725313,-0.012139139360302531,0.9917325733959194,28.614376409324294,77.21049746334943
39.14,0.016675169468333913,-0.0272066244117338,1.0172755052198348,28.614376585133257,77.2104982571094
39.16,-0.021644514982136008,-0.018465462326326145,1.0188536079848687,28.61437675374971,77.21049905289172
39.18,-0.01153183264798183,-0.02644256472100645,1.0261130234798472,28.614376918451295,77.21049984973722
39.2,-0.004998813250918298,0.02319121100213811,1.0200620273430765,28.614377086624803,77.21050064564115
39.22,0.007981303745888003,0.023049782329001792,1.0509044553463445,28.614377251918196,77.21050144232761
39.24,-0.007924303145555242,0.015160635740508967,1.0233195413386391,28.614377422621583,77.21050223753237
39.26,0.01155261450691948,-0.006677206518375316,1.0033997115808437,28.614377599461413,77.21050303099516
39.28,-0.01495636993837444,-0.013318026403518425,1.0160242703102544,28.614377772977367,77.2105038254096
39.3,0.019780194489681945,-0.029889348896551447,1.0026338244877004,28.614377943082378,77.21050462078072
39.32,0.01513025840572776,0.01828790391045491,0.9950331080692822,28.614378094317097,77.21050542108297
39.34,-0.01145721946142888,0.01737245096974443,0.9791806980398647,28.614378246643895,77.21050622111642
39.36,0.01441187785752709,0.009855511087350284,0.9976141677909418,28.614378402683563,77.21050702022082
39.38,-0.021831808225104773,-0.022171733410166056,1.0179140311273456,28.614378552243522,77.21050782093137
39.4,0.0032352824048122253,-0.006741067748512109,0.9839605581633509,28.6143787019796,77.2105086215992
39.42,-0.01579363272502357,-0.002389602817814842,1.0083838261551992,28.614378856264477,77.21050942114562
39.44,0.006266286095302766,-0.03533843772348592,0.9932827970551715,28.61437901465846,77.21051021964875
39.46,-0.00339635067508051,0.028576532049384398,1.0010431779508009,28.614379174310663,77.21051101782668
39.48,-0.015181974317452501,-0.027034360341507177,0.9999215122238012,28.614379326565686,77.21051181787786
39.5,-0.03142987836020987,-0.015592324624838148,1.0049493502384919,28.61437947578784,77.2105126186702
39.52,-0.004323180475594504,-0.035437170811216986,1.0464141051608815,28.61437963086337,77.21051341801811
39.54,0.023860790944069732,-0.004071228537465826,0.9907399591442716,28.614379773038984,77.21051422047236
39.56,0.005684613204867048,-0.004970709463112013,1.0004368526086447,28.614379921600644,77.21051502142404
39.58,-0.031276609691913974,0.01960308238157059,0.996890682027731,28.614380075342563,77.21051582110617
39.6,-0.0046715609004421305,-0.018951328559533624,0.971173469214339,28.61438022088154,77.21051662277763
39.62,0.023768823948698285,-0.02170642388507433,1.0183828482467507,28.614380355865393,77.21051742684189
39.64,-0.024571790806445552,0.0016034002213809414,1.0605956697935472,28.6143804883528,77.21051823144477
39.66,-0.05558247532604291,-0.041509013439435805,1.1781861026786982,28.614380629944915,77.21051903403288
39.68,-0.0176971610608304,0.02662973046298023,1.203439480071733,28.614380770854254,77.21051983677691
39.7,-0.0889834678138356,-0.026432791419714555,1.287759970755608,28.614380921383813,77.21052063725168
39.72,-0.08432685211761941,0.03633994695388219,1.3662026833185474,28.614381054408224,77.21052144173957
39.74,-0.10181747815438201,-0.01584090042489344,1.3808505271219365,28.61438118540402,77.21052224665931
39.76,-0.0831254975388988,-0.02853761336650717,1.3875903059194414,28.61438131073224,77.21052305274917
39.78,-0.08994467839056551,0.011661620337033886,1.3955101572237794,28.6143814386798,77.21052385830488
39.8,-0.11748008913303751,0.010510174414690225,1.3694681511025304,28.614381553838108,77.21052466636088
39.82,-0.11017590968298116,0.010995001904456656,1.3918487436362372,28.61438167255934,77.21052547374752
39.84,-0.08673844572163336,0.0020117765481733026,1.3433165272784833,28.614381797363237,77.21052627994294
39.86,-0.07543688682072887,0.04479443859998128,1.3308724237850753,28.614381920008796,77.21052708656806
39.88,-0.07194559539367673,-0.02699019350706799,1.2714505248020131,28.614382036417897,77.21052789439146
39.9,-0.05879041920072681,0.027231827806540747,1.220987083090334,28.614382137705952,77.2105287048544
39.92,-0.0606965915552281,-0.03217809733889242,1.127579225158485,28.61438222749598,77.21052951707424
39.94,0.018630220593790256,0.03303790920961498,1.0665860159536915,28.614382308758636,77.2105303304584
39.96,0.012767916351989915,0.007052127680249839,1.0114527221296123,28.614382394911946,77.21053114318919
39.98,0.00011803544568574856,0.031187308649550226,1.0068639096928464,28.614382486102564,77.21053195520652
