timestamp,x,y,z,lat,lon
0.0,-0.0006605052743912113,-0.013569894609744435,1.0234962811517139,28.613900549747893,77.20900052724821
0.02,-0.010073005207511927,-0.006109989261073058,0.9624203811049235,28.613901101433704,77.20900105186325
0.04,-0.0034474991490732396,-0.011947621220902857,0.9934440988824508,28.61390164955841,77.20900158129982
0.06,0.014294634550353996,0.002208360938922391,0.9991667995323733,28.613902193113294,77.20900211681504
0.08,0.02555713310061028,0.023943570629238256,1.0003181731679927,28.613902738960352,77.20900264929631
0.1,0.01140974661727147,-0.015420843142824093,1.0036099211215617,28.613903283434883,77.20900318359789
0.12,0.0020344641694353956,0.020016409955368283,1.0122087963961899,28.613903832236463,77.2090037121238
0.14,0.029960235406088553,-0.015633441446937752,0.999291851219093,28.613904378413437,77.20900424416593
0.16,-0.006256729461030444,-0.016952544249937685,0.9926388343571264,28.6139049235015,77.20900477765515
0.18,0.020618386767338143,0.016371892366864264,0.991848213106806,28.613905470290405,77.20900530888106
0.2,-0.005761255967025572,0.018438727560152336,0.9877696839592329,28.613906015537708,77.2090058421591
0.22,0.008620459160217862,0.017028198735253085,1.0157508664865373,28.61390655800001,77.20900637911
0.24,-0.00227125129580903,-0.026315948164362824,0.9870694304104697,28.613907094621705,77.20900692362302
0.26,-0.0011170436530562172,-0.009319019561441015,1.016935422180165,28.61390762933916,77.20900747056147
0.28,-0.0075477303492441986,0.016459771840066428,1.0003799816451975,28.613908159769963,77.20900802288968
0.3,0.02689708062361389,0.0008308368112778921,0.9895749038628774,28.613908680869013,77.20900858662662
0.32,-0.014658520762170701,-0.021473856923949285,1.0123681443148826,28.61390920705707,77.20900914419596
0.34,-0.014804645050974168,0.009166358782508835,0.9854509215055376,28.613909727475868,77.20900970874773
0.36,0.04241987131690219,-0.01429614517982941,1.0127636808145644,28.61391025223157,77.20901026806597
0.38,0.019556951293086627,0.03589049696784424,1.0042545224238357,28.613910780476978,77.20901082310527
0.4,-0.04770227397386073,0.03089682924836517,0.9880735062181616,28.613911308779876,77.20901137807357
0.42,-0.011305174784208073,0.012081948527111346,1.0105726963066912,28.613911840219114,77.20901192914248
0.44,-0.036239786751241086,0.027220134095395473,1.0109317945137728,28.61391237557487,77.20901247527011
0.46,-0.019013813868305102,0.0012958270024676219,1.023150392116199,28.613912911220122,77.20901302102928
0.48,-0.0627702933246808,0.015308749887500318,1.0193229402481858,28.61391344845901,77.20901356475206
0.5,-0.0027397915538788474,0.029554405906041498,1.0098254804145257,28.61391398886158,77.20901410439129
0.52,-0.02283883638322623,0.004909973635886254,0.9774481809758248,28.6139145337524,77.20901463814195
0.54,0.0011981051359287677,-0.005103743430285673,1.0489717397634812,28.613915071910405,77.209015180684
0.56,-0.03250242517765049,-0.034092439163542314,0.9719276757785638,28.613915615745825,77.20901571582958
0.58,0.0016582370634407987,-0.0016626705144298798,1.0189852634856462,28.613916160368213,77.20901624993564
0.6,-0.008298325562406545,0.016468463691246226,1.008625676337726,28.61391669971503,77.2090167909437
0.62,0.030039059303771914,0.018912668551352593,0.9765171525503777,28.613917235199413,77.2090173369077
0.64,0.0282271372349125,0.010087301314368196,0.9975139812224301,28.613917769562175,77.20901788429585
0.66,0.01570691206020566,-0.010825981899244797,0.9984249422751071,28.613918306911337,77.20901842787723
0.68,-0.006532275613224252,-0.03953643137895181,1.0261116543162105,28.613918844349982,77.2090189713438
0.7,-0.1650707646797923,-0.009904301960094702,2.026554455532399,28.613919387117402,77.20901950789451
0.72,-0.031060705556796412,-0.006086897421079028,0.4022381236039605,28.613919931225656,77.20902004268012
0.74,-0.028071172591273254,-0.006258579343800283,1.088485168115575,28.61392047674112,77.20902057560225
0.76,-0.001675661997781293,0.012371127139558489,1.0346952558624716,28.613921023208448,77.20902110725744
0.78,0.045080762178422384,0.03971352822029679,0.9785906351395985,28.613921573336587,77.20902163399086
0.8,-0.004046778137401751,0.0024705840368218603,1.0065382172847834,28.613922131227028,77.20902215002155
0.82,-0.0036649048641856385,-0.004334635783129233,0.9979718434055628,28.61392268340293,77.20902267396723
0.84,-0.028838207122236184,-0.005184436260081851,0.9980399806643332,28.613923230813167,77.20902320436223
0.86,0.018918591705407568,0.002487695338154284,1.0161972396974175,28.613923774129987,77.20902374019094
0.88,0.019063525086587076,-0.016565875206967978,1.0334252492060727,28.61392431566289,77.20902427835789
0.9,0.0157815040279982,0.0024039711749211014,1.0050298733988399,28.61392485639015,77.20902481757497
0.92,-0.012584413456947248,0.009016246726635996,1.0131015603526106,28.613925400388005,77.20902535250632
0.94,-0.014134135367460115,0.004193721271489763,1.0065778307345408,28.613925947132206,77.20902588379202
0.96,-0.025862445008099408,0.009150838680095625,1.0203506284786126,28.613926487030998,77.20902642408525
0.98,0.0016774500352186728,0.008674952186970706,0.9907416724102734,28.613927018871593,77.20902697465158
1.0,-0.021608146585570035,-0.03543793364492887,1.0215078110883282,28.613927551604238,77.20902752409766
1.02,-0.023548330104985773,0.012737403167908064,1.0222099973129477,28.613928084318726,77.2090280735666
1.04,-0.00847381433821352,-0.013420296913249072,1.021650740173658,28.613928613486532,77.2090286274647
1.06,-0.009783123503684323,-0.02191678326007916,0.9867970426532705,28.613929142199627,77.20902918192597
1.08,-0.0107595705764391,-0.022089036557099925,0.9966332473152562,28.613929670089203,77.20902973740449
1.1,0.009328891936805226,0.008670832209450587,1.0047893397756087,28.613930198270285,77.20903029252332
1.12,0.0015809560430055845,-0.004451498544497059,0.9725831591034199,28.613930730998337,77.2090308419752
1.14,-0.005763120610222354,-0.03363937567970821,1.0318984041617203,28.613931265521888,77.20903138915968
1.16,0.0036602585662296413,0.00956075630384567,0.9997544693299565,28.613931800687034,77.20903193552978
1.18,-0.019830540822092645,-0.028792162615976547,1.0056785577520944,28.613932347768383,77.20903246636497
1.2,0.002105572478193559,0.0027964271703642173,0.988459911205456,28.613932894441707,77.20903299774535
1.22,0.003012049856892676,0.004769978513461083,0.9734624488126595,28.613933430134235,77.20903354344442
1.24,-0.030060937187149615,0.017711541633900898,0.9879194022905046,28.61393396787872,77.20903408651836
1.26,0.019913875087407242,0.03563369572933703,1.0043840837526719,28.61393450546524,77.2090346297952
1.28,-0.017628674104539912,-0.027293526518010834,1.013468576255074,28.613935047041213,77.20903516790595
1.3,0.0018061959841286993,-0.001049477121260989,1.0032358308120544,28.613935593752146,77.20903569923614
1.32,0.023288234810705407,-0.005526705900884347,1.006934480324839,28.61393614190683,77.2090362286326
1.34,0.018513535154277387,0.008674993719219246,0.9932594725063725,28.613936687123765,77.20903676195108
1.36,0.0006866677713767095,0.0043133754186723714,1.0099249713249085,28.613937233433603,77.20903729381634
1.38,-0.007249980057641371,-0.007050924854732399,1.0296566573277182,28.613937781486204,77.20903782334993
1.4,0.018950238171511345,-0.00881804377221711,1.0140957888487798,28.613938327228258,77.20903835597102
1.42,0.013493899556172398,-0.022329017103680952,1.0161908377650588,28.61393887203363,77.20903888983499
1.44,-0.0123673004008826,0.019757231648130185,1.0058803279861326,28.613939415528026,77.20903942543005
1.46,-0.07502558075777055,0.009184083631990586,1.834870584861337,28.61393995338752,77.20903996835621
1.48,-0.041447103633919964,0.018355363955902745,0.5565488150768482,28.6139404861424,77.20904051777438
1.5,0.0030806368336717483,-0.006207922729510274,1.2602129550700516,28.613941011623766,77.20904107620804
1.52,-0.0016539549003679738,-0.01313670937388861,0.9997812189607983,28.613941543012004,77.20904162734092
1.54,0.022723827492850845,-0.021566301332584557,1.0087968577294566,28.613942070233186,77.20904218364261
1.56,0.007181101869607334,0.007178351674813191,1.0335284683568815,28.61394258934581,77.20904274975285
1.58,0.02668458388345381,-0.020795864490564694,1.0145207199845867,28.613943116502686,77.20904330613362
1.6,-0.013947284558323416,0.036973261379331004,1.0251777241148565,28.613943643757697,77.20904386239371
1.62,0.02276300661935237,-0.02615285162186881,1.0018936277894146,28.61394417365781,77.2090444153827
1.64,-0.010578327582093103,0.005473202384250038,0.9838556864503112,28.613944703676044,77.20904496822479
1.66,0.015551921235845444,0.031337094144275726,0.9988426768157131,28.613945228093,77.20904552795533
1.68,-0.02917516785061387,0.011981795185276181,0.9839049637256172,28.613945759316866,77.20904607929381
1.7,0.00470270598732377,0.0035134742498355866,1.0311658991354489,28.613946289353393,77.20904663211314
1.72,-0.0396937588289182,-0.01936967293923791,1.0158078215307094,28.613946822121544,77.20904718151466
1.74,-0.005342749718835094,-0.027635383771354077,1.0104102499325656,28.613947349173106,77.2090477380249
1.76,0.008807079877558271,0.015401002178351718,1.0247188640445621,28.613947874163564,77.20904829705741
1.78,-0.010419371024621916,0.03012294481549893,0.9595988717095355,28.61394839992752,77.20904885514585
1.8,-0.021008752575119347,-0.008776999809563429,1.0117627590268532,28.613948929196138,77.20904940891906
1.82,0.016922369385918675,-0.022781230152327022,0.9737870843139126,28.61394944535814,77.20904997851949
1.84,-0.002069255796938469,-0.04916338861098037,0.9998548860306867,28.613949960118592,77.20905054976336
1.86,-0.009791412940613432,-0.019615296873250754,0.9937658481506557,28.613950481947636,77.20905111262364
1.88,0.0008379184230855297,-0.002273136849980804,1.013234732241939,28.613951007765493,77.20905167064619
1.9,0.05273338283891177,0.03198246481673468,1.0045637457792191,28.613951531557607,77.20905223113544
1.92,0.02307005699563088,0.01346267384465937,1.0269023434722357,28.613952058927712,77.209052787254
1.94,0.023251473363756804,0.00610170809413506,0.9879620567813477,28.613952589251483,77.20905333971578
1.96,0.008710926379847281,-0.008002393226022619,1.0141822877926656,28.613953114767938,77.20905389810665
1.98,0.0033297054515429416,-0.011663314345119127,1.0032444643379765,28.613953635864256,77.20905446184712
2.0,-0.047921645766608324,0.028112951950159275,0.9672941945985689,28.6139541597789,77.20905502218775
2.02,-0.013579606929262642,0.00401477081516779,0.9816276708295394,28.613954677898274,77.20905558947754
2.04,-0.00961148826404949,-0.04205201383842044,0.9970024393295567,28.613955199543437,77.20905615255897
2.06,-0.03749784128095066,-0.013470792957944858,1.0222458489978345,28.613955712742847,77.20905672562253
2.08,-0.023148315804308674,-0.017164320635432537,1.0092744611511424,28.61395622323061,77.20905730182028
2.1,-0.03961672941845268,-0.010925280183549298,0.9766499835223857,28.61395673224841,77.20905787970304
2.12,-0.0007664767139474499,0.011258213205701703,0.9971936754390568,28.613957243214564,77.2090584553503
2.14,0.01637531941697632,-0.002148897635884988,1.0403561289758605,28.613957757247,77.20905902744424
2.16,0.022135490372486574,-0.0015373081400732406,1.0022244666968172,28.613958282823464,77.20905958576185
2.18,0.008295689241584824,0.02626946322650473,0.9934534884985521,28.613958809839342,77.209060142316
2.2,-0.01926792682397138,-0.013929221795733769,1.0098347928151243,28.613959336906497,77.20906069880715
2.22,0.002966863525432094,0.037283990517746994,1.8524773707041957,28.613959872806237,77.20906124424228
2.24,-0.03513737398803004,-0.013426151827421722,0.4381441333329681,28.613960404745338,77.20906179468527
2.26,-0.02537965154508997,0.0017839639322514275,1.2518428562399981,28.613960937458696,77.2090623441558
2.28,-0.017777193960713495,-0.005624071908055338,0.9934222100665838,28.61396146427359,77.20906290095682
2.3,-0.003194969959831733,0.002468382670019221,1.0143865520365887,28.613961994417856,77.20906345364216
2.32,-0.02028328436253937,0.00889183990146258,1.0033938631594257,28.61396251852284,77.20906401375183
2.34,0.00677951787336523,0.00867670480177753,1.0096393565410577,28.613963044830424,77.20906457117505
2.36,-0.004645470055989457,-0.0150623466124116,0.98481632907665,28.61396357138401,77.20906512829673
2.38,0.000210914234820512,-0.022458293548951413,0.9835742723185428,28.613964096881844,77.20906568671039
2.4,0.022805011053424095,0.05006343581811422,1.0189099460931879,28.613964622583865,77.20906624487462
2.42,-0.023604634684007402,-0.009679686792011062,0.9984120723722901,28.613965146792122,77.20906680485888
2.44,0.008374091565847367,0.013984248773439732,1.0057006948419873,28.61396568036363,77.20906735324792
2.46,-0.00027946456952146617,-0.03215282621046393,0.9938720914582696,28.61396621460565,77.20906790078922
2.48,-0.006669725619393905,-0.005592254398093536,1.017974535480273,28.61396674923406,77.20906844784092
2.5,0.017705126417319205,-0.0025439876796488586,0.9878438003994069,28.613967293296202,77.20906898268764
2.52,0.01758028309114015,0.00945630139855665,0.9972879752019823,28.613967834330584,77.20906952150504
2.54,-0.018929815919768563,-0.05444908281983878,1.0157198562540626,28.613968379653226,77.20907005468342
2.56,-0.0036432116771584824,0.003322812261566613,1.0234593539832852,28.613968920541065,77.2090705936917
2.58,0.005624233651681307,-0.022994829107357857,0.9895248141794664,28.613969461022,77.20907113322937
2.6,-0.005460134960451691,0.006486914223898477,1.0391936796391177,28.613970004214046,77.20907166922245
2.62,0.011700426645755966,-0.02072658393676326,1.0062648338738722,28.613970542651376,77.20907221140506
2.64,0.005623840358205508,-0.017109653918511627,0.9791414347638252,28.613971073104835,77.20907276370535
2.66,0.03665122480712025,-0.005472552207865363,1.0073810409717994,28.613971603371557,77.20907331623829
2.68,-0.03060558271859575,-0.021046589392063907,0.9923400157103308,28.613972126919485,77.20907387702361
2.7,-0.0024487197949479493,-0.009510688934707096,1.0086813697436636,28.61397265133366,77.20907443675767
2.72,-0.01817005023024382,-0.023867515370866305,0.9991428750467932,28.613973170995052,77.20907500221439
2.74,0.012082149108780882,-0.03666340903397455,1.0014854738038028,28.61397369247707,77.20907556549197
2.76,-0.03234343780091089,0.02035914104858719,0.9817681324682771,28.613974204843952,77.20907613952147
2.78,0.006926254204497732,-0.02592097385647857,1.019801224614327,28.61397471175243,77.20907671980525
2.8,-0.012600968626966823,-0.0035736177521596708,0.9768774526569793,28.61397521625932,77.20907730279853
2.82,-0.014683237322420281,0.0150578216298757,0.9778247020919001,28.61397573357097,77.20907787104416
2.84,-0.028929964070813746,-0.012298882050320863,1.0073472069829497,28.613976248638526,77.20907844192885
2.86,-0.00930151892402012,-0.016503317994910758,1.0320568849435594,28.613976769855643,77.20907900552452
2.88,0.021690010605818513,0.00452476177334843,0.9929481380587118,28.613977289321753,77.20907957121403
2.9,-0.0005037736705895894,0.02235867645454304,1.0140194464540793,28.61397780240159,77.20908014441663
2.92,0.01255360835748949,-0.023386305301729377,1.021466803537271,28.613978312002274,77.20908072163252
2.94,0.0332928364393255,-0.0030029566403487785,1.0162936887458813,28.613978817232972,77.20908130381189
2.96,0.005275111696451515,-0.03464989189934655,0.9937758342165264,28.613979324366582,77.20908188384038
2.98,0.10689337269755816,-0.0078640200736438,1.9991401783449136,28.613979839204028,77.20908245499437
3.0,0.009345044303655797,0.0006840936907615088,0.36704027952553775,28.61398035789413,77.20908302160714
3.02,-0.010885922926285839,-0.017092492835101315,1.252337243492405,28.613980878221547,77.20908358626858
3.04,-0.01008845366594339,-0.009139836676504628,1.0235617473712435,28.61398139861866,77.20908415084668
3.06,-0.030397855992379697,-0.028164535366149,0.9775166803047614,28.61398191268393,77.20908472290247
3.08,0.018525149821687844,0.0015415722276298724,1.0140041969503752,28.613982423066634,77.20908529922112
3.1,-0.007720051512988786,0.021113884977662995,0.9809969493989625,28.61398292209426,77.20908588830198
3.12,0.003641964916317241,-0.021942877395409274,1.0021214515277368,28.613983426274782,77.20908647166156
3.14,-0.02071923857213279,-0.012453435331047659,1.0141558322831004,28.61398392446047,77.20908706166644
3.16,0.008718952594309447,0.010050924929083636,0.9868100912632315,28.613984418093267,77.20908765661625
3.18,-0.015238824762701676,0.024241814386454723,1.0034096936139383,28.613984912334516,77.20908825091023
3.2,-0.002834174434036485,-0.029863796244178627,0.9916981732654935,28.61398541156633,77.20908883976658
3.22,0.017556520624782516,-0.0033756947483189865,1.0141029731787636,28.613985913970303,77.20908942511164
3.24,0.015815186244650586,0.005662616446390501,1.0047063433696928,28.613986419772907,77.2090900066463
3.26,-0.0004406014503388093,-0.0020411278125769595,1.0011301534885853,28.61398691676881,77.20909059795181
3.28,-0.03536262065413437,-0.04953584133754174,1.0311669992028396,28.61398740944837,77.20909119392606
3.3,0.059856211401212826,0.010021800186175439,1.0132461228473661,28.61398789758054,77.20909179473618
3.32,0.03491717940546272,0.030386727021812884,0.9861929626774742,28.613988385250103,77.20909239603358
3.34,0.01445349649776597,0.002333235023390069,0.9982827219840448,28.61398887412611,77.20909299605842
3.36,-0.015064075631819416,-0.020622121065885266,0.9984820242984068,28.61398936122245,77.20909359795843
3.38,-0.0022718432340392935,-0.010262544927285662,1.0016063914525042,28.613989847777123,77.20909420042666
3.4,-0.01086840859553034,0.03539826135311186,1.05049018553215,28.613990334839457,77.20909480236239
3.42,0.025277118781927767,0.018199250817211174,1.00741703785422,28.61399081996087,77.20909540632854
3.44,0.005250057817036676,0.012800532367686586,0.9592819485979045,28.613991310705945,77.20909600437028
3.46,-0.015683277167196658,0.0071282516706875215,0.9891440205656608,28.613991800047472,77.20909660390252
3.48,-0.009415101982495639,-0.013222742243819448,0.9613525582500838,28.613992289971847,77.20909720281678
3.5,0.022423762851398094,-0.004011423613115371,0.9934040348590832,28.613992783640892,77.20909779772761
3.52,0.032001956936409566,-0.0015584547135703173,0.9602537954054714,28.613993273954144,77.20909839622878
3.54,0.030566631269724913,0.01099148632128888,0.9825681905786314,28.613993754756937,77.20909900465959
3.56,0.01514064130107955,0.03017837788533807,0.9695855694073175,28.613994228694214,77.20909962004045
3.58,-0.005052497376052736,0.02236676273586256,1.0076832035593495,28.613994704156344,77.20910023389308
3.6,-0.06483027650658241,-0.028387687115920813,1.0000107872525776,28.613995176027696,77.2091008513306
3.62,0.005943200476164432,0.004479899378020975,1.0060592461499747,28.613995643310936,77.20910147327949
3.64,-3.657517688200787e-05,0.014735266903357941,0.9979089722286295,28.61399610994318,77.20910209586228
3.66,0.0027996419264270747,0.012377206602892708,0.9721140449959116,28.61399657670655,77.20910271831751
3.68,0.0010779469406641277,-0.01258467526774839,1.0102704273850946,28.613997041588757,77.20910334259685
3.7,-0.026525243238983143,0.05828218431536723,1.038444491205389,28.613997492555903,77.20910397998334
3.72,0.011148171137023712,-0.025541691246622377,1.0081842515721309,28.613997942081763,77.20910461868958
3.74,0.28003802550988754,-0.021663768933321,1.7687306441191433,28.61399839867774,77.20910525085466
3.76,0.013646775641193183,0.004671901625231526,0.5557323214221515,28.613998861055087,77.20910587754325
3.78,0.01893154007146773,0.04233606109927707,1.262518020685477,28.613999324373562,77.20910650332925
3.8,0.012081032898432464,-0.016723897014083416,1.0090607931314413,28.61399979450568,77.209107122486
3.82,-0.008200588230778216,-0.005316567312939846,1.0214623605359876,28.614000265357667,77.20910774093252
3.84,-0.0014167369583218045,0.021545873460313857,1.0052173234944395,28.61400072401312,77.2091083711601
3.86,0.0018224973450675374,-0.00035724309775467,1.0159977457941196,28.614001185492093,77.20910899870738
3.88,0.0021539889821323697,-0.006692077090605914,1.0141535648805449,28.61400165293354,77.20910962050202
3.9,0.019964353119434595,0.011312658037734402,1.0101306878277183,28.61400212150705,77.20911024119002
3.92,0.012873375060449816,0.005450359804591862,0.9868305280947749,28.614002590646702,77.20911086132284
3.94,0.041546868791399065,0.020608775712735828,1.003478470239503,28.614003065146445,77.20911147614106
3.96,0.04412937959769345,0.02582937778130727,0.9830324439223572,28.614003546293436,77.20911208421876
3.98,0.0015929916522784999,0.006140061200107234,1.000348579059162,28.614004020156585,77.20911269967374
4.0,-0.07673311096918739,0.005834654507566181,1.0066172706213383,28.614004491308243,77.20911331782406
4.02,0.02473664932254533,0.004282219645722671,1.033575676147737,28.614004965074006,77.20911393337633
4.04,-0.010807526779741087,0.009782611132985753,0.9738053605126473,28.614005445051493,77.20911454265217
4.06,-0.016029678436620138,0.0011034127574292786,1.0096301526198261,28.614005927790142,77.20911514909075
4.08,-0.007968905499787337,-1.216964644578901e-05,1.0296247318324718,28.614006417019418,77.20911574874194
4.1,-0.008932860936292128,0.02393254241654485,1.015176955316776,28.614006909290932,77.20911634515366
4.12,0.012245396202107852,0.030322323607100864,1.0166589088565008,28.61400739063637,77.20911695302755
4.14,-0.03118871558252451,-0.030151058892668416,1.0117538980373562,28.614007870705834,77.20911756220937
4.16,-0.021554414915832033,0.00020042303481138145,1.0259666897955084,28.61400835407113,77.2091181679999
4.18,0.006863171083948332,-0.013773888668904695,0.9782504366377527,28.61400883381151,77.20911877751804
4.2,0.012458880608266163,-0.006219429329721447,0.9722814666805951,28.6140093185075,77.20911938192735
4.22,0.01283083289872024,0.008050324194706429,0.9998733171906948,28.6140098053517,77.20911998409213
4.24,-0.01574072557866598,0.01338876743084937,0.9567767579285658,28.614010301913172,77.20912057587118
4.26,-0.019565312985324802,-0.002242528872226898,1.0246129160835602,28.6140107918157,77.20912117480873
4.28,-0.010132696675758387,-0.038266806694456056,1.0244143039099087,28.6140112827779,77.2091217726193
4.3,0.004797455045694502,-0.019300911611523593,0.9913329888983095,28.614011778020448,77.2091223658308
4.32,0.029709547385450993,0.01792999340400332,0.9925845880667898,28.614012269870287,77.20912296269381
4.34,-0.04094874371541501,-0.054808528440698626,0.9985530504969866,28.614012767182732,77.20912355365401
4.36,-0.004414575139167331,0.023748543033639997,1.0010404130087924,28.61401326959093,77.20912413899453
4.38,-0.026653568820504073,0.010424599812890827,1.0025434783838858,28.614013773943256,77.20912472216153
4.4,-0.0330448535470698,0.026323521630600442,1.011164642137566,28.614014284389874,77.2091252984069
4.42,0.019339132906896334,-0.003971383737619209,0.9965474729398305,28.614014798131144,77.20912587084044
4.44,0.010892491489986774,-0.041228108480458096,1.018863866069556,28.61401531286719,77.2091264421132
4.46,0.008988670318945244,0.00860725283012996,1.008918955542506,28.614015828143923,77.20912701275311
4.48,0.018420516794619868,0.025493062480766826,0.9878607310825472,28.614016350010953,77.20912757556805
4.5,0.015870647393777,0.01849443611026842,2.0174751720086705,28.6140168730836,77.20912813692883
4.52,-0.008652750326670565,-0.013253829669760709,0.35557311346876563,28.61401739328592,77.20912870174001
4.54,0.04371461233445149,0.0017352215092529342,1.1521860998823923,28.61401790976774,77.20912927096451
4.56,-0.004931421085191487,-0.01065672537559848,1.0193383480215095,28.614018428729313,77.20912983725484
4.58,0.014702642261081825,-0.016385329283787442,0.9855385379017572,28.614018948628733,77.2091304024278
4.6,0.00012763081926629955,0.01910777142359702,1.0061911129353431,28.6140194697561,77.20913096613138
4.62,-0.0369651706015683,-0.023950646225303244,1.010866791939981,28.614019997719673,77.20913152151913
4.64,-0.040892580076025364,-0.017876328611632252,0.9827895226403752,28.614020528309105,77.20913207365017
4.66,-0.011579684398798097,-0.02208051266944771,0.9985504456081193,28.614021055022462,77.20913263057614
4.68,0.021122025033399782,-0.029804950465980935,0.9968699233958158,28.614021577748016,77.20913319235632
4.7,0.015765833132720074,0.0029282858368520686,0.9889652429633542,28.61402209843782,77.20913375658435
4.72,0.018281543284480672,0.02323006096963952,1.0460334970410154,28.614022632123145,77.20913430482996
4.74,-0.019740923578726307,-0.003697535124905313,0.9847378729310905,28.614023169553445,77.20913484830778
4.76,0.032317449802446274,-0.03011495601128333,1.0200986058813577,28.61402370474698,77.20913539464227
4.78,-0.019297866003727685,0.01679889079484055,0.9921439796623771,28.614024231649676,77.20913595133581
4.8,0.004256487973399375,0.03371403508069943,0.9782672762222944,28.614024758623522,77.20913650794195
4.82,-0.0002070457981547338,-0.012924846482931891,1.0020562848631014,28.614025285128665,77.20913706512336
4.84,-0.003477476406291727,-0.009571085334354365,1.01298186768775,28.61402581218693,77.20913762162577
4.86,0.026771842765912136,0.010313212601667884,1.0184101915013135,28.614026345582857,77.20913817023673
4.88,-0.014102210403319212,0.032437474955701026,1.0312453022131014,28.614026877280583,77.20913872098261
4.9,-0.026992105114238562,-0.010396682914504523,1.058904925798702,28.614027416271924,77.20913926245075
4.92,0.0003999097241283854,-0.0266489956199641,1.0050102840751118,28.614027955668252,77.20913980339533
4.94,-0.00799653468573053,0.012628372125448128,0.9867381565234923,28.614028494641488,77.20914034488686
4.96,0.06754765838165291,0.015981361462845987,1.0090574865358979,28.614029033380316,77.209140886681
4.98,0.0135301495287995,0.00012262900870453706,0.9946757409918702,28.614029578249077,77.20914142046148
5.0,-0.008186811504372487,-0.011162665193149013,1.0185193225970446,28.614030126426528,77.20914194982782
5.02,-0.02112223138374173,0.019887574619840927,0.9740567140726856,28.614030671390356,77.20914248348235
5.04,-0.03760576821137569,0.010560720090959286,1.0473666908480088,28.61403121601272,77.20914301758903
5.06,-0.02050438171474866,-0.015368710338069858,1.0171209618955102,28.614031763915335,77.20914354732447
5.08,0.002298835435182635,0.00098189462611343,0.9663199196440767,28.614032316767585,77.2091440703444
5.1,0.028546573031895388,-0.027034150640492933,0.9858194219537005,28.614032865916023,77.20914459840324
5.12,0.02243378284775838,0.013717809128758402,1.0163216208822787,28.614033414905137,77.20914512667703
5.14,0.004581896632927588,-0.0052446713876571184,1.023526881123429,28.614033969102973,77.20914564784579
5.16,-0.006463353314049694,-0.008714216647694742,0.9745552474553607,28.614034524162932,77.20914616782267
5.18,0.005376247128243084,-0.0006574897030486832,1.014260517008659,28.614035082884456,77.20914668268583
5.2,-0.010372759949691519,0.0008061539866049565,0.9610532025467615,28.614035640241266,77.2091471994648
5.22,0.034367279915277514,0.01789860123131121,0.9982132826905791,28.61403619186723,77.20914772416218
5.24,-0.0037838036255015994,0.01182181062650443,1.0222409368420642,28.61403674843937,77.20914824203736
5.26,-0.1210992377462003,-0.003128185575856054,2.0858655508797836,28.614037304296275,77.20914876090839
5.28,-0.044316448500413365,0.015273362994379905,0.3130184745962339,28.614037859519566,77.20914928065896
5.3,-0.003908696930455277,0.008014745073832262,1.1638031664379507,28.614038424399283,77.20914978672761
5.32,0.01672968275929882,-0.008531992725720743,0.9879056226672904,28.614038985560477,77.2091502981363
5.34,-0.021354451540770904,-0.002494363164729718,1.0125911673213168,28.614039537175568,77.20915082284851
5.36,-0.015014406689856256,-0.0029644577768624157,0.9822934713556388,28.614040088154304,77.20915134842761
5.38,0.015854220354673293,0.010105226863484034,0.984547262206938,28.614040632809186,77.20915188249131
5.4,-0.029533144470361067,-0.007340452294432836,0.9595799535824752,28.614041183302888,77.20915240872951
5.42,0.021156020150838367,-0.007808183728432666,1.0033988942210297,28.61404173710279,77.2091529304469
5.44,-0.01064287780346204,0.039375146188679176,0.996781901234468,28.61404229057626,77.20915345261362
5.46,-0.007771364409824059,0.018794709634942085,0.9762323065851986,28.61404284794272,77.20915396937912
5.48,-0.022477568102511884,-0.015212013288502782,1.0038759742753418,28.614043405136307,77.20915448638647
5.5,0.007560925208557664,0.011418819878843967,1.0205414060128828,28.614043957747974,77.20915500973625
5.52,0.0491974397005876,0.002367001313103545,0.995688641131621,28.614044514395115,77.20915552750685
5.54,0.01562994478921264,0.007831023505201876,1.0053633389964394,28.61404506625048,77.20915605189117
5.56,-0.017285705238810716,0.0027468264913020914,1.0054662249917032,28.614045626856907,77.20915656408879
5.58,0.02271241170982952,0.023792852909704718,0.9759134034564207,28.614046190011653,77.209157072646
5.6,-0.006333590918684989,0.006912406893028918,1.0411317164141518,28.614046754044498,77.20915757993889
5.62,0.027489699628551186,-0.001241773964285748,0.9905830033975543,28.614047322181122,77.20915808125433
5.64,0.016133528043287257,0.020843811539660348,1.0131223240372054,28.61404789275065,77.20915857897144
5.66,-0.05886283130943466,0.004665700821757441,1.015384305544581,28.614048457164614,77.209159085714
5.68,-0.02008159265910055,0.0024295715865811566,0.997208097457685,28.61404901601947,77.20915960038943
5.7,0.018887704456707795,0.00628045204972229,1.0121359005011927,28.614049571606643,77.20916011963524
5.72,0.0030331454429003515,-0.0018721804673273302,1.0049163844363278,28.614050122417645,77.20916064544247
5.74,-0.020475118954157014,0.00018453985990937803,0.9716472048554519,28.614050676081586,77.20916116734713
5.76,-0.012671790309876254,-0.011733891775237456,0.9933545459749983,28.614051235306583,77.2091616815006
5.78,-0.03812473240178761,-0.015023344392477576,0.9877489819529187,28.61405179815847,77.20916219049272
5.8,-0.0017674657505279204,-0.019971407729648793,0.9907650991730774,28.614052363942783,77.20916269524845
5.82,0.044213794520315285,-0.027839665735941523,0.9739199364432672,28.614052932417376,77.20916319606651
5.84,0.016098667814646514,-0.01759434722769113,1.0225286743349207,28.614053498562086,77.20916370029762
5.86,0.04380834002376847,-0.0034853406893385125,1.0320398530922683,28.614054063273304,77.20916420661031
5.88,0.017647941795799604,0.0020623516489127404,1.019560059519968,28.61405462876442,77.20916471179223
5.9,0.020549586867053833,-0.00542593126295281,1.0254105844829429,28.614055194761086,77.20916521623896
5.92,0.039481573754900474,-0.04711406980254716,0.9931073032598369,28.614055755875206,77.20916572771473
5.94,0.0075452651868445275,0.03149172715524685,0.9872748633002792,28.61405632274272,77.209166230891
5.96,-0.003744546430137605,0.021729602457807636,0.9844282590637657,28.614056886104443,77.2091667391507
5.98,0.020653150332440244,0.008915197024342575,1.0128812984591444,28.61405745876016,77.20916723374911
6.0,0.029076804742437696,0.03814981345106536,1.004541261062883,28.614058033863763,77.20916772464814
6.02,0.0665838524294178,-0.019547282349674212,1.8918864822272552,28.614058602392227,77.20916822538688
6.04,-0.014431381646800585,0.037752502412520095,0.5045233710335716,28.614059169595674,77.20916872807167
6.06,0.0027771206486176037,-0.01930428153501096,1.1823294363323418,28.61405973885218,77.20916922773597
6.08,0.016629977338633244,0.0047747585058271315,0.9832268472495883,28.61406030406995,77.2091697333147
6.1,0.015961820973231233,-0.025476746502684087,0.9863818234172861,28.61406086663648,77.20917024271606
6.12,-0.028483352003751985,0.00029388191088733584,1.013639865985083,28.61406142671421,77.20917075566373
6.14,0.03823212134126643,0.007723329959967774,1.020834657053092,28.61406198769752,77.2091712673257
6.16,-0.012823298587937008,-0.0030938066226910937,1.0110336046451194,28.614062544343263,77.20917178509835
6.18,-0.005301299937771588,0.014277548881802752,1.0379377749574417,28.6140631039042,77.20917229877737
6.2,-0.018053087199756394,0.0019802889897451463,1.0327001433146283,28.614063666568583,77.20917280803849
6.22,0.053966576718741756,-0.010448294567550184,1.0088207166970153,28.614064220755424,77.20917332922258
6.24,0.004841413405759347,-0.011336266356046785,0.98322838681037,28.614064777222595,77.20917384724426
6.26,-0.017019501613631298,0.01621827545231393,0.9738002497653646,28.614065342814147,77.2091743522803
6.28,0.01727847099924892,-0.01307484059613935,0.9922523650997057,28.614065903663253,77.20917486413316
6.3,0.015382715586200663,0.01830805940969874,1.0150642689283231,28.614066458343732,77.20917538463539
6.32,-0.0037545404715976782,0.02445423585663862,1.0365329415862388,28.614067014099888,77.20917590364658
6.34,0.016812134255667664,-0.0333742772469226,1.008348940688216,28.614067579276004,77.20917640928576
6.36,-0.016505839216617288,0.022658527746020694,1.0233744558846247,28.614068144697136,77.20917691456937
6.38,-0.009858365498985045,0.04120845396889398,0.995093850276244,28.614068700805397,77.20917743309094
6.4,-0.04020433309132126,0.00504007522403857,1.012455382504551,28.614069255990483,77.20917795289462
6.42,-0.026479021684391257,0.011981683705896447,1.0164671365895435,28.614069807648455,77.20917847754849
6.44,0.036152616113413714,0.020740106487383173,0.9604081144829495,28.614070355479523,77.20917900738013
6.46,0.03282857255444629,-0.0055096463035804455,0.9917312239524698,28.61407089876713,77.20917954324804
6.48,0.0013157729729792503,0.003645604470757394,1.0189940076855575,28.614071433199307,77.20918009054904
6.5,0.033258628943796754,-0.026283990592462187,1.0054893667127314,28.614071962410893,77.20918064439361
6.52,-0.0032014897321660956,0.0027727005706090196,0.9760696990369814,28.614072492014753,77.20918119775142
6.54,-0.004868206051358159,0.00996223991289083,0.9513975524854529,28.614073027006153,77.209181744343
6.56,0.0011302129693111275,0.010323260458529387,0.9926843850939598,28.614073559930706,77.20918229354831
6.58,-0.0024984319064713083,0.02130849447195161,0.9985682861421225,28.614074093786947,77.20918284157821
6.6,-0.004303926471203609,-0.015496043562710582,0.982321541003433,28.614074624181068,77.209183393953
6.62,0.022867962142991055,-0.01065213513346993,1.0028616987405599,28.614075158739546,77.20918394109394
6.64,0.003002713079124062,0.0379101469198271,1.0101277349446578,28.614075694739494,77.2091844864019
6.66,0.01424963528867609,-0.0030065674752741984,1.0134137434145247,28.614076230686017,77.20918503177799
6.68,0.02062761050554662,0.00400067574624656,0.9528816215013536,28.61407677110545,77.20918557139615
6.7,0.0077637159130946685,-0.0013402008345044212,0.9737142980438376,28.614077311336015,77.20918611125965
6.72,-0.01940542651816478,-0.016433616526100446,0.9939075470329053,28.61407784782077,77.20918665594864
6.74,-0.027057317779280776,0.03247058421783613,1.0114434626207494,28.614078375074627,77.20918721221088
6.76,0.0029756126961461037,-0.010554028238412115,1.0097846802710007,28.614078905904886,77.20918776404177
6.78,0.19477028226032206,-0.0225457104741386,1.7140343868109484,28.614079432325305,77.20918832132733
6.8,0.0017478285784024341,-0.009014805546055034,0.3633297503506383,28.614079968319,77.20918886664329
6.82,-0.0003210807849717238,-0.04003412003451067,1.2414579305889577,28.614080504348784,77.20918941191321
6.84,0.05167147320333134,-0.013025749299663636,0.9854334146315652,28.614081040040254,77.2091899576144
6.86,-0.026604525112826762,-0.019362571957046534,1.015363882562117,28.61408157181362,77.20919050826579
6.88,-0.0397989253964225,0.012348572618546487,0.9815902242452085,28.614082106091917,77.20919105576176
6.9,0.006647536670392194,-0.01346828479119745,1.0170007279037914,28.61408263919224,77.20919160474571
6.92,-0.007528451091763906,0.01775607871157697,1.004157064762753,28.61408316691809,77.20919216042688
6.94,0.006321357394599024,0.027969679861386428,0.9990991104308969,28.61408370010906,77.2091927092966
6.96,0.011677660445680024,0.015623506725751983,0.9868657920044707,28.614084242633986,77.20919324616631
6.98,0.02568209390357795,-0.004307765777201532,0.9728891627767174,28.61408478003964,77.20919378967608
7.0,-0.03014451640767877,0.002822289934111859,0.987046944872439,28.61408532217789,77.2091943270524
7.02,-0.01113435795714326,-0.030499698802881194,0.9933998626275022,28.614085862154845,77.20919486724507
7.04,0.008575225177615277,-0.0026755874504247935,0.952619513768375,28.61408639278208,77.20919541932932
7.06,0.015409271913744532,-0.017208769361336664,0.9960528968933067,28.614086919337236,77.20919597644972
7.08,0.043868991005767716,0.013886527622985978,1.0184871473605202,28.61408745061806,77.20919652771772
7.1,0.019114079422277344,0.05145504778488948,1.0113443581086774,28.6140879889182,77.20919707007768
7.12,-0.0011357719177255423,0.009996432719476187,0.9900758824851699,28.614088530908436,77.20919760764772
7.14,-0.017808715058853234,-0.03982280297909333,1.0009387259683045,28.61408907208226,77.20919814628401
7.16,-0.011285797054380384,-0.00722460385828746,0.98887670861156,28.614089614436118,77.20919868337798
7.18,-0.01185405645914213,0.002449818507489093,1.002975214666714,28.614090150318773,77.20919922883557
7.2,0.013104672570275214,0.0017471485052052741,1.0308021564748806,28.61409068299507,77.20919977835341
7.22,0.005139948911716609,-0.014616262512175062,1.0193699760524975,28.614091219181724,77.20920032342322
7.24,-0.02647299141684358,0.004905834852738706,1.010415886113855,28.61409175130082,77.20920087364111
7.26,-0.00871802938180866,-0.024850016738387746,0.9901423017523256,28.614092276083557,77.2092014329274
7.28,0.017550951069028414,-0.01889817445370134,1.0149987678588968,28.614092802410678,77.20920199032737
7.3,0.0070332470994811805,0.012915952832074229,0.966262460972539,28.614093326385056,77.20920255059627
7.32,0.01137289232025541,-0.02031326461759652,0.9949529303601822,28.61409385464084,77.20920310562373
7.34,0.0076584342011452615,0.010764232109845144,1.011674228396479,28.61409438358674,77.20920365979767
7.36,0.03252861469217719,-0.027389275493121163,1.014808424280955,28.614094916851055,77.20920420857497
7.38,0.004720861276487401,0.03529651767583472,1.0133976898043149,28.61409544410426,77.20920476483809
7.4,-0.00772045595741396,-0.015485398448081094,1.0058966137841938,28.614095973801113,77.2092053180805
7.42,-0.01831510082267121,-0.004473331436068883,0.9960855004183223,28.614096501355707,77.2092058739727
7.44,0.0049921891641942365,0.006612265221808118,1.0107595193965297,28.614097025799683,77.2092064336712
7.46,-0.04881408029550168,-0.011306999050021886,0.980942779188274,28.61409753471653,77.2092070116701
7.48,-0.0036857800366542387,0.0028681192214260885,0.983106454734135,28.614098044979933,77.20920758812645
7.5,-0.004116797198426879,0.011507134490402512,1.001234693529206,28.614098559160634,77.20920816004823
7.52,-0.02728941707234562,0.019212264650069706,1.003463952854175,28.614099073703798,77.20920873154688
7.54,-0.02312824148480837,0.015829948719459145,2.0000679657514326,28.61409959249532,77.2092092980398
7.56,0.016193150602964827,-0.0034362092760534804,0.4391830191908499,28.614100113704875,77.2092098616452
7.58,0.004614234981499252,-0.0029326354808720456,1.271469354683046,28.614100631301675,77.20921042955446
7.6,0.00203576667414655,0.04698217116050065,0.9984542952506741,28.614101152235456,77.20921099349061
7.62,0.006126950678640453,0.018997781364985842,1.0474893256656799,28.614101670378933,77.20921156075264
7.64,0.001852551758978471,-0.018436473126404274,0.9863412978736963,28.61410218554302,77.20921213152498
7.66,0.024857251257166292,0.001999763275311036,0.9927782567322626,28.614102699455998,77.20921270375896
7.68,0.002468583634072975,-0.0067028627755638505,0.9920986618774558,28.61410320999424,77.20921327989947
7.7,-0.02916426227637501,-0.002706684678462194,0.9984762477741796,28.614103722019276,77.20921385432536
7.72,0.032602599297488204,-0.02458990315416176,0.9934255037406742,28.61410424404014,77.2092144169556
7.74,0.0074068053465769145,-0.008238464687719063,0.9718637891079026,28.6141047657682,77.20921497993817
7.76,-0.011785074615901354,0.03623111546387826,0.9890690340752705,28.614105287109165,77.20921554338587
7.78,-0.025068034365900372,0.01158152601751006,0.9980475860845185,28.61410581027746,77.20921610463145
7.8,0.007918284419160908,-0.049823228163029205,1.02457144164124,28.614106330242716,77.2092166697263
7.82,-0.0023434400994875094,0.024334469849958937,1.0440448654674583,28.614106846401274,77.20921723933164
7.84,0.03148293572064818,0.021792590458183225,1.0267094779570132,28.614107361467738,77.20921781021832
7.86,-0.0069181456133365574,-0.007185706086128331,0.9844924194065479,28.614107876039615,77.20921838168346
7.88,-0.016747615793649338,0.014345270875664302,0.9860838077874767,28.61410838445918,77.20921896025001
7.9,0.01791592436471857,-0.017187984216344016,0.996813428449813,28.61410889830424,77.20921953256315
7.92,0.018505637854336628,-0.009405114325327148,1.0356911777770716,28.61410941381136,77.2092201029335
7.94,0.00337302735220391,0.029970927213397076,0.9966915189563621,28.614109924296734,77.20922067913484
7.96,0.013527140953498168,-0.005434600797394168,0.9734498501892513,28.6141104320647,77.20922125844348
7.98,-0.000753742414844758,-0.03739463323909982,0.9899764572609393,28.614110941026514,77.20922183639107
8.0,0.00467730202018494,-0.001266064455626735,1.0151411200363882,28.61411144800284,77.20922241659868
8.02,0.023299817651278462,-0.0015717678582871362,1.0137988055379217,28.6141119577638,77.20922299363164
8.04,0.012506366680430061,0.023967371387469193,0.9959956666701669,28.61411246670712,77.20922357160038
8.06,-0.003385488766652494,0.00028672844351520046,1.0136682934712007,28.61411297214737,77.20922415354441
8.08,0.027047250918523013,-0.008431646228805855,0.9545365559490634,28.614113470945885,77.20922474287777
8.1,-0.047297107455830247,0.02090112290462412,1.0020765847006539,28.614113966314296,77.20922533595345
8.12,0.0410414662284387,0.0024158046500222055,1.0172137084273727,28.614114454537262,77.20922593666856
8.14,-0.0341191818978147,-0.015000453631314341,0.9833427344969093,28.614114950316868,77.20922652929823
8.16,-0.012541856495445921,0.023099951210832352,0.9832732292700742,28.61411545748578,77.20922710928743
8.18,-0.0008183507039013809,0.0038732352903359845,0.9626710369447304,28.61411597564507,77.20922767653079
8.2,-0.0029296134145632277,5.8519333588753985e-05,1.031797911896214,28.614116488214655,77.2092282503262
8.22,0.020128220800531095,0.003558167828233088,0.9855969204595687,28.614116997734058,77.20922882763597
8.24,-0.021156732372204688,-0.02141336742833194,1.0048208655572421,28.6141175108807,77.20922940076173
8.26,0.005215336349661264,-0.010553075523566746,1.0120783408296674,28.614118025960043,77.20922997163339
8.28,-0.011564241964395079,7.165203665566566e-05,1.030241358982829,28.614118539350223,77.20923054447607
8.3,-0.1389789636526178,-0.003893273900493599,2.0775339790876073,28.614119056364288,77.2092311130738
8.32,-0.0012954451959575303,0.02544856765633191,0.5320018451882012,28.614119577440107,77.20923167683975
8.34,0.0018587130536595574,0.004348117054540069,1.2865847713861909,28.6141201017443,77.20923223670827
8.36,-0.010998496649286912,0.01709807845272805,1.0256816055308458,28.614120629673586,77.20923279213883
8.38,-0.01020127900192165,0.00018790709151698912,0.9965965493719843,28.61412115738735,77.2092333478351
8.4,0.005745450280548538,0.02112576967492246,0.9809026183683185,28.614121676915758,77.20923391345116
8.42,0.018874310115120887,0.007950555131463078,0.9691848438336927,28.61412220141839,77.20923447307845
8.44,-0.011965586683956956,0.00026840970776920224,0.9755740523078955,28.614122726280623,77.2092350322681
8.46,-0.017375350891458193,-0.0002656617791803905,1.0172878299481334,28.61412324887617,77.20923559420575
8.48,0.012269203313436741,-0.019088772525819267,0.9935875104738637,28.614123768822314,77.20923615932351
8.5,-0.000650077861153788,0.010138314402726214,0.9878495818015858,28.614124291271438,77.20923672143782
8.52,0.01660996267971904,-0.0008040946907275793,0.9856806555363211,28.614124810657543,77.20923728722344
8.54,-0.018115944267422954,-0.010039839203624093,1.0017009172040037,28.61412532795286,77.20923785548916
8.56,-0.035588778508468616,0.022129235416241434,0.9952108981246883,28.614125847494055,77.20923842109
8.58,-0.010660081636526686,-0.025004320517896025,0.994537357125615,28.614126373704075,77.2092389786336
8.6,-0.015327052185300321,-0.00844991790864868,1.0269864785562148,28.614126905475516,77.20923952928764
8.62,-0.0015757680016059983,0.020554374975590668,1.0307603256372326,28.614127433626734,77.20924008444439
8.64,-0.012736904285407791,0.006310458818405065,0.9677995665418201,28.614127954769575,77.20924064812999
8.66,0.014820339026728984,-0.0009571785530551462,1.0065518546228591,28.61412847590868,77.20924121182007
8.68,-0.005763005248450324,0.005020070863002931,0.9844627580275721,28.61412899005956,77.20924178377682
8.7,0.0030094899754780197,0.003588283420976826,0.9950349777227782,28.61412950447337,77.20924235542671
8.72,0.003152691168818879,-0.030333250925718428,1.006185567702534,28.614130024596744,77.20924292033284
8.74,0.003899101848243747,-0.00698523770695923,0.9957456016613816,28.614130545757742,77.20924348399667
8.76,-0.0004825822090994681,0.03233043309027498,1.0046091976125526,28.614131059479003,77.20924405645414
8.78,0.01021201380820627,-0.013186482695543351,1.0134594041206384,28.61413157622355,77.20924462536976
8.8,-0.01591310267651615,-0.00636602028208668,1.0058915360108065,28.614132093646607,77.20924519348459
8.82,0.027988358533077663,-0.01083241526618375,0.9870632739166475,28.614132605120343,77.20924576854759
8.84,-0.004730747667370704,-0.0017403044663627481,0.9874160078605935,28.614133110924428,77.2092463500814
8.86,-0.026230982757973635,-0.011662456626485962,0.9712058940676392,28.614133615164366,77.20924693337517
8.88,0.003761467139835461,0.0097348300431612,0.9829215940495857,28.614134116659432,77.20924751973156
8.9,-0.0170236096489497,0.003946268245805331,1.0392413672379706,28.614134612655345,77.20924811212645
8.92,0.013306690690177501,0.015470952302140363,0.9841599285180951,28.61413510704426,77.20924870626187
8.94,0.04419211152084755,-0.02101882332377921,0.9761324237511236,28.61413559471406,77.20924930755987
8.96,-0.015731441831157003,-0.006806809657658065,1.0063985572368954,28.61413607882599,77.20924991257701
8.98,0.006647446664479696,-0.0045144526322427,0.9977927048141628,28.6141365637229,77.20925051677789
9.0,-0.03511011177409255,0.009112938201771895,0.9960881352630155,28.614137046310518,77.20925112337318
9.02,0.009078104588826944,-0.01586442394414069,1.0281809193282418,28.614137530947055,77.20925172784509
9.04,-0.0177142759959938,0.01831307608516688,1.0109825335111673,28.614138020684518,77.2092523269585
9.06,-0.1739027684487183,0.023728311810352176,1.7304894908406712,28.614138516393254,77.20925291966523
9.08,-0.02202572979679656,-0.019777446952711678,0.4597791474260742,28.61413901317582,77.20925351120417
9.1,0.01464302452109471,-0.009817457897871315,1.2129317182050983,28.614139508330677,77.20925410451136
9.12,0.02014608714946525,-0.010638630165841847,1.0174947924316051,28.614139994025077,77.20925470788052
9.14,0.0004677042931701533,0.052647724093549966,0.9938370474109373,28.614140477511402,77.20925531354648
9.16,-0.017288534106714392,-0.008598002104157733,0.964136929950917,28.61414095997869,77.20925592026597
9.18,0.031790460722077245,0.03355250884312269,0.9990336064253131,28.61414144297643,77.20925652643758
9.2,-0.015008202555093124,-0.025332639902132192,0.9692594799774414,28.61414192787277,77.20925713063909
9.22,-0.04324064599854878,-0.01979301932328727,1.043684612035098,28.614142412075143,77.20925773556233
9.24,0.009167780199141369,-0.013732090636964017,0.9806866417230554,28.614142897740088,77.20925833896227
9.26,-0.022095493472830335,-0.016913786228930448,0.9967627046928453,28.61414338512321,77.20925894056184
9.28,0.019772175869983494,-0.005357974683169975,1.0051640546940228,28.614143868155264,77.20925954669796
9.3,-0.007622753933468377,-0.014175564054429964,0.9942268367864154,28.614144355996057,77.209260147816
9.32,0.012074264810883924,-0.01638683185469147,0.9941993919706762,28.614144845154154,77.20926074754331
9.34,0.028030006931043162,0.023169439929466552,1.0084365457232176,28.614145337920817,77.209261343425
9.36,-0.024177177292414437,0.024475872450263305,1.0305243191759255,28.614145830071944,77.20926193996642
9.38,-0.011318742617848111,0.018985929967506313,1.015350181636346,28.6141463177342,77.20926254127242
9.4,-0.0015134214531412687,0.010479979111686561,1.0295702775714708,28.614146803546,77.20926314451896
9.42,0.03075102638068687,0.0018548613155910457,0.97906761783813,28.614147290526432,77.20926374654155
9.44,-0.013167654358808909,-0.009940613813318174,1.0063472526651072,28.614147772515544,77.20926435375407
9.46,-0.011890073918980145,-0.01906315009510184,1.0031049210411656,28.614148249780666,77.20926496578934
9.48,0.009562811511116168,0.007259914068653748,1.0070218258335346,28.614148726833527,77.20926557803932
9.5,-0.011544574514211418,-0.02347260785093596,1.0275246394127115,28.614149195264297,77.20926619886798
9.52,0.0030505176579523315,-0.019878418583507865,0.9955842170041589,28.614149661405268,77.20926682192905
9.54,-0.031030748419362535,0.023058265124096193,0.9918899326689182,28.61415012539623,77.20926744706908
9.56,0.04428659885113193,0.03801298083444174,1.0106796159483733,28.614150595953628,77.20926806580736
9.58,-0.026954184606188068,0.007865902763329616,0.964435945448683,28.6141510755892,77.20926867543335
9.6,-0.006435054079804167,0.022129143045892887,0.9952629590175565,28.614151554885183,77.20926928540581
9.62,-0.0006496207168418923,-0.004916966348879667,0.9973160462142909,28.61415202881739,77.20926990079266
9.64,0.038253762687135914,-0.026753483721753683,0.9815928276738615,28.614152500972363,77.20927051794969
9.66,-0.026496915618654804,0.01224343237237168,1.0211411802271315,28.614152967954354,77.20927114019304
9.68,0.03967408270957502,0.011385786465401278,0.9787551936531343,28.61415343719118,77.20927176023135
9.7,0.015143536422040452,0.0014333710776048825,0.9972825390327241,28.614153905978814,77.2092723807104
9.72,0.008341906488464921,-0.004847509162102227,1.0058631445064594,28.614154374675532,77.20927300127858
9.74,-0.019692673740359108,0.01924421157162196,1.0270690312295223,28.61415485310974,77.20927361212831
9.76,0.011422824840761474,-0.01971466066854949,0.9997888713023829,28.614155321874943,77.20927423262937
9.78,-0.014469732448396,-0.015475611577813155,1.0187230718825642,28.61415578408338,77.20927485948056
9.8,0.025333225063968245,-0.02016213013520856,1.0140119079455425,28.61415624116289,77.209275491193
9.82,0.02877210696636712,0.0016994592527165443,1.9247876475811019,28.61415669107919,77.20927612954337
9.84,-0.0022631698891216797,-0.021757860242185165,0.3358417247541795,28.614157143607166,77.20927676549374
9.86,-0.01110546176026343,-0.013684843610304871,1.1227253759426576,28.61415759167822,77.20927740552605
9.88,-0.019750459248539895,-0.01411511124454396,1.0021301080283838,28.614158042380744,77.20927804315635
9.9,0.014826396338158285,-0.005212166646679164,0.9891460625219477,28.614158492254337,77.20927868154578
9.92,0.01070917494819267,-0.02974748892807954,1.0183852218336258,28.614158951822983,77.20927931091047
9.94,0.024180203978019944,0.0017440998407453401,1.0149171303619715,28.61415941221316,77.20927993949557
9.96,-0.035597502164163346,0.024946073013293556,0.996307780111259,28.614159880993242,77.20928055998206
9.98,0.021283414046820878,0.0027098274463352385,0.9768457415211746,28.614160356567616,77.20928117372283
10.0,0.05010897810713788,0.030826422896026415,1.0102147109921455,28.614160832431256,77.20928178717259
10.02,-0.009032821783538938,0.026679963717538505,0.979641011077297,28.614161312094268,77.20928239677062
10.04,0.037902972242179395,0.015554700944957091,0.9848307215413827,28.61416178994062,77.2092830082172
10.06,-0.005263225441196532,0.0014937168527377129,0.9804116852356969,28.614162258729763,77.20928362869482
10.08,-0.02744819475122614,0.0004500077649087914,0.997229979561201,28.61416273089626,77.20928424584046
10.1,-0.006112648848135912,0.0152759954472652,1.0234038466814113,28.614163204495544,77.20928486155988
10.12,0.02096407935350552,-0.007833412190080649,0.9998991825955295,28.614163674492595,77.20928548085064
10.14,-0.01676352964663063,-0.03765041502934928,0.9911356261514461,28.61416414812104,77.20928609654095
10.16,-0.012006773180129743,0.009840081082059197,0.9694877013990951,28.614164625603994,77.2092867083558
10.18,0.011870788645863817,-0.022621372598699424,1.0110424916945968,28.614165105469297,77.20928731774724
10.2,6.12023347714571e-05,-0.019242824563807694,0.9843919078814275,28.614165580603654,77.2092879319301
10.22,0.011692459049734816,4.478959915760933e-06,1.0023503523831618,28.614166065196915,77.2092885364472
10.24,0.004756590815166718,-0.0019024975510693962,0.9929156276816672,28.614166554270184,77.20928913626442
10.26,0.00959250639103146,-0.028241512126312606,1.0167635443919887,28.614167035225442,77.20928974453984
10.28,-0.008646023716190821,0.0033098312826628064,0.9968552721594289,28.61416753249609,77.20929033554656
10.3,0.004634618840607851,0.01932279321722097,0.9988214729095389,28.61416803042716,77.2092909258313
10.32,-0.01854746011391867,-0.02256683140531566,1.0097149429491092,28.614168520372303,77.2092915247245
10.34,0.02576867245006777,0.025449666616975185,1.0421388036452637,28.614169000186994,77.20929213416767
10.36,-0.012685494336346276,-0.03120341650259888,1.017768938607171,28.614169475709783,77.20929274796036
10.38,0.022576949750987788,0.04234648288741907,0.9982278778730278,28.614169944885887,77.2092933680584
10.4,-0.0046721392196573085,-0.008225208609669667,1.0000639598123058,28.614170419204694,77.20929398305873
10.42,0.004039980215146425,0.002912339936537825,0.9895028107935113,28.61417089818352,77.20929459335449
10.44,-0.009899291017814013,-0.037840671449713405,0.9810000859296061,28.61417136790867,77.20929521291292
10.46,-0.02031990862336058,-0.0012427213293861705,0.9889449842586736,28.614171839067186,77.20929583105745
10.48,-0.03489520775210603,0.004569643554363835,0.9845570207257611,28.614172320327942,77.20929643901928
10.5,-0.02110648317184919,-0.001723242081989891,1.0130673676759177,28.614172799351387,77.20929704926961
10.52,-0.006478177064318437,-0.011261621541047474,0.9785761028426203,28.614173279397164,77.20929765847661
10.54,0.004237583576577682,-0.018931290370556297,1.026664211227601,28.61417375900889,77.20929826812707
10.56,0.02020758626566527,0.02261053239074622,1.0150409276723766,28.61417425122781,77.20929886459606
10.58,-0.09866160610628155,0.0006161426999590028,1.8361350730645856,28.61417475713904,77.20929944600915
10.6,-0.01763921528534348,0.030815047530335447,0.4410758319701573,28.614175261503686,77.20930002916323
10.62,-0.02885429572005425,-0.01052964709589846,1.2222381777227027,28.61417576741783,77.20930061057304
10.64,0.009601272358082079,-0.008695893867444338,1.0054016882269552,28.614176275658508,77.20930118934389
10.66,0.027663890306586864,0.01631188489192326,1.0217618492641718,28.61417678191134,77.20930177037103
10.68,0.025326605359125773,-0.032459499240071285,0.9859368707548837,28.614177292121557,77.20930234688889
10.7,0.014198654962944748,-0.02426926720305846,0.9693321582216254,28.614177803673382,77.209302921862
10.72,0.012770866345351982,0.021949699427063273,1.0140643650971348,28.61417831748514,77.20930349421432
10.74,0.03395247559418682,-0.023438678584463895,1.006487319484876,28.614178826827914,77.20930407172663
10.76,0.00664162922833621,-0.036381020306050955,0.9775960239711764,28.614179345605695,77.2093046382363
10.78,0.012922593520483432,0.037370543761461816,0.9853321725817177,28.614179867591993,77.20930520090857
10.8,-0.006415677237039982,-0.02787635295748411,0.9828179145189971,28.614180384164523,77.20930577002713
10.82,-0.02724086741709515,0.0036823879665633923,0.985509354619315,28.61418090490133,77.20930633419972
10.84,-0.013676978009991526,0.001381703854485423,0.9935263449191762,28.61418142504367,77.20930689908346
10.86,-0.00018318077069310544,-0.05621256633236167,0.9946690539143851,28.614181936835305,77.2093074737796
10.88,0.0012157074500260571,-0.005346340463356179,0.9869841268986308,28.614182447827208,77.20930804939844
10.9,0.038525717097107864,0.00896826498958219,0.9848367236100014,28.61418294788659,77.20930863734402
10.92,0.0016255433518213738,0.007086187630377212,0.9954243131216124,28.61418344067185,77.20930923320597
10.94,0.023576868880512875,0.018070413676070034,1.0033538306971912,28.61418393685539,77.2093098253972
10.96,-0.008701544831526322,-0.0077498262981086806,0.9936740692727031,28.6141844395703,77.20931041039687
10.98,-0.006233517715304683,0.014250088841843214,1.023173340466826,28.614184945377442,77.20931099192751
11.0,-0.026580152744468965,-0.013786581361601437,1.0101617542884158,28.614185449240743,77.20931157564374
11.02,-0.014846560257531435,-0.0282093483282555,0.9681830828628261,28.614185951326707,77.20931216134389
11.04,0.010539627827275062,-0.02595456751362465,1.010474555308277,28.614186449984828,77.20931275083178
11.06,0.0001512036078826653,-0.029242209103908293,1.0121108796517118,28.614186953410403,77.2093133350379
11.08,0.018858772397944673,0.020191719357823875,0.9913053006375162,28.614187460812193,77.20931391476313
11.1,0.0036250789669010053,-0.03029147018117113,0.9700960482539369,28.614187965363595,77.2093144977076
11.12,-0.007049074632754836,0.0054807768129860645,1.0001613351882228,28.61418845962732,77.20931509197847
11.14,0.042965937275739184,-0.00531848388144866,0.9998458269703551,28.614188959583878,77.20931568003753
11.16,-0.0018780713742609443,-0.002052971469012632,0.9775670752693361,28.614189459914236,77.20931626768393
11.18,0.02326001939410608,0.027272145903993995,0.9709756156748013,28.61418996209753,77.20931685327581
11.2,-0.008024184130893553,-0.00876854734430547,0.9982489290709312,28.614190463532974,77.20931743969868
11.22,0.01419198958767133,0.012232031230993666,0.9953384561589835,28.61419097109568,77.20931801924111
11.24,0.018560313183033736,0.0007512670276222342,0.9916546926935521,28.614191478209854,77.20931859929283
11.26,0.0041698394115116146,-0.0030403781126539576,0.9983317853050687,28.614191979070082,77.20931918635323
11.28,-0.047089658453932044,0.04599938248772947,0.9779444725235936,28.61419248823328,77.20931976407105
11.3,0.0003650492171222589,-0.028826834914307393,0.9913035877426777,28.614192992319847,77.20932034753714
11.32,0.024609200955199508,0.025782636708748898,1.010666500612287,28.614193502490643,77.20932092410037
11.34,0.14563075040702927,0.013128131309799443,2.0907937513738277,28.614194011353163,77.20932150216186
11.36,0.008916777504584932,-0.009590499892635681,0.3974279910352566,28.614194517729096,77.20932208304988
11.38,-0.03444513867915038,0.032586370348832244,1.2554384662641163,28.614195022188294,77.20932266609793
11.4,-0.014409101413501178,-0.036962202247770734,0.9785968307298628,28.614195528351555,77.20932324722642
11.42,0.008227152623028781,-0.010435333145981433,1.0053427259292347,28.614196031124024,77.20932383216196
11.44,0.00820766553573784,-0.024169644085381525,1.0063767480676085,28.614196540312413,77.20932440985099
11.46,0.02429333560265805,0.008241669297429203,0.9668245074982794,28.614197044841468,77.20932499282061
11.48,-0.0028973351029218876,-0.022261282023743553,1.0151802594116437,28.61419755174495,77.20932557311129
11.5,0.008116481733476285,0.008661278934826383,0.9777562739744289,28.614198057005492,77.20932615525827
11.52,0.00032748483862587405,-0.0037287283164310807,1.031183645809647,28.614198564058853,77.20932673537901
11.54,-0.019738854730031136,-0.009587078853121687,0.9990244747099877,28.6141990632505,77.20932732428074
11.56,-0.04511582662189495,0.00777294492066621,0.9750721300292168,28.61419956016971,77.20932791567107
11.58,0.008620193842601534,-0.005372432478761282,0.9771602785861464,28.61420005368965,77.20932851074357
11.6,0.0034789441682562274,-0.021772696861180774,1.0069619058357469,28.61420054308016,77.20932911022513
11.62,-0.01236350084200338,0.056027459792699574,0.9921740022020324,28.614201033737483,77.20932970836148
11.64,-0.0323834611303173,-0.009743343660582892,0.9980669218076372,28.614201522873834,77.20933030811214
11.66,0.012594790288174762,-0.044352181603040296,1.0322556046539408,28.614202011139295,77.20933090878293
11.68,-0.005318401483911041,-0.016841973794427773,0.9860151187154185,28.614202495994014,77.20933151302813
11.7,0.011137494447362912,-0.025345533767454603,1.0011992571539141,28.614202983207594,77.20933211480622
11.72,0.03728097060823517,0.016522912320810313,1.0283968897474611,28.614203474141654,77.20933271264786
11.74,-0.0428286176063941,0.00643305319183172,1.005410269509328,28.61420395883912,77.20933331705676
11.76,-0.013992016174047278,0.007974256035806884,0.9678679452928399,28.614204439347425,77.2093339257906
11.78,-0.004187512266238265,-0.007400449316744886,1.0101077802346428,28.614204924324152,77.20933452990874
11.8,0.029096523482933012,-0.005587004941138431,0.9767399428443311,28.614205399125556,77.20933514442586
11.82,-0.0327280603841297,-0.007418622072153365,1.0281361505746593,28.61420587700175,77.20933575584243
11.84,0.038717220513612094,-0.0016238636827093944,0.9835426479000404,28.614206354240913,77.20933636790431
11.86,0.0027171180313258097,0.016706668707296705,1.0593901901549132,28.614206825168186,77.20933698627766
11.88,-0.0019200132346771648,0.006721508250106929,1.0293475197665536,28.61420728977152,77.20933761082757
11.9,-0.003961195264378129,0.010002256592417333,0.9840677486074404,28.6142077582311,77.20933823162837
11.92,-0.008725260643600576,0.009991178164984056,1.0004002761000321,28.614208223865568,77.20933885518103
11.94,0.020962335185383093,0.01768884874763476,1.0150728856326692,28.61420869119589,77.20933947708527
11.96,-0.021370415081648778,0.005763000830805093,1.0156732094845342,28.61420915623152,77.20934010121756
11.98,0.006908283632877072,0.007176961453578375,1.008846725199524,28.614209621955304,77.20934072468368
12.0,-0.007683633314139511,0.023776124823863133,1.025043180739322,28.614210089879666,77.20934134600805
12.02,-0.015242668970281958,-0.013300918360062242,0.9975406210673126,28.61421056303143,77.20934196217402
12.04,0.05171950351367792,-0.017114851599030142,0.9926656466284793,28.614211029739405,77.20934258468442
12.06,0.008381014695069201,-0.023718431983737118,0.9930627202415078,28.61421150049904,77.20934320322341
12.08,0.012265310893222876,0.0036582912724051186,1.0171674646394426,28.61421196323506,77.20934382956966
12.1,0.015202242347547367,-0.03707464482438247,2.048425746287232,28.61421242758454,77.20934445436454
12.12,-0.028426998906370946,0.009243081921193547,0.5536853869522347,28.614212889270334,77.20934508171565
12.14,0.035045838182440635,-0.0021838618900110536,1.160415426930678,28.61421334242467,77.20934571708734
12.16,-0.05017914356990152,0.022692793996421136,0.9589789518429229,28.61421379797651,77.20934635023043
12.18,-0.015375328200770411,-0.013438346209299812,1.006201376477503,28.6142142509007,77.20934698581503
12.2,-0.009180633463578008,-0.004066365708350135,1.0043713777774743,28.61421470106288,77.20934762394079
12.22,0.011634467299410119,0.022444066665867374,1.0333761616260142,28.614215154949097,77.20934825863425
12.24,0.004374365322829755,0.02766271293556305,0.9694282403547266,28.614215607595824,77.2093488944753
12.26,-0.003336294813967865,-0.013603047315036402,1.0311437326475352,28.614216056072767,77.20934953413897
12.28,-0.00023994689255447732,0.0036356246517432024,1.0015081825784933,28.614216494933828,77.20935018239938
12.3,-0.019560460470451364,0.005888379553680962,1.009779790613201,28.61421693615224,77.20935082858004
12.32,-0.029944647889683464,0.007473068112422966,1.0335183757521875,28.614217375406,77.20935147649523
12.34,0.014530232446721206,-0.005251513186312443,1.0112152253601114,28.614217815382148,77.2093521237741
12.36,0.013874122250723707,0.0256276679624727,1.0080073657892512,28.61421825425875,77.20935277202086
12.38,0.031689887503141174,-0.03779406967243091,1.0048458237160465,28.614218696495378,77.2093534172977
12.4,-0.01580034193630416,-0.008422604696021681,0.9903304373001125,28.614219139688938,77.20935406172205
12.42,0.013856304206018452,0.008958614655458939,0.9994302175097921,28.614219574242966,77.2093547137366
12.44,-0.005674134567294636,0.009144496238986872,0.985689744677545,28.614220008067267,77.20935536638142
12.46,0.023809499703869644,0.02705518061229526,0.9991086620114904,28.61422044145541,77.20935601940214
12.48,0.020439255533562833,0.02396450786402574,0.9532813860588981,28.61422087971423,77.20935666819103
12.5,0.004224187984489134,-0.005710832506144475,1.008580791351351,28.61422131173335,77.20935732238783
12.52,-0.006790603133319731,0.02599742487061209,0.9975652549243275,28.61422173887297,77.20935798072922
12.54,0.01921864357216523,-0.014280834875549098,0.9932759252666647,28.614222165276754,77.2093586396893
12.56,0.012938090465131316,0.01861774765583675,1.004395161678803,28.614222580606572,77.20935930776405
12.58,-0.013688808041723653,0.036210449568419865,0.9713287215406912,28.61422299905404,77.20935997330955
12.6,-0.026555973469588618,0.02429888213709938,1.0385853999324257,28.614223423568394,77.20936063385071
12.62,-0.0057706580136359245,0.0021154076704824644,0.997944650770248,28.614223848632996,77.20936129393253
12.64,0.030308276306964182,-0.006635575435442445,0.9970831113405562,28.61422427859161,77.20936194988845
12.66,0.022929743174660767,-0.030571825925185727,0.9806920757973415,28.61422470716314,77.20936260702119
12.68,-0.022246549393411613,0.006210792758284081,1.0004789276489852,28.614225135312306,77.2093632645111
12.7,-0.023355148317998422,-0.022304344559418383,1.0277391978054655,28.614225556778788,77.20936392758007
12.72,0.025493676993589728,-0.015862693272278735,1.0207183241886406,28.614225980893547,77.20936458845425
12.74,-0.02271271809515658,-0.02381491601473343,1.0170887550228112,28.614226403079734,77.20936525092884
12.76,0.01018590647284016,-0.009207846653133104,1.0109279790333454,28.61422682418794,77.20936591429313
12.78,-0.012321424306726475,-0.0005593882897396459,0.9928291494487478,28.6142272404334,77.20936658162803
12.8,0.03234089849043365,0.005472291623314103,0.970996736659266,28.614227663274438,77.20936724356046
12.82,-0.015408495982757578,-0.012010132708279267,0.9959792245626673,28.61422809131523,77.20936790114195
12.84,0.022867230604116565,0.021385674127903664,0.9952825707093265,28.614228522690755,77.20936855588964
12.86,-0.21974144192970788,-0.004164105159799319,2.061907359387602,28.61422896027343,77.20936920527053
12.88,0.005043897084685734,-0.015754448665310384,0.5469058344319389,28.614229394357224,77.20936985769147
12.9,-0.039406171627028024,0.004525845344868728,1.3264593969795309,28.614229824870833,77.2093705131749
12.92,-0.04405826706411437,0.03927105667087632,1.0239497708007634,28.614230249074883,77.20937117397473
12.94,-0.004411318805346279,0.006703211330702357,0.990870087809918,28.614230674123867,77.20937183406966
12.96,0.004938121268332234,-0.007257112547472142,0.9640974160676026,28.614231101847743,77.20937249191869
12.98,-0.022503956554754467,-0.03054922712237408,1.0277115046788297,28.61423153502223,77.20937314512341
13.0,-0.021773868209526842,-0.004388246419441407,1.027187704464615,28.614231960685178,77.20937380470477
13.02,0.01122945259652266,0.004698562501762312,0.9726757681819554,28.614232387633933,77.20937446320686
13.04,0.011257089609142613,-0.007751617825111401,1.03018480039655,28.614232818767277,77.20937511816153
13.06,-0.002754821207758541,-0.03330769276481999,1.0076423434118504,28.61423324557387,77.20937577678319
13.08,0.0156040344237215,-0.017011307790068677,1.0032137099625131,28.61423367433929,77.20937643375184
13.1,-0.02348404591440293,0.029090769217755153,1.0322956650849466,28.614234109233703,77.20937708547193
13.12,-0.007118698341739414,0.02868002007460922,1.0268937034646124,28.61423454907409,77.2093777328706
13.14,0.032957552115673465,-0.01773278338409196,1.013026619039904,28.614234988399833,77.20937838072258
13.16,0.0013664425987963509,0.013455135743988439,1.0094643413162396,28.61423543379873,77.20937902317104
13.18,0.002526250291739987,-0.023571455695403476,1.0123278858106073,28.61423587968016,77.20937966518501
13.2,0.04611893171935479,0.02808632563989905,0.9919988513223494,28.614236330418784,77.20938030278266
13.22,-0.027986843316975415,0.004904716957884727,0.9988979710053536,28.614236786432095,77.20938093549468
13.24,0.01592860733284221,0.018992829972330677,0.9819536569081091,28.614237245150203,77.20938156566449
13.26,0.03327972559616199,-0.034301866943650776,0.9933392044852216,28.61423770298658,77.20938219666581
13.28,-0.0064971585299709225,0.013552742038497764,0.9926673224266214,28.61423815905082,77.20938282933021
13.3,0.017192615737096923,-0.00015348127369006946,0.9872938926075667,28.61423860996201,77.20938346676952
13.32,-0.019640389944218097,0.01703858141581685,1.0027349300529693,28.61423906524119,77.20938410016721
13.34,-0.013734647911347032,0.018297355961956994,0.9935203829859884,28.61423951273924,77.20938474072001
13.36,0.007699328320952686,0.0013156937894949889,1.0100446944070396,28.614239944773125,77.20938539490426
13.38,0.015971333462211804,-0.012016592781918294,0.9675535877341247,28.61424037921488,77.20938604701601
13.4,0.022418730248124918,0.015593923643589887,0.997732904117854,28.614240823704783,77.20938669028088
13.42,0.031392571738789864,-0.0012030899881025536,1.00263103280355,28.614241277961458,77.2093873246305
13.44,-0.0013489311711036426,-0.01745569907055285,0.9937874152032624,28.614241734979135,77.2093879564015
13.46,0.02387223510345176,-0.018403044629153716,0.9965521460038154,28.61424219583541,77.20938858454373
13.48,-0.00684609686898298,-0.029543288326247634,0.9682950797854029,28.614242656663347,77.20938921271294
13.5,0.01804182623176536,-0.010205823191261265,1.00712954209339,28.61424311468242,77.20938984354223
13.52,0.004149775957043636,0.02205384092148757,1.0129521196513414,28.6142435797855,77.20939046760951
13.54,0.008913558141638479,0.003556595994108685,1.0098707458840754,28.614244045827583,77.20939109076713
13.56,0.008470157480440749,-0.010595354118460814,1.0207745411888436,28.614244514631633,77.20939171123062
13.58,-0.032094100195956245,0.016097118763601596,1.00403059211565,28.61424497225204,77.20939234243525
13.6,-0.022482437177215465,-0.016649532434467776,1.0095736236130188,28.614245437484037,77.20939296637783
13.62,0.25257547775433203,0.0019070054866555711,1.7731529928413403,28.614245906858937,77.20939358628107
13.64,-0.03374558159282337,-0.0035926074545103064,0.5635808793820272,28.61424637605133,77.20939420636356
13.66,0.016624222063995116,0.015582612511767045,1.1856565978842815,28.61424684932443,77.20939482240881
13.68,0.01743111932576284,-0.03154456741839001,0.9821283806404398,28.614247316439346,77.20939544452324
13.7,0.006543411057555805,-0.017003954916293116,1.0317379931406618,28.614247789099736,77.20939606117861
13.72,-0.022422680255158443,-0.03276491318189067,0.9507912835580759,28.614248266698265,77.20939667287689
13.74,0.027602778777370298,-0.005191934436185401,0.9971964414034932,28.61424873771369,77.20939729116336
13.76,0.04074421279436716,0.02422855007264861,1.0234454991921613,28.614249215159468,77.20939790301635
13.78,0.0029415365489194796,-0.010108944193070544,0.9981347866891647,28.614249688105893,77.2093985193871
13.8,0.010210707569024726,-0.010213678763913015,0.9918997785709861,28.614250163496276,77.20939913331333
13.82,0.004034773095920878,0.017434488483682727,1.002588433536306,28.614250642210052,77.20939974387935
13.84,0.010607383779975985,0.021370991169105995,0.992937596399951,28.614251123639658,77.20940035166815
13.86,-0.0023911751325279215,-0.0017714213453757985,1.0006169898551387,28.614251611017654,77.20940095327374
13.88,-0.0006912847968760668,0.013694297080997843,0.9863323792695974,28.614252093585204,77.20940155989041
13.9,0.018114352009947307,-0.021539090817558927,1.0221734883991145,28.614252575427717,77.20940216725448
13.92,0.04691248323792881,0.027559486678508275,1.0284652984213132,28.614253052500704,77.20940277948472
13.94,-0.028001424688034775,0.042974125878741026,0.9973321935577676,28.61425352321849,77.20940339806528
13.96,-0.0020762496880593374,0.010424315823774497,0.9722702115861751,28.614253990991465,77.2094040195378
13.98,-0.023609209704641643,-0.04168663242685601,0.9895231365937321,28.614254466640684,77.20940463320385
14.0,0.03184049797152167,-0.011164605247955687,0.9963202267979407,28.614254947489165,77.20940524158932
14.02,-0.01175475938639797,0.012256506433386428,1.0101107775380642,28.614255423775734,77.20940585461358
14.04,-0.02886401587571588,-0.008429659943327256,0.9798397355365864,28.614255899763535,77.20940646793889
14.06,0.012763739976971469,0.025443971085001953,0.984616753627157,28.614256372239545,77.20940708477764
14.08,0.034886222294862226,0.011763145288717304,1.0102135227571762,28.614256845196916,77.20940770113752
14.1,0.013271957371215256,-0.014129510015315932,1.018778176640791,28.614257320474906,77.2094083151767
14.12,0.004095957545638344,0.0006452962154250559,0.9875681190965864,28.614257792230134,77.2094089327309
14.14,0.008182818455519878,-0.017876664412781802,0.9733356589209801,28.614258273279376,77.20940954091041
14.16,0.028296813256511094,-0.003651697568248836,1.0656823640257578,28.614258756033212,77.20941014733475
14.18,-0.017483985400282998,-0.011091864808651035,1.0156660847417742,28.61425923843305,77.20941075412453
14.2,-0.002236942081726259,0.023495236004660764,0.9946599247646594,28.614259719720177,77.20941136205978
14.22,-0.009053802970190667,0.042320241136619904,1.0173806255106168,28.614260207875315,77.20941196284724
14.24,-0.023357306145834204,-0.028623766664715042,0.9975108674057116,28.614260702600998,77.20941255661951
14.26,-0.0065675051883360485,-0.038464325724195045,1.0173431377820037,28.61426119937216,77.20941314817158
14.28,0.022154421919648972,-0.004903448437027715,1.0031878639555245,28.614261696469153,77.20941373936836
14.3,0.01133204296785451,-0.030368313976573653,1.0018254379633516,28.614262185435766,77.20941433929895
14.32,0.012886210002164009,0.0009242320734183431,0.9977283626353842,28.61426267900742,77.20941493431616
14.34,0.0029295122330663644,0.014978722276118534,0.9710523733307382,28.61426317514894,77.20941552655351
14.36,0.010466475654571773,0.0298828379453365,1.0387618979878628,28.6142636629537,77.20941612771017
14.38,0.06267033087771703,0.004027891174305622,1.7832138764612204,28.614264145115406,77.20941673474553
14.4,-0.0061901977185445855,-0.0038631044969915803,0.40688847243621973,28.614264633183502,77.20941733562478
14.42,0.003840084739373535,-0.03956769833146168,1.1308973043543649,28.61426511767758,77.20941794024559
14.44,0.0055503171776378046,0.0005237029837159687,0.9807705637297899,28.614265597736736,77.20941854943945
14.46,0.006403757098437461,0.0014257452109892339,0.9989657441887946,28.614266076748102,77.20941915970262
14.48,-0.0027667056403275583,0.012779136284254906,1.0137552769712355,28.61426656201149,77.20941976352233
14.5,-0.007548468022606594,-0.014169762030581822,1.0199060580105845,28.614267050422857,77.20942036403956
14.52,0.06315542566088596,-0.008701052004717194,1.0162946144324336,28.614267542135014,77.20942096105121
14.54,0.018135745458647975,-0.029560045106083687,0.9938873589042864,28.61426803106832,77.20942156101705
14.56,0.008262949519052449,-0.0458258561376813,1.0009918365532318,28.6142685222589,77.20942215858558
14.58,-0.004664169964127879,-0.022169941815935665,1.0081575810179497,28.614269014836854,77.2094227546704
14.6,-0.009024376538877532,-0.03140651628506033,0.9648442515211586,28.61426951055599,77.20942334736658
14.62,-0.0026160118745391136,0.006734245908412225,1.0114116940023972,28.614270014323317,77.20942393119077
14.64,0.005856576871733668,-0.010362681133337145,0.9708540142483234,28.614270504622176,77.20942452970883
14.66,-0.03760871088126163,-0.010764742601495783,1.0408069319781297,28.614270992800726,77.20942513047167
14.68,-0.031387791907493676,-0.01968826092350424,0.9919096983071661,28.614271473163452,77.20942573935497
14.7,-0.012737647778779152,-0.06465130865024868,0.9963024964561081,28.614271959459256,77.20942634209598
14.72,0.004142788735571371,0.03016621497495101,0.9846058580152429,28.614272437663395,77.20942695318013
14.74,-0.004785462943037028,-0.020005410455535767,0.9874005993628862,28.61427291799065,77.20942756209975
14.76,0.029562424521989684,-0.00824840139699814,1.0454818713828649,28.61427339547659,77.20942817391222
14.78,-0.029647935739915376,-0.02909784330578621,1.018807393772466,28.614273867612564,77.20942879108883
14.8,-0.015026909392067408,0.01943860686881268,0.9690159510970432,28.61427433150871,77.20942941632089
14.82,0.030401834819822025,0.0028685787407464886,1.0300842580137046,28.61427479565937,77.2094300413078
14.84,0.002622386493502937,-0.016527305705317373,1.0238648455028285,28.614275265296904,77.20943066095303
14.86,0.01769685165602317,-0.007844592226880477,0.9943757507542342,28.614275735014797,77.20943128051923
14.88,0.041024938865389264,0.0335635984424974,1.0061339388405968,28.614276201509824,77.2094319032371
14.9,-0.013876088358036451,-0.001459388637625566,0.9997011184115785,28.61427667092759,77.20943252309839
14.92,-0.0019862867558406412,-0.003634670752318117,1.0394515980889387,28.614277142643516,77.20943314069166
14.94,-0.0054485380186174315,-0.018827629722785306,0.9840741962201582,28.61427762269673,77.20943374989166
14.96,-0.03909186008966551,-0.03789162300944606,1.0029202121955145,28.614278107958064,77.20943435371359
14.98,-0.006207936075119381,-0.0032007734715868885,0.9914370933801439,28.61427859085951,77.20943495998553
15.0,0.01762124374761331,0.006509702246492353,0.971339191907643,28.614279069048326,77.20943557108528
15.02,0.010811790836244816,0.02199168928655339,1.0438327651010997,28.614279541297734,77.2094361881493
15.04,0.012381663387760202,-0.04496993068999311,0.9763686684179518,28.614280001097097,77.20943681729601
15.06,-0.00751017961278999,-0.02250192654046058,1.0044025837497554,28.614280452626648,77.20943745416734
15.08,-0.013121944720112829,-0.011614821811129007,0.9651859878723933,28.614280905005607,77.20943809025601
15.1,0.025385113437972413,-6.961697146403657e-05,0.9920185892151381,28.614281362589505,77.2094387214952
15.12,-0.009946342927153391,-0.002900673830568449,1.0084393764286692,28.61428182159131,77.20943935139717
15.14,0.05335839082917043,-0.002433773713745391,1.7328038548817575,28.614282283633862,77.20943997840777
15.16,0.003266693613550769,0.00816192117139889,0.46434280676090367,28.61428274476271,77.20944060629061
15.18,0.029234340325142365,-0.018065862215582186,1.2256555408976118,28.614283200962486,77.20944123882846
15.2,0.019428247153447195,0.018682828844673892,1.0232016502479722,28.61428365449297,77.20944187385223
15.22,-0.025905172413342416,0.008669048833989614,1.0272352182668045,28.614284099182107,77.20944251693867
15.24,-0.023751063335500804,-0.006396645282561587,0.9882651047853998,28.614284541634863,77.20944316202363
15.26,0.011578196361382685,0.03201815983777831,1.0015346571878592,28.614284991275092,77.20944380062714
15.28,-0.0012867529475833303,0.03112832071143534,1.0036690845294447,28.614285444103416,77.20944443630081
15.3,-0.009103435679075279,0.018657907103876173,1.012386985908694,28.614285894681565,77.20944507404593
15.32,0.020312557679889418,-0.06037113541135585,1.0002876399248852,28.614286343978325,77.20944571296306
15.34,0.0037491876417782167,0.031578901854359506,1.0038042191868568,28.61428678589909,77.20944635852106
15.36,0.001049147737788879,0.015895170449438684,0.9951318705040976,28.61428722777997,77.2094470041145
15.38,0.015596572815100993,0.040128172754258735,1.0023047973394403,28.61428767065991,77.20944764881898
15.4,-0.007502179898871289,0.02474929183467077,1.0259588038707026,28.614288122392775,77.20944828550324
15.42,0.031370379709451085,0.03156685354994571,1.0129216648242372,28.614288578619846,77.20944891801558
15.44,-0.01576095246466016,0.017573097003607582,1.0140251127888673,28.614289033130255,77.2094495521296
15.46,0.013138581326841764,0.026973863972910243,1.0144614064827115,28.614289486472597,77.2094501873277
15.48,0.028676656773196894,0.0398824748146888,0.9969238244423793,28.614289936489747,77.20945082558663
15.5,-0.027545909785441997,0.004331094767564116,1.0063765408715906,28.61429038397772,77.20945146614888
15.52,-0.006866703517048984,-0.03144461088156259,0.9782965264332851,28.614290832102913,77.20945210613282
15.54,0.022844147857711158,-0.006149218000302843,1.0253761531263392,28.61429128583324,77.20945274097136
15.56,0.023144890954620502,0.0077989119876687345,0.9443407913531356,28.614291739560375,77.20945337581286
15.58,-0.0034299120077647856,0.001497751687431155,0.9982570321532915,28.614292193534048,77.20945401042562
15.6,-0.014693421873537189,-0.02493123932318853,1.0228179195430054,28.61429263982278,77.20945465207261
15.62,0.019118716446615246,-0.03262135250389958,0.9727226413274132,28.614293078590975,77.20945530041504
15.64,0.023670982051632095,-0.014823253372696585,1.007995598352337,28.614293520079137,77.20945594635707
15.66,-0.023293266970247896,0.016154791119683022,0.9863846710684194,28.614293965085338,77.20945658915889
15.68,-0.024078272979327603,0.03160679541645939,0.9926239346962227,28.61429441768927,77.20945722503994
15.7,0.004505133639671991,0.018331352275554026,1.0189188192127887,28.614294871213016,77.20945786007002
15.72,0.012587212668577841,0.021148545742282723,1.003961138517703,28.614295327375217,77.20945849264311
15.74,-0.005981381704601098,-0.0016163114632711535,0.9593128826423127,28.614295768905194,77.20945913854806
15.76,0.013585876399646986,-0.03484164915411928,0.9804714892053681,28.614296216731958,77.20945977880304
15.78,-0.014202732136747642,-0.009104411617654108,1.0195067146977752,28.61429666422939,77.20946041935674
15.8,-0.04229387198147471,-0.005175288237447575,1.00897885436386,28.614297115332473,77.20946105662021
15.82,-0.00847802144665192,-0.009941049736713645,1.0349627114504858,28.61429756629783,77.20946169401016
15.84,0.0012646429302620235,0.0010938973074925231,1.033652951880266,28.614298019126164,77.20946232968389
15.86,-0.005516799197929131,0.00882839519785901,0.9931550973970642,28.614298467411203,77.20946296952259
15.88,-0.023172065273189706,0.01706030376486995,1.0500647561013898,28.614298913218676,77.2094636116036
15.9,0.14903259813628933,-0.005562397287326682,1.756489786477335,28.61429935462706,77.20946425761639
15.92,-0.010281776087357957,-0.03807518811289187,0.5323346178573707,28.614299800287622,77.20946489982973
15.94,0.017953115432994875,-0.009657554385822697,1.221605403646786,28.614300239837494,77.2094655474848
15.96,0.025123948788273648,0.000874207939839677,0.9548654978942116,28.614300682120977,77.20946619272047
15.98,0.0237542676827691,0.024456158442668165,1.0321403801649855,28.614301132325856,77.20946683080766
16.0,-0.01631819070297106,-0.011356156843682108,1.0318952397808774,28.614301583548855,77.20946746796098
16.02,-0.02307412647260728,0.010250872567988036,0.9796898512237335,28.614302034137474,77.2094681056966
16.04,0.009932692299597907,0.005801757992708647,0.9954423142323618,28.614302491687333,77.20946873696793
16.06,0.012702000231958506,0.0008780106624677689,1.0019121508822515,28.61430294437859,77.20946937276838
16.08,0.008003392104009948,0.01861066638649183,0.9807929389571577,28.61430340158236,77.20947000436502
16.1,-0.04028126548475527,-0.013216823935051617,0.9648979593745768,28.614303863504222,77.20947063149114
16.12,-0.017337691697669334,-0.011503728992870329,0.9957928479244618,28.614304325426307,77.20947125861706
16.14,-0.0005937758057195686,-0.00023801646188456195,0.993578411410815,28.614304782611754,77.20947189023092
16.16,0.009744363892608543,-0.012802930101873996,0.9922317751802245,28.614305246504628,77.20947251546632
16.18,0.015346147252049736,0.010160245821091993,1.0044543212520194,28.614305705214218,77.2094731456446
16.2,0.0028850704456408007,-0.014263846087322656,1.0285903931705198,28.61430617576178,77.2094737643935
16.22,0.006615676130764719,0.004526084154902688,0.9939381456061654,28.61430664451066,77.20947438491145
16.24,0.0016973091672220833,-0.0020034553757351317,1.0034088599744273,28.61430711938328,77.20947499935775
16.26,0.01371238748436966,0.004298519295534114,1.0145374104748988,28.614307598548095,77.20947560946483
16.28,0.00625731302981822,-0.009194827901260784,1.011082858530255,28.614308068333056,77.20947622896523
16.3,0.0013147532009457476,-0.006781765890536541,0.9877115295110431,28.614308543468987,77.20947684314736
16.32,-0.005367375982747616,0.0019201853599409993,1.0019275424622807,28.614309018908088,77.20947745702497
16.34,0.0016258285008496221,0.004041490123226254,1.010950796403381,28.614309500068547,77.20947806509061
16.36,0.009691827576785496,-8.403830782312186e-05,0.9774329732497844,28.614309977108892,77.20947867735417
16.38,0.005349507777961225,0.034107247130261684,1.0252707802159302,28.614310451947254,77.20947929183485
16.4,0.007616528366905076,-0.019814738374825686,1.0286317781042822,28.614310923812656,77.20947990928013
16.42,0.02685443722702371,-0.0012840758990542718,0.9855443948911101,28.61431138951834,77.2094805327644
16.44,0.005303278454931748,-0.03147258044233969,1.0038734003669634,28.614311857070305,77.20948115445304
16.46,-0.012979970409463153,0.007441629573347726,1.0128455651334207,28.614312318731187,77.20948178182854
16.48,0.01767213571988338,-0.022304930727536282,0.9890877168734249,28.614312772135477,77.20948241696941
16.5,-0.02732396675337835,-0.005566205117531526,1.0096322769137618,28.61431322395196,77.20948305357682
16.52,-0.021628267614785743,-0.007441286506626518,1.0032651125258434,28.614313681923186,77.20948368445161
16.54,0.006716945294401382,0.00561782253202343,0.970641636447224,28.614314146534323,77.20948430899463
16.56,0.010327933355731575,-0.011055818350903602,1.0091832263195712,28.614314608716096,77.20948493587228
16.58,-0.0249010244700799,-0.011906113953879647,0.9779971516745792,28.614315076960985,77.20948555688385
16.6,-0.007656349619735,0.02871712928171796,1.018784057033241,28.614315552487106,77.20948617067404
16.62,-0.012121676644393174,0.0056913358094905254,0.9865757784973223,28.614316023232906,77.20948678922731
16.64,-0.009733526457631935,-0.01122101704044536,0.9967742913267771,28.614316496465037,77.20948740531382
16.66,-0.03617696197545983,-0.005016673436224617,2.090675339280768,28.61431695647487,77.20948803426108
16.68,0.014130109270945055,0.032907099045414896,0.3658441783267419,28.6143174201048,77.2094886597496
16.7,-0.00038244359707414967,-0.00470329756502194,1.273195297385948,28.614317886459947,77.20948928260366
16.72,-0.010919238542298558,-0.013785532463047754,0.9797016685840183,28.61431835084799,77.20948990736197
16.74,-0.026992993404402813,-0.013699923002527854,0.9880139442275255,28.614318814113123,77.20949053320112
16.76,0.028403698775638975,-0.010982529619791548,1.0078928816671333,28.614319277840604,77.2094911585958
16.78,0.011842278005698368,-0.011889954448534449,1.0071659962986554,28.614319742160543,77.2094917834198
16.8,-0.014133382081462809,-0.02559295696698486,0.9831379539067426,28.614320188452222,77.2094924250643
16.82,0.01439198995249783,-0.02248400193893956,0.9766558102877129,28.61432062532806,77.20949307506302
16.84,-0.0014044724114925134,-0.016586407487227398,1.0056316681017168,28.61432105737518,77.20949372923644
16.86,-0.005742190097246858,0.011831420369061953,0.9963627986841967,28.614321496426964,77.20949437732989
16.88,0.008704230565792047,-0.00762474574545747,1.0431443177489548,28.614321935899135,77.20949502505351
16.9,-0.0148299649982545,-0.0041432337818808045,1.0007320731312617,28.614322371605805,77.20949567606978
16.92,-0.006875130390202201,0.025401760505097938,1.0362850565540056,28.614322803024223,77.20949633078139
16.94,0.0024292212839909177,0.025900142998768364,0.9765923280379132,28.614323227064617,77.2094969917181
16.96,-0.009989023857704268,-0.005642498862754699,0.9685357412087658,28.614323654816317,77.20949764954423
16.98,0.013381704205350481,-0.01261727021366818,0.9775982973494893,28.614324082790525,77.20949830718256
17.0,0.037381330073565214,-0.017288606273470758,1.0237825956290694,28.614324515111317,77.20949896112134
17.02,-0.015085962652142855,0.013855515394164755,1.0351220317938707,28.61432493973146,77.20949962157489
17.04,-0.03330250592608089,-0.0040941446704457546,0.9843564109209473,28.614325360289556,77.20950028539251
17.06,-0.040034803349525236,-0.007729897806455804,0.9907886794048089,28.61432578379872,77.20950094677106
17.08,-0.0030093628298996445,-0.016273291502751055,0.97662038179575,28.61432620600117,77.20950160923283
17.1,-0.013263291802523655,-0.01539332818022777,0.9637672030576323,28.614326627910994,77.20950227193647
17.12,0.004157210021341612,0.006401163829864891,1.0143682339555327,28.61432705492354,77.20950293038548
17.14,0.0026519534405220215,-0.02630876531774524,1.0044604060592432,28.614327476541064,77.20950359333048
17.16,-0.032064336932281924,0.019897373875758767,1.0002097596534776,28.61432789771049,77.20950425664498
17.18,-0.03629767658962812,-0.01067689287629837,0.9719988692567324,28.614328321956226,77.2095049174107
17.2,0.005918664806921905,-0.0029927188850358507,1.0327991336365732,28.614328751388612,77.20950557381443
17.22,0.00270857669439914,-0.026739559162811087,0.9899328652390106,28.61432917588091,77.20950623437464
17.24,-0.008516359967331025,-0.0002473187648472907,1.0106725284963296,28.614329598816784,77.20950689622909
17.26,-0.03314287170264609,-0.006566418853811197,0.9709087718951055,28.614330025778482,77.2095075547209
17.28,0.009427825255299815,-0.0010016119771293329,0.9961894962075992,28.61433045561269,77.20950821078327
17.3,0.02543799090847887,0.02943417796723781,1.0058274891247716,28.614330885415107,77.20950886687267
17.32,0.005559648804378445,0.0035539609158047963,1.0065415043610662,28.614331314849917,77.20950952327435
17.34,-0.01694947781130129,-0.01589318368291608,1.0030929708647325,28.614331743177257,77.20951018061432
17.36,0.0008910433114230263,-0.014226398210931364,1.0098904498409755,28.614332181646226,77.20951082921962
17.38,-0.0273222816186737,0.01190262371827537,0.9773895908793407,28.614332619429266,77.2095114784259
17.4,0.02115921427677585,0.025973865819868477,1.0039474521087932,28.614333064127713,77.20951212150428
17.42,0.0924598181385303,0.005638360415021001,1.8347414553584191,28.614333500770886,77.2095127717059
17.44,-0.03536313823506464,0.01377425489109539,0.5961782379803662,28.61433393143752,77.20951342705953
17.46,-0.006013487208873652,0.012194754466734101,1.1914260755440023,28.614334355420695,77.20951408804395
17.48,0.009266030204684616,0.02838128826715042,0.9745357445217321,28.614334793542092,77.20951473695398
17.5,-0.0066609524195104484,-0.038991803454520656,0.9736440049578206,28.61433523336583,77.20951538436796
17.52,-0.005517914428803478,0.013344378786090565,0.955714636282309,28.614335673632777,77.20951603139092
17.54,-0.024488044140945436,0.01967472087807128,1.016350690196906,28.6143361106265,77.2095166812869
17.56,0.011330819741633122,-0.02677447412271147,1.016553150194704,28.614336542462894,77.20951733564094
17.58,-0.01296938400038275,-0.01771336368012832,1.0168710058244423,28.61433696688454,77.20951799626012
17.6,-0.04312890754010065,-0.01701565497256307,1.006135799249229,28.614337404625296,77.20951864550342
17.62,-0.0074251474134078765,-0.014575803927547669,0.9573376156456378,28.614337846918936,77.20951929073028
17.64,0.01962299431140706,-0.00963434101871052,0.9794657901642947,28.61433828888512,77.20951993624826
17.66,-0.007738588931998948,0.00485205626109883,1.0034083083518623,28.614338726135575,77.20952058592015
17.68,0.034759699702470406,0.017313493023347396,1.0027103600558358,28.61433915879911,77.20952123956481
17.7,0.008579358970970341,0.021626339155370728,0.9955450357369596,28.614339588732733,77.20952189554271
17.72,0.006775163245607322,-0.016756461223355636,1.007378344058165,28.61434002232618,77.20952254838731
17.74,-0.0025679653183521773,-0.016894059974059655,1.000233034153705,28.614340458835684,77.20952319870544
17.76,-0.0013657241552858127,0.026316436800324458,1.0024154093110271,28.61434089892998,77.20952384588082
17.78,-0.00526847270239008,0.01293487870837289,0.9872186933433597,28.614341344576687,77.2095244881069
17.8,-0.006045387841650529,0.0016572968373799227,1.019640219722432,28.61434179581124,77.20952512524984
17.82,0.010617343241342976,0.009466733511099343,0.9913845678263923,28.614342253119343,77.20952575674869
17.84,-0.01871662459581131,-0.0005960756370288127,0.9733870183395875,28.614342708562464,77.20952638999404
17.86,-0.021517876574485194,0.010491693660952293,0.9845800197436254,28.61434316331408,77.20952702388395
17.88,-0.022463901017507552,-0.00672133393011481,0.9930306761727604,28.614343623203364,77.20952765294575
17.9,0.040913090953543084,0.005376098688784616,1.0198800557673768,28.61434409247616,77.20952827294987
17.92,0.0106068580334116,-0.030210921007389927,0.9991546400313042,28.614344563755953,77.20952889097543
17.94,0.006089844033602896,-0.013755685896508621,0.996277035620687,28.614345026954503,77.20952951687869
17.96,-0.02115029340586863,-0.01354022353580687,0.9750267315047475,28.614345490119845,77.20953014281383
17.98,0.01246684601349657,-0.007487800664138282,1.0157096517965916,28.614345948874107,77.20953077295015
18.0,-0.0023314269290665734,-0.018530265095594963,0.9869609569195323,28.614346406631658,77.20953140402632
18.02,0.004283378822634997,-0.010670872516461635,0.9979994428211733,28.614346864711198,77.20953203479925
18.04,-0.01953240631727112,-0.03028828124796241,1.0296036615376374,28.61434733089751,77.20953265781748
18.06,0.0032053771483515343,0.010974009527898006,1.010175266620986,28.61434779930422,77.20953327867086
18.08,-0.008476670764129664,-0.0016502703782278897,0.9674349190456966,28.61434827061894,77.20953389666188
18.1,-0.015312223140603756,-0.03410415215552034,0.9646097952729505,28.614348733846473,77.20953452253733
18.12,0.014682126716144975,-0.01669659821093346,0.998713790997615,28.614349196066552,77.20953514937852
18.14,-0.03075415617060005,0.006732028551243338,0.9757451877025038,28.614349651219072,77.20953578289499
18.16,0.01129552528628301,-0.010860438927715795,1.0129709349526599,28.61435010007261,77.20953642221663
18.18,0.11089546143948789,-0.013938829202761934,2.0270087178282896,28.614350553657612,77.20953705719027
18.2,-0.017592873511024815,-0.0014918535401615269,0.523071080548166,28.61435100723615,77.2095376921699
18.22,-0.016406569222649346,0.006871950703564324,1.188583391641011,28.614351451358814,77.2095383357645
18.24,-0.004460513625328045,-0.028727049140783213,1.0348276731057342,28.614351892292557,77.2095389821981
18.26,0.0056407242092444115,0.011002569624357588,1.0568518745602091,28.61435233036791,77.20953963114857
18.28,-0.0030570998362845097,-0.016005865632147533,0.9944283055248657,28.61435276322048,77.2095402846309
18.3,0.008671249203837586,-0.0003585593649959746,1.0070607849683,28.614353193312272,77.20954094047433
18.32,0.03525959305074798,-0.0007084028138301905,1.0019483468612862,28.61435362025207,77.20954159898471
18.34,-0.010154335382994277,-0.010541322364795483,0.9948062627311787,28.61435404544348,77.20954225896138
18.36,-0.03430359941406841,-0.020473194922614287,0.983358590645344,28.61435447260088,77.20954291728863
18.38,0.016518471660613064,-0.005713730961845271,0.9783006402503904,28.614354905849183,77.20954357043058
18.4,0.03366629151855059,0.0325066061815039,0.9772880546894895,28.614355349669367,77.20954421429592
18.42,0.007855367261022489,-0.02723350060927262,1.008104800510983,28.61435579534885,77.20954485649256
18.44,-0.021754973507073363,0.033846260382097516,0.9896065104359273,28.61435623856269,77.20954550089965
18.46,-0.0024778472647040187,-0.005194423421530648,0.9484341429971894,28.61435668042567,77.20954614650941
18.48,-0.022370469684232647,0.0007074283417727823,1.0088971644119664,28.614357118675667,77.20954679530688
18.5,0.012857109879258952,-0.021734216227694544,0.9992347743507168,28.614357557643206,77.2095474434746
18.52,-0.02702580805396869,-0.015425388333549617,1.0269334600280229,28.6143579809618,77.20954810501166
18.54,-0.006002575736564,-0.010058193000760383,1.0074624479418202,28.614358392421142,77.20954877618786
18.56,-0.02008675652587813,-0.020913899417558245,0.970426528073794,28.614358812774444,77.20954944017399
18.58,0.0025364937026992372,-0.004178359147417435,0.9554064671854003,28.614359229292,77.20955010728939
18.6,-0.007326833542755154,-0.008140317836135422,0.9856105523132412,28.6143596401166,77.20955077896994
18.62,0.003535242065005277,0.03701562284871467,0.9874978515861269,28.614360063363016,77.20955144056693
18.64,0.00044701109932731317,-0.023319483713609222,1.0188631840200033,28.614360485639594,77.2095521029676
18.66,-0.01973318055448221,0.0020538103349717453,0.9998225813542085,28.614360904904697,77.20955276784593
18.68,0.012537541270580438,0.004956925638036495,1.0226737699619701,28.614361324202612,77.2095534326974
18.7,-0.0009753130368623061,-0.02140641097303675,0.9735033388859473,28.61436174124468,77.20955409938747
18.72,-0.01977058015731801,0.01373654990905677,1.019305287687609,28.614362157823887,77.20955476645294
18.74,0.04481853112411585,-0.007966540257632562,1.0144197830686184,28.614362570278598,77.20955543683593
18.76,0.009528603334342496,-0.04984779303166135,0.9596353177713761,28.61436297357217,77.20955611441299
18.78,-0.0030652110679861093,0.013196992242091301,1.0264523568252155,28.61436337227024,77.20955679550998
18.8,0.02830409053403647,-0.022338817682047277,1.001869169835327,28.614363763913627,77.20955748189772
18.82,0.036836312187732145,-0.020955498922781982,1.00784089007737,28.614364161906526,77.20955816352968
18.84,-0.002906988446277704,0.013758041657847964,0.9827020777514316,28.614364547686776,77.20955885421256
18.86,0.00694794972869524,-0.006943229648368996,1.0255049402584395,28.614364931555638,77.20955954627598
18.88,-0.019760056360058818,0.018355443011030006,0.9762829534152226,28.614365317794398,77.20956023662627
18.9,-0.00294385501536023,0.024203321907306376,1.0166418403674788,28.61436570151249,77.20956092879818
18.92,-0.003981251075197398,-0.012898569206445958,1.0164121495181735,28.614366088534112,77.20956161857931
18.94,-0.1922868518444067,0.015865249919100613,1.901157797830193,28.61436647471929,77.20956230896851
18.96,0.006655209572740207,-0.015109216027857638,0.5574612567677293,28.61436685907771,77.20956300067927
18.98,0.011196568976561199,0.04466231834264353,1.263887057263363,28.614367247594046,77.2095636893692
19.0,0.004752853125999183,-0.013859140090624302,1.0130778522054205,28.614367635168083,77.20956437874776
19.02,-0.024214852532583292,0.020521748819200082,0.9694575840932849,28.614368026974567,77.20956506501473
19.04,-0.0187693421148217,0.016875800517631514,1.0423546000601713,28.61436842303286,77.20956574810735
19.06,-0.01092815238927346,0.006321756442178677,0.9755088611954982,28.614368825133074,77.20956642660414
19.08,-0.005644811838464576,-0.013410863228333663,1.0204977286553185,28.614369229456365,77.20956710338446
19.1,0.021015485809442267,-0.003027949838828184,0.980104565641366,28.614369637045286,77.20956777761818
19.12,-0.02325877973705826,-0.04307176225889104,0.9876202239430464,28.61437004182483,77.20956845404451
19.14,-0.0071483009634139985,0.004488400767645007,1.0157750808777088,28.614370440070218,77.20956913548513
19.16,0.019060189964280997,0.006992306620567705,1.0205510542735032,28.614370834346225,77.20956981991436
19.18,-0.0059975494899322445,0.0026699883812274293,0.974574315017718,28.61437122276057,77.20957050867896
19.2,0.00920831299685648,-0.05946612342585115,1.0218094433811398,28.61437160578944,77.2095712013461
19.22,-0.0027908408585580707,-0.02531272890179622,1.020899609902664,28.614371994436713,77.20957188994018
19.24,0.005135665146494457,-0.014961819656973253,0.9812409318231021,28.614372385101213,77.20957257705146
19.26,-0.004569450876190811,0.005833178663780922,1.0319729518718221,28.61437276497123,77.20957327197223
19.28,0.013341309454567081,0.00578677811285969,0.9708628474350393,28.614373148158137,77.20957396452594
19.3,-0.030901128148128707,-0.0034044758394235846,0.9875045483444477,28.61437352000885,77.20957466505237
19.32,-0.0072662401677709015,0.012704910732079133,1.0095800524818397,28.614373894422005,77.20957536380547
19.34,0.005931453533886163,-0.020524847506058,0.9829286743059479,28.61437428131569,77.20957605367978
19.36,0.010673904960123859,0.012204700113879925,1.0052763817135868,28.614374669705757,77.20957674246218
19.38,0.029859052455076553,0.009494842096797821,1.0048215215760659,28.614375052963133,77.2095774349653
19.4,-0.007820493337311529,0.007551094656758211,0.9962585146015456,28.61437542605545,77.20957813463457
19.42,0.029589635237217457,-0.0036408086217131165,1.0166480107718112,28.614375808184207,77.20957882794654
19.44,-0.013180476533193411,0.03661487649662524,0.9954327841468472,28.61437618525881,77.2095795248401
19.46,0.026572928230892873,0.009863913769797573,1.004630821376276,28.614376556854374,77.2095802255422
19.48,0.01634934253396745,-0.01936671726507118,1.022929437549758,28.614376920413505,77.2095809316936
19.5,-0.018269171592644455,0.004966109514719684,1.0158137242005167,28.614377300399838,77.20958162653187
19.52,0.006140784745036438,0.01504966754148437,1.0157203458162842,28.61437767022827,77.2095823284461
19.54,-0.0010247167106438308,-0.011762171978486191,0.9770164079556644,28.614378037336344,77.20958303221096
19.56,0.01251169187350001,0.02178544493862198,1.0104958515100264,28.614378401607006,77.20958373788639
19.58,-0.004465431768666191,0.007640674114320214,0.9824300241806099,28.61437875942167,77.209584447835
19.6,-0.00614492451323463,-0.04684956675330694,0.9743717004044394,28.61437912965853,77.20958514946979
19.62,0.027381891655257028,0.005993439546758527,0.9985658730743007,28.614379493624654,77.2095858553491
19.64,-0.001974417889113459,-0.008120583088254307,0.9819140962669682,28.614379842772987,77.20958657087496
19.66,0.016528446483835328,0.01074359629083472,1.0158123543767996,28.614380200485304,77.2095872808905
19.68,-0.004507029700883996,0.018884296805036286,1.0162907091939064,28.61438055859891,77.20958799064351
19.7,-0.04095766052387847,0.0039032409428363603,2.0239394087859166,28.614380916479085,77.20958870054929
19.72,-0.013566692586709868,0.03330504467889391,0.2976549244920188,28.614381272135578,77.2095894119037
19.74,-0.012282870624943694,-0.003574137691269915,1.1439189189766923,28.614381625128356,77.20959012497772
19.76,0.03049034362231806,0.012496356461077504,0.9907474144681422,28.61438198231656,77.20959083533559
19.78,-0.008898927817905057,0.016098851472746947,1.0091035133973765,28.614382339255602,77.20959154585594
19.8,0.032021486123287854,-0.0019469193778546552,0.9951542380364322,28.6143826852627,77.20959226335913
19.82,0.017836811591896255,0.015575486159555646,0.9882048151866573,28.614383028708723,77.20959298245722
19.84,-0.0030929941312166694,-0.011893459743243375,1.0260035305362627,28.614383369827777,77.20959370299114
19.86,-0.03626586944034317,-0.00845136838042437,0.9539028565480743,28.614383715457812,77.20959442073011
19.88,-0.0003863660854367135,-0.02624977380672625,1.0247374378703644,28.6143840526195,77.209595143677
19.9,0.0020326010706684934,0.004828182327400939,0.9891142341368903,28.614384391157085,77.20959586578907
19.92,0.02334435466608746,0.0065050335170868815,0.9984378197977443,28.614384742618746,77.20959657984382
19.94,0.03176894352480224,0.023585263171584585,0.9894527332455978,28.614385091443314,77.20959729557458
19.96,-0.013699743582874954,0.015822800087117672,1.0308577621107824,28.614385435817447,77.20959801409649
19.98,0.016023635279763655,-0.005695911132948663,0.9753804300638949,28.61438578207479,77.20959873144302
20.0,0.01530804312026699,-0.02356359374668554,1.0002347273944387,28.614386142301285,77.20959943980726
20.02,0.021468254048208905,0.00865700805039948,1.0105487730372,28.614386509446266,77.20960014354719
20.04,0.00997379824271089,0.02221506344829284,0.9677799446422967,28.61438687730222,77.20960084680517
20.06,-0.0388499538192354,0.015103699476078867,0.9816020365910769,28.614387247565702,77.20960154842179
20.08,-0.003108448650555194,0.02168955049714575,0.9970364293300354,28.614387615105226,77.20960225189442
20.1,-0.023114151498338304,-0.004237790623964851,0.9822666993063125,28.614387978984425,77.20960295783195
20.12,-0.0040521154583614775,-0.00933237936351291,0.983688164575617,28.61438834556102,77.20960366195627
20.14,0.01960008472267788,-0.01473802704463598,0.9930027467384712,28.614388720748913,77.20960436017002
20.16,0.006103016717499453,-0.0011179293322719102,1.0129916266329235,28.614389086990258,77.20960506452067
20.18,0.022961817327948657,-0.0015718159193763882,0.9931456444624371,28.614389449759678,77.20960577119898
20.2,0.006835078414270787,0.004133552570782324,1.021568523889459,28.614389808355813,77.20960648063584
20.22,-0.02596651879337805,-0.00258594914071016,0.9800448443468129,28.614390164556898,77.20960719163665
20.24,-0.050416940131454695,-0.002672554594535425,0.9749615547905309,28.614390513887013,77.20960790704744
20.26,0.0029761752335918067,-0.015533881059442879,1.0385269081144226,28.61439086560799,77.20960862093654
20.28,-0.004278529327023307,0.018832380271029816,0.9868408374466898,28.614391212125867,77.20960933811985
20.3,-0.019538914787637644,0.001530361244874226,0.9737817598585568,28.614391554427222,77.20961005792589
20.32,-0.03401254499302756,-0.0034888786857056433,0.9651589211645634,28.614391892706543,77.20961078019504
20.34,-0.014694864269454185,-0.014948585064984095,1.0215020690761787,28.614392238536112,77.20961149780933
20.36,-0.0038898296972955213,-0.02663826220782172,0.9931739097067989,28.614392583488915,77.209612215971
20.38,0.013317556474127802,0.026159283850986873,0.994925805298672,28.614392925998963,77.20961293564822
20.4,0.003772621631359601,0.011092774162636144,0.9968159657682673,28.614393257216165,77.20961366215215
20.42,0.03216134494345458,-0.03247835685139935,1.0202588576933955,28.61439358779639,77.20961438903245
20.44,-0.020712081120907885,0.01526284601419314,0.9964094033204816,28.61439391145335,77.20961511994454
20.46,0.26954721444629326,0.018449623404662184,2.04419237914353,28.61439424461199,77.20961584529566
20.48,0.0009459748625745585,0.0024875224460185904,0.4657886319154845,28.614394582324532,77.20961656790891
20.5,0.013893382482371692,0.03196221791503518,1.1269577240590134,28.614394917248386,77.2096172922044
20.52,-0.008730297265310872,0.0043343928424576595,1.016104797158088,28.614395249432594,77.2096180181352
20.54,0.021433607477811797,-0.0283364705589838,0.9992710535948393,28.614395586175664,77.2096187413353
20.56,0.0059044951669048554,0.00730338002096642,0.9882605802795907,28.614395916835658,77.20961946816854
20.58,-0.013588899698354988,0.004897946034254585,1.0066392785713312,28.614396248564066,77.20962019436976
20.6,-0.00024048057826376297,-0.012065936975563098,1.0102019746241455,28.614396581508263,77.20962091984865
20.62,-0.00479111717874199,0.011471176737548501,0.9885482790374694,28.6143969149518,77.20962164502988
20.64,0.009783567012755874,-0.033353305323817244,1.003326777319013,28.6143972398439,77.20962237523058
20.66,-0.023595534987490174,0.01981133654885579,1.0247240995651918,28.614397557736506,77.20962310941806
20.68,-0.000587034042313891,-0.017562434072109053,1.0413989547813935,28.614397863436345,77.20962385029421
20.7,0.007906145052986617,-0.01969892250234065,1.0170873864069885,28.61439816555134,77.20962459307606
20.72,0.0006604661438606647,-0.002276495446149538,1.0372551937276056,28.6143984550201,77.20962534236422
20.74,0.026938824887779912,0.008659458560872708,0.9874125157758709,28.614398742921836,77.20962609243541
20.76,0.01548045548142105,0.0032784812718685925,1.0140376450411859,28.614399031655825,77.20962684209137
20.78,-0.0001496159348149323,-0.014853183315447565,1.0267703901716254,28.61439932327038,77.20962759029908
20.8,0.004333781949953463,-0.01012178582383777,0.9820733333405601,28.61439961604184,77.20962833792031
20.82,0.005913311029639992,-0.022660846947549242,0.9902881977590998,28.614399909647723,77.2096290851168
20.84,0.008065992083336481,-0.004493598032597403,1.034758095236705,28.614400207744215,77.2096298300025
20.86,-0.03651315991329216,0.021500424290218194,0.9804980228842612,28.61440050969772,77.20963057286957
20.88,-0.006030525915386943,-8.525875287752328e-05,0.9731773993468857,28.61440080768365,77.20963131781266
20.9,-0.029688781363868526,0.017188285095189063,1.0305596314727903,28.61440110885804,77.20963206109003
20.92,0.025565618949189732,0.029108026754523834,1.0239352644996087,28.614401421083276,77.20963279842663
20.94,-0.0012169904000585547,-0.01176037038073934,1.0086424048796754,28.61440174459553,77.2096335294219
20.96,-0.0038668189935924554,-0.0037314650611072935,0.9990857849070834,28.614402081494767,77.20963425252766
20.98,0.017935946640664703,0.043423857221249904,0.9912295098879004,28.614402427357934,77.20963497012102
21.0,0.008446495948997493,0.028886868239598906,1.005638977476181,28.614402780754993,77.20963568293529
21.02,-0.022572690287584143,-0.03344809051624705,1.031596139148031,28.614403140230166,77.20963639179473
21.04,-0.001418107250547376,0.0077429663212181315,1.0047713225228416,28.614403497923945,77.20963710182255
21.06,-0.006703339464527697,1.1199846793907994e-05,1.0433391853449394,28.61440386351702,77.20963780661019
21.08,-0.03489065777212108,0.016529062217175247,0.9820411602871953,28.6144042347831,77.20963850753908
21.1,-0.013805524664744093,-0.014899575349701107,0.9996063849134346,28.614404617257797,77.20963920060368
21.12,-0.0036708064403293116,-0.016792167440813445,0.9925388266467217,28.61440500374212,77.20963989077588
21.14,-0.0022990186298368523,-0.013521414305872191,0.9782971691367534,28.614405385830484,77.20964058411693
21.16,-0.029644628473546174,-0.011438570923968657,0.9969383253398069,28.614405768061093,77.20964127735624
21.18,0.02303331166094951,0.016306483336180285,1.0083465860332088,28.614406149792618,77.2096419709523
21.2,-0.0020420611778287786,-0.0236240234629776,1.0104846035990407,28.61440653153604,77.20964266453989
21.22,-0.1679052409119988,-0.012452277999186379,1.9157091803651962,28.614406921070678,77.20964335248325
21.24,0.008012832766796733,-0.03578024781002882,0.5482408192323778,28.614407313070615,77.20964403860711
21.26,-0.015761525078073425,0.020142356468247462,1.2341355507033493,28.61440770373861,77.20964472571603
21.28,0.009127119462653925,0.02542060198862281,1.0013218849259795,28.61440808854009,77.20964541710734
21.3,-0.00734149292036366,-0.00654146861727573,1.033561112009052,28.614408471132148,77.2096461100879
21.32,-0.01793171081294383,-0.00595898729626446,1.0479689857117613,28.614408848352323,77.20964680687943
21.34,0.011468949867107978,0.009064438045657945,1.010621702619519,28.614409232194486,77.20964749896237
21.36,0.029833477176036155,0.029489640147565114,0.9801468196909684,28.614409625126527,77.20964818439404
21.38,0.014496587469716635,0.008172214951278345,0.9890238995444567,28.61441002854227,77.20964886187703
21.4,0.018459551302808616,-0.013950838849502292,1.0056386860641033,28.614410427085208,77.20964954309213
21.42,-0.01041261213124598,-0.03237645143972881,1.0091299607050128,28.61441083419613,77.20965021770074
21.44,-0.031952394583369126,-0.022302525253269753,1.0139685026876875,28.61441123499666,77.20965089719493
21.46,0.029802750441996824,0.001464389006249301,1.009203953624601,28.614411638453507,77.20965157464616
21.48,0.0410902977880952,-0.013106550464015888,1.0001396983251187,28.614412031930378,77.20965225967217
21.5,0.03085613547539364,0.0038993541198151724,0.9872760311759574,28.614412428101087,77.20965294268048
21.52,-0.0067157187795949935,-0.01105848032472468,1.0080227652252847,28.614412826629874,77.20965362390633
21.54,-0.023092686774576886,-0.02116292862588823,1.037099747149613,28.614413224758078,77.20965430543608
21.56,-0.021313653956391333,-0.023540632629061423,1.0203985721085551,28.61441362536347,77.2096549850796
21.58,-0.033674651352280975,0.031247090187464594,1.010694078992724,28.614414023471035,77.20965566662498
21.6,-0.002147572368200907,0.017779754983672864,1.0205913384764551,28.614414427807358,77.2096563433955
21.62,0.03211355916164909,0.03461035903655917,0.992578719421983,28.614414831035944,77.20965702102308
21.64,-0.002833252637444865,0.010799018015102057,0.9898346970783336,28.61441523871963,77.20965769518274
21.66,0.006046458006965499,-0.008599828172296781,0.9850442979126803,28.614415647618895,77.20965836838643
21.68,0.02751193928608417,0.02646681844979876,0.9974942675446112,28.614416064606203,77.20965903512128
21.7,-0.008081906236647993,-0.0006613600272353574,0.9915598820658184,28.61441647647215,77.20965970597415
21.72,0.0407106291343919,0.004416835405807047,1.0241654948130428,28.614416890431063,77.2096603751533
21.74,0.039841888149949066,-0.00085648758151038,0.9904935316463562,28.614417298991224,77.20966104862411
21.76,-0.0026222267736096534,-0.05893808438568029,0.9839455656755016,28.61441771189726,77.20966171864683
21.78,-0.011550685280384257,0.03209470024589706,1.0388515435766126,28.614418124856588,77.20966238862692
21.8,0.01394476092780626,0.00982007891915507,0.9909724953783732,28.614418532352378,77.209663062934
21.82,-0.0069504988503771604,0.006596461217370201,1.003070569145007,28.614418946778134,77.2096637317381
21.84,-0.023131104341346728,-0.001235521245411214,1.0090264564948683,28.61441936636799,77.2096643963509
21.86,0.025624773070459607,0.0032685564077226197,0.9772661376215837,28.614419781214934,77.2096650648161
21.88,0.0243289477455416,-0.011945578716924954,1.0247096753900613,28.614420188117442,77.2096657395879
21.9,0.0031102320752712164,0.012331587046145422,1.0127423808082245,28.61442059492392,77.20966641443485
21.92,-0.02525729507456356,-0.02614196688798265,1.0311676802376157,28.61442100745514,77.20966708475711
21.94,-0.024590525024347724,0.003721368649410938,0.986415561255638,28.614421421855138,77.20966775358195
21.96,0.002144585768383055,0.01123146941142209,1.0019825158495232,28.614421824610766,77.20966843157447
21.98,0.03379854626183274,-0.00397338267645806,1.7831959149725272,28.614422235267455,77.20966910338865
22.0,-0.0068218586428321635,0.007417355849420495,0.4415583716698106,28.614422642804584,77.20966977766332
22.02,0.02043926310120007,-0.019826687844685005,1.1491161634663507,28.614423049598404,77.20967045252019
22.04,0.014663586348451154,-0.019316535417919282,1.0022167275738445,28.614423463215658,77.20967112197347
22.06,0.027562853609952257,0.004734342420527863,0.971470721771525,28.614423878674923,77.20967178994505
22.08,-0.019812464467545154,0.013570993092421033,1.0071666814239384,28.614424304647702,77.20967244926801
22.1,-0.00686383137373424,-0.03749731311003422,0.9574270175096296,28.61442472895051,77.2096731099868
22.12,0.015179633909202255,0.010440412702215332,0.9629682633141883,28.61442515073775,77.20967377279231
22.14,0.008961566820257835,-0.010864030007526742,1.0163709743287999,28.614425580434453,77.20967442897215
22.16,0.030647607651752437,-0.0038561217461482496,0.9890632308961044,28.61442600691813,77.2096750878664
22.18,0.008410734118081386,-0.026790358471300745,0.9802428385273552,28.614426437239604,77.20967574351475
22.2,0.03696218208211105,-0.017032344803734164,1.025416912421511,28.614426871898342,77.20967639544001
22.22,0.010800356034462815,0.019322506510606227,1.0065525243465683,28.61442731211824,77.20967704250508
22.24,0.021243348951773204,0.0006572674796042635,1.0174418039106756,28.61442774857027,77.2096776928738
22.26,-0.006470298935689143,-0.0076555680341911705,0.9966751585535834,28.614428194517245,77.20967833482987
22.28,0.0002857442376797813,-0.002329767052620695,1.053592573878,28.61442864936428,77.20967896863145
22.3,0.018218888076789504,0.009784236493286023,0.9879097227888041,28.614429107498047,77.20967959935378
22.32,0.032259563411861085,0.008809889923266754,1.0348899109871978,28.614429568711937,77.20968022715644
22.34,0.014584738986215061,-0.0015005400079360174,0.9987726791980017,28.614430026463374,77.20968085823888
22.36,-0.0016634354386923897,0.021859182217933367,0.9669097921017451,28.614430484719534,77.20968148884583
22.38,0.027546700590566835,0.019409252738133324,1.0096569749149622,28.614430943470566,77.20968211898571
22.4,-0.043839573125597615,0.008267440582607914,1.0062952512291032,28.614431411121437,77.20968274057853
22.42,-0.02844469003013747,0.001092235658201409,0.9789735637152154,28.61443188002811,77.2096833609425
22.44,0.01363268447336778,0.013146421902390782,0.9815556144573057,28.614432361910676,77.20968396826639
22.46,0.0002821671250624971,0.006285348436023668,0.9995060471383002,28.614432842525886,77.20968457689203
22.48,0.012110273022483305,0.02121600143611895,1.0069949563049596,28.614433319511402,77.20968518921174
22.5,0.001288150448638841,0.017991227534766153,0.950586734342412,28.61443380067261,77.20968579727733
22.52,0.011418913892077455,-0.02036507802835457,1.021062429050476,28.614434279826888,77.20968640739588
22.54,-0.016288056419863813,-0.021719263414834128,0.9901100405237004,28.61443476132807,77.20968701511217
22.56,0.011409721721593815,-0.014024990888081526,0.9733650503120365,28.61443523621964,77.20968762954021
22.58,0.01988829056415169,0.019522773801338423,1.0188213310290386,28.614435709880112,77.20968824520014
22.6,0.02441101207862465,-0.03152617993542491,0.9995276404116309,28.614436189128416,77.20968885522286
22.62,0.040271085892974,0.007895147782159866,1.024323315535645,28.61443666207326,77.20968947159628
22.64,0.004881968870047731,0.007250861821859227,1.0087590452595951,28.614437130527065,77.20969009240409
22.66,0.005478221736943578,0.023252961173723854,0.9999697099410391,28.614437601223003,77.20969071100731
22.68,-0.030463449283476957,0.0036067738132777487,0.9969454011003969,28.6144380692223,77.2096913322598
22.7,-0.0106282280227685,-0.026864187811678014,1.0096542552111227,28.614438534601007,77.20969195606155
22.72,-0.003861641480132253,-0.01918709921296246,0.9917293748238134,28.614439002306156,77.2096925776014
22.74,-0.24866018323203903,-0.023639910437956494,2.081678722949566,28.614439469653014,77.20969319949089
22.76,-0.012220022481792584,-0.010758879326662807,0.3544927361418624,28.614439935663547,77.20969382268028
22.78,0.015926800394976647,-0.003658031348478538,1.0986444030290692,28.614440405359638,77.2096944422689
22.8,-3.243433926760247e-05,-0.023308830524421138,1.0006713529613802,28.614440867689332,77.20969506900575
22.82,-0.0035433623022952383,0.029413239813045788,1.021787596723092,28.61444134080635,77.2096956852077
22.84,0.004977879382665129,-0.026505627439048822,0.9977224678452852,28.61444181025071,77.20969630504383
22.86,-0.007823127445056852,0.026922068477249612,1.0003006785108357,28.61444228628956,77.20969691831881
22.88,-0.00858074496185331,0.023703260628786808,0.9880070097709813,28.614442763638102,77.20969753027138
22.9,-0.03409571811580229,0.017966050993780708,1.008614798679637,28.614443249511037,77.20969813345573
22.92,-0.004959084146557793,-0.01387533214993501,1.0069965582536018,28.614443742325907,77.20969872928738
22.94,-0.00959936292297453,0.0068490175835380284,1.018015502635811,28.614444235596075,77.20969932462995
22.96,-0.010319619786981591,-0.02554742267101236,0.9884174232598625,28.614444728485953,77.20969992038108
22.98,0.008337461251800807,0.018218140700674984,0.9908436606081963,28.614445215805635,77.20970052204908
23.0,0.013172639055810193,-0.0014796956307253776,1.0158427479829093,28.614445705229272,77.20970112149693
23.02,0.004643890092846552,-0.008186404291733704,1.0050442600672573,28.614446191399907,77.20970172436995
23.04,0.01990830380898949,-0.024474896933125385,0.9818756374761461,28.614446677624844,77.20970232718614
23.06,0.011511238516607304,-0.04955012237258034,1.02613108135469,28.614447160783342,77.20970293319324
23.08,-0.005901123796112843,-0.02077081714071512,0.966030988631995,28.61444764972195,77.2097035331545
23.1,-0.009257125714287596,0.02225596391225813,1.015685695065275,28.61444813819263,77.20970413361015
23.12,0.006256444735336929,-0.00805666856949608,0.974695759280036,28.614448624692606,77.20970473613832
23.14,0.011475342198038016,-0.003386577142300946,1.0377157703297106,28.614449113813432,77.20970533590682
23.16,0.027956886140629966,0.013111087165769055,0.9691080054618876,28.61444960092503,77.20970593779344
23.18,0.023823460898801913,0.0361133775623253,1.0230450130374549,28.614450085516317,77.20970654231422
23.2,-0.01082946013014338,0.026500093098912773,0.9983673127997751,28.614450572849147,77.20970714396842
23.22,-0.002040125602545234,-0.01944670007632376,0.9926679486032252,28.614451056071797,77.20970774990916
23.24,0.0134203560983554,-0.03885141142874813,1.0037079331293552,28.614451551415275,77.20970834301377
23.26,0.02135995556117944,0.047192285182002074,1.0126380067831562,28.614452056639916,77.20970892520259
23.28,0.01877938937409584,0.045379832233189074,0.9819119899533826,28.61445256712315,77.20970950140827
23.3,-0.0012775566566269336,0.003769071928585654,0.9836842454966286,28.614453076181213,77.20971007924774
23.32,-0.02508045304857033,-0.025409764911636434,1.0129920973022577,28.614453589054424,77.20971065269283
23.34,-0.019978727524911827,0.019264530677878783,0.965853140927008,28.614454108615853,77.20971121827132
23.36,0.005452670286388286,-0.0021596737202522038,0.9883154181361583,28.614454628616873,77.20971178332533
23.38,0.006844511588486911,-0.00225962246213221,1.0608137390831889,28.614455148119752,77.20971234897361
23.4,-0.0219735874686877,0.01788917686210258,0.9806397407082144,28.61445567077303,77.20971291084336
23.42,0.0008913922177854327,0.0066874949374659725,1.022956055835195,28.614456199231856,77.20971346562187
23.44,0.012624487139435663,-0.023716298220298904,0.9882809846257238,28.614456727656112,77.20971402044312
23.46,-0.023024533150142884,-0.006494838701639478,1.010180902895943,28.614457252191908,77.20971458003187
23.48,0.022099944036088292,0.013223058573226932,1.0130871138119244,28.614457782653783,77.20971513232423
23.5,0.06988368174189892,0.010205044448100371,1.966610910756157,28.614458305384616,77.20971569410038
23.52,0.02515226225153302,0.005240331487169515,0.40811809912405517,28.614458830901423,77.20971625249351
23.54,-0.010669048915518009,0.018668459089517284,1.3154158615902958,28.614459359528585,77.20971680706388
23.56,-0.02053250965768358,-0.007234339756345291,0.9882132687082964,28.614459887501532,77.20971736244238
23.58,-0.009162739796834391,0.0035733955043814407,1.0046844082719912,28.6144604149706,77.20971791844181
23.6,-0.001902962461546403,-0.067511582003552,1.0049055386443522,28.61446095321084,77.20971846088082
23.62,-0.007769598135429619,-0.008993003876856278,0.9775606376010116,28.614461491965848,77.20971900265631
23.64,-0.004320028431462267,0.015278058171512888,0.9942825549004176,28.614462027962883,77.20971954796998
23.66,0.006679302993523807,-0.007807889342342851,1.0032302699847682,28.61446255901091,77.20972009953094
23.68,-0.0034235873959279884,-0.00932454783434224,0.9913575791374116,28.614463090619097,77.20972065039125
23.7,-0.0013222478790401407,-0.02082905903549637,1.0488184793091306,28.61446362394589,77.20972119909169
23.72,-0.03418452798405192,0.020067317854582913,0.9832275265280094,28.614464153768044,77.20972175218034
23.74,0.007833960320209454,0.010969265470811413,1.0235884893628087,28.614464674805934,77.20972231599363
23.76,-0.0017840659538333596,0.0165082919564617,1.0171291962629758,28.614465195380618,77.20972288036187
23.78,0.03220585960965742,-0.03452427923915779,0.9997227573099146,28.614465716858156,77.20972344364748
23.8,-0.018791303345079165,-0.003209000865312679,0.9826958189229551,28.614466232079643,77.20972401435456
23.82,-0.03616590656999029,-0.005602220155000124,0.9846348935921646,28.614466752928397,77.20972457839459
23.84,0.012361369878600838,-0.005611434131971051,0.9896406540156698,28.614467273466843,77.20972514280619
23.86,0.006930540366260008,-0.012320550874359118,0.9642851743610747,28.61446778192625,77.20972572132929
23.88,-0.020168660410622916,-0.006922085435600305,0.9799306914840142,28.614468288077898,77.20972630247242
23.9,-0.03059497910008183,0.016992895654133037,0.9703504696927272,28.614468790302855,77.20972688801949
23.92,0.0307479346136858,-0.038257027066956585,1.0269175000635544,28.614469294214704,77.20972747168291
23.94,0.028282207812135637,0.03554589536060907,1.0123692478477644,28.614469795113838,77.2097280587018
23.96,-0.04974913517412259,0.009676822500529229,1.0157194819773092,28.614470289710507,77.2097286526147
23.98,-0.009164460585130018,-0.0008466379132042552,1.011776639030839,28.61447079214469,77.20972923792883
24.0,0.03328384109567799,0.018136682927458524,1.0033393524666832,28.614471295073383,77.2097298226916
24.02,-0.00952125115555734,-0.0290366949033687,1.0292136066425828,28.614471796203606,77.20973040945451
24.04,-0.009812244680533053,-0.01329401810302028,0.9877847468853652,28.614472297624058,77.2097309958956
24.06,-0.005655186552587367,-0.0024215086478110775,1.0021333931073408,28.614472801546384,77.20973157954731
24.08,-0.022417939475363188,0.02731120740864355,1.0149411765564824,28.614473298271456,77.20973217115078
24.1,-0.03409551488456088,-0.0009299316225311585,0.9735758153628774,28.614473793937957,77.20973276390522
24.12,0.021050946214694975,0.009001093423702925,1.061931777922851,28.614474293240598,77.20973335268638
24.14,-0.036858738124953515,-0.011791579918722555,1.0005713152555518,28.61447478743196,77.20973394703695
24.16,0.004945429042175118,0.00973684137934982,1.002839789011512,28.6144752743247,77.20973454915347
24.18,0.017731589855152993,0.03354479185948914,1.0251375606334985,28.614475755156196,77.20973515755765
24.2,-0.02902452597802317,0.019910533833482284,1.0182991066602045,28.61447623820333,77.2097357636801
24.22,-0.018485368051901433,-0.0016291197555575886,1.0007615603879292,28.614476723228684,77.20973636774914
24.24,0.0242635837678318,0.013509816945309394,1.0026025887619607,28.614477213743182,77.20973696603906
24.26,0.2643528131635637,0.011550339092144235,1.7610028447873374,28.614477702922095,77.20973756574625
24.28,-0.012345714137577743,0.010131753433945513,0.4483158161319053,28.614478186288135,77.20973817153873
24.3,0.024044980067223422,0.022239067217208176,1.272141284457417,28.61447866664617,77.20973878042803
24.32,0.02413071446908605,0.02208955407674933,1.0088778567808578,28.614479137565784,77.20973939881056
24.34,0.005381053860314142,-0.0025431719374976857,1.0244233150000817,28.614479618929472,77.20974000666843
24.36,-0.018003204557473257,0.012837581229555384,0.9975899788355335,28.614480099544668,77.20974061529435
24.38,-0.008268974069435907,-0.007661898423195875,0.9722542697313826,28.61448057569983,77.20974122845237
24.4,0.005727734879107803,-0.01846144792631155,1.0211346086155135,28.614481055123644,77.20974183829638
24.42,-0.0037718965829497647,-0.005389875114079729,1.0287217869236402,28.614481540574328,77.20974244192195
24.44,0.018779143564697027,-0.0015255630347916535,1.0179648914571247,28.614482032386295,77.20974303882812
24.46,-0.030595481602186725,-0.03323161978355984,0.9967273265828501,28.61448252365093,77.20974363631888
24.48,-0.029885270581324775,0.017206651188334407,1.0208877210375316,28.614483021340835,77.20974422686925
24.5,0.0036174222296486485,-0.055346508452047964,1.0685782095601644,28.61448351134046,77.20974482570642
24.52,-0.009830888276138091,0.05429633878972643,1.0023030462888096,28.614483998626593,77.20974542740989
24.54,-0.012540972293954818,0.030037582675926378,0.9737652661550975,28.614484486972074,77.20974602799787
24.56,-0.035361134383487945,-0.005220174483446272,0.9882742990089569,28.614484975741806,77.20974662813786
24.58,0.00039091689596363515,0.00018852721127546475,1.012509520006081,28.61448545878303,77.20974723426649
24.6,-0.0010551021600153133,0.006059437471745663,0.9679039137820388,28.61448593464615,77.20974784771867
24.62,0.013069579639034814,-0.011783207759778841,1.0033880614982413,28.61448641551784,77.20974845608168
24.64,0.001378122662419442,0.003852382951738727,1.0076067330063176,28.61448690029208,77.2097490604123
24.66,-0.002652081564809935,-0.002879999554033222,1.030702434796253,28.614487386958935,77.20974966276582
24.68,0.023540012735806744,-0.0018854543446193198,1.026203897121086,28.614487876919082,77.20975026164493
24.7,-0.026249346068971,0.0036292212696127737,1.0172916958350353,28.614488376287134,77.20975085035418
24.72,0.010727784376951524,-0.02627055596707989,0.9567464197897094,28.614488879849898,77.20975143440855
24.74,-0.033422943295906976,0.0007913944826729627,1.0184210625609584,28.61448938700874,77.20975201441124
24.76,-0.016767237600016156,0.003268954932349545,1.0141102677212048,28.61448990024164,77.20975258743879
24.78,-0.024253142652466277,0.002576992427118286,1.0051188875415669,28.614490411254792,77.20975316303483
24.8,0.015638850709038365,-0.004316615108723089,0.9653955574770903,28.614490922903308,77.20975373789801
24.82,-0.0013082046719078801,0.022757155519387437,0.9844645218162588,28.614491431426952,77.20975431634798
24.84,-0.00027006489185953504,-0.007073051097631023,0.9766635446093187,28.61449194492655,77.20975488906542
24.86,-0.02213465975458902,0.004546518136463807,0.9596998312098581,28.614492455228802,77.2097554654793
24.88,-0.005993869918657784,0.025945950678510913,0.9999416969717041,28.614492964798224,77.20975604273384
24.9,-0.015269306066182233,-0.001587522800406246,0.9840435575711444,28.61449347713931,77.20975661679607
24.92,0.0076691002970843206,0.004289265349351027,1.0525061116053782,28.61449398133006,77.20975720014701
24.94,-0.019821822706632273,-0.001927692726297942,0.9966245612112418,28.61449448494332,77.2097577841449
24.96,0.026595887304101517,0.024747395871271984,1.0258750631173192,28.614494991249035,77.209758365114
24.98,-0.033511608992481894,-0.005154491231725906,0.9686180195061355,28.614495496119442,77.20975894770167
25.0,-0.016130396649131226,0.02566709154576411,0.9893982082799027,28.614496005807787,77.20975952481997
25.02,0.03174382955586349,-0.002071757892941294,1.7967040051073702,28.614496516390897,77.20976010091105
25.04,-0.008702774959240689,-0.017189194468960337,0.4199555005238489,28.61449701660793,77.20976068868434
25.06,-0.02629757328808824,0.013587463411482422,1.1233414963379855,28.61449752587699,77.20976126628275
25.08,0.004381431250753374,-0.006093356675113121,0.9956409818751292,28.614498037817295,77.20976184080877
25.1,-0.009507844844290845,0.012410017981983257,0.9953218402911022,28.61449855050143,77.20976241447346
25.12,-0.016717405112366118,-0.05458808769847468,1.0371023714607068,28.61449906502731,77.20976298599447
25.14,-0.021917416215974348,0.00010410523789892762,1.0075645257086303,28.61449958205856,77.20976355457398
25.16,0.05536747211251886,-0.009192105975149608,1.009590211258826,28.614500090564547,77.20976413304413
25.18,-0.0050310380036827276,-0.021265173730625562,1.0107930954869013,28.6145006018803,77.20976470829142
25.2,-0.03851134720665755,-0.011064820036795988,1.0122525275467422,28.614501111188048,77.20976528584559
25.22,0.029874195180110683,-0.011474062885853032,0.9983422603225027,28.614501623591966,77.20976585983509
25.24,0.012221418102211414,-0.0009597158970116226,0.9935850725704231,28.614502133980373,77.20976643615003
25.26,-0.015329328620395755,-0.027346529225699117,1.0033363211903656,28.61450263961268,77.2097670178797
25.28,-0.018662381773722835,0.006325475605194274,1.0231360789782695,28.614503145624663,77.20976759918082
25.3,0.013469455923164616,0.02732429570411576,1.0225247637687276,28.61450365454634,77.20976817717644
25.32,-0.004938366549789093,0.005618569938956527,0.9951920304862317,28.614504164094363,77.20976875445555
25.34,-0.03851955636890202,0.01617977218458018,1.0153568738933623,28.614504670923484,77.2097693348322
25.36,0.03574479929209337,0.02189124909227591,0.9961083067392067,28.614505173319092,77.20976992018949
25.38,-0.00867980924431914,0.024729790243683537,1.0006774109887049,28.614505674392273,77.20977050701579
25.4,0.029911434729648526,0.037402773856426104,0.990529532368916,28.614506175874805,77.20977109338817
25.42,0.0255686991593143,-0.009984039965518606,0.9963670972218753,28.61450667073376,77.2097716870177
25.44,-0.020020190889656283,-0.014369679703222329,1.0268266013909937,28.614507168848355,77.2097722771034
25.46,0.020663797287262958,0.015669312966494695,1.0018484229467848,28.614507669094237,77.2097728648449
25.48,-0.013028850997273625,0.014165324393147995,1.0027056501710463,28.614508160005474,77.20977346271259
25.5,-0.03733401173607884,0.015513505992313785,0.9710556444148408,28.61450865142426,77.20977406003898
25.52,-0.008491963320442851,0.03778564908500504,0.9938151218473454,28.614509139376562,77.20977466104165
25.54,0.00795275003552558,0.00022739817596988333,0.9951737019251055,28.61450963198881,77.20977525709105
25.56,-0.009254732959926758,0.008523131192923698,0.9834171302911319,28.614510119338803,77.20977585872755
25.58,-0.0061409668185020295,-0.0196077650296695,1.0004333082340713,28.614510612733444,77.20977645393664
25.6,0.02287132089857226,0.042706422479519154,0.9914163541954469,28.61451111249131,77.20977704221663
25.62,0.002129879605801837,-0.0067308984241822205,1.0015999171048717,28.614511607620337,77.2097776355539
25.64,-0.01686596622569905,-0.006164318563216599,1.0024300601963787,28.61451210462864,77.20977822684884
25.66,0.014040606473346531,-0.0069349978201648545,0.9808849128435471,28.614512602893615,77.2097788167698
25.68,0.003953511339084903,-0.012897917172886755,0.9920259643503362,28.61451309892404,77.20977940912931
25.7,-0.05043209602924086,-0.014588740976952985,1.0015474856552167,28.614513596460792,77.20977999984729
25.72,0.008567058275428974,-0.010474085657790504,1.0236859886231344,28.614514099403273,77.20978058459491
25.74,0.007836574154322033,-0.027315918561018893,1.0051343834559148,28.614514605252886,77.20978116607945
25.76,0.0004024225916171997,-0.015706358405264766,0.9867612964016514,28.614515116054378,77.20978174191937
25.78,0.23036405664959772,0.038979262228952385,1.7440257434846773,28.614515620950836,77.20978232447786
25.8,-0.013447871686530045,0.014713102872827373,0.351632556801293,28.614516119644694,77.20978291392838
25.82,0.0067299957764180175,0.01851808353455436,1.2459454211083036,28.6145166226712,77.20978349858223
25.84,-0.031339187423347056,0.023544175748338298,1.0109505306087123,28.614517123458,77.20978408572573
25.86,0.008141807667976637,0.03668269128724782,1.0145118035096465,28.61451762564783,77.20978467131216
25.88,0.03906119391079793,-0.03542845102887688,1.0287990808285725,28.614518120282117,77.20978526518468
25.9,-0.019897127049350823,-0.02459766230573081,1.0215125358803532,28.614518602425953,77.20978587223992
25.92,-0.015196042639755505,-0.016074473217893705,1.0113352076223532,28.614519080657224,77.20978648329795
25.94,-0.014200308857831046,-0.009394595929791954,1.0213728443918018,28.61451956163794,77.2097870915493
25.96,0.0025999645160319058,-0.006011387811704979,0.9783669780747187,28.614520048774363,77.20978769341026
25.98,-0.021260725457074362,-0.008939551056120817,0.9699546949531944,28.61452053461622,77.20978829662754
26.0,0.008424947573819603,0.004386178262641082,1.0031419730128766,28.614521021283053,77.20978889898126
26.02,0.016936798909383304,0.0007059078149043179,1.0013736141930107,28.614521515526388,77.20978949327602
26.04,0.010686944269075687,-0.014456695903564994,0.9891217989297348,28.61452200935549,77.20979008801746
26.06,-0.03536830851276145,-0.0435109755397514,1.0165170533965542,28.61452249204656,77.20979069450816
26.08,0.01990335330317212,-0.019857374107573964,0.9627427282709753,28.614522970432276,77.20979130540933
26.1,0.018747348285073597,-0.010984773066251506,0.989304554878844,28.614523455016155,77.20979190993823
26.12,0.016603227446926088,-0.004941588736154389,0.9903008891024477,28.614523939697747,77.20979251436549
26.14,0.0074568449731165,-0.02259334918621074,0.9672739642980108,28.614524422394382,77.20979312085045
26.16,0.004403786284102656,-0.009816129329928404,1.029894620145386,28.614524902463444,77.20979373003568
26.18,0.020647787962527937,-0.022619747769711727,0.9728159746267335,28.614525391218194,77.20979433019174
26.2,0.03847026975206909,-0.0025163870309666604,0.9882331988538463,28.614525880590747,77.20979492969417
26.22,-0.019060809267297,-0.021461826567252307,1.0181595951561027,28.614526368587935,77.20979553064964
26.24,0.021562507915895437,-0.01697809312740929,1.0129209068685747,28.614526857568436,77.20979613056704
26.26,-0.001724341960149055,-0.02617368261978278,0.977836506070305,28.61452735661631,77.20979671962871
26.28,-0.0025934610405720137,-0.003070013911395677,1.0136497841852128,28.614527856447822,77.2097973078276
26.3,-0.030730613807640767,-0.01732895539904797,1.0057956895731643,28.614528352215025,77.20979790047308
26.32,-0.005695788190307901,0.018135685333508587,1.0466607112422293,28.614528850949892,77.20979848987865
26.34,-0.01994529915936831,0.00811700533385798,1.008078808321366,28.614529352110775,77.2097990766079
26.36,-0.009277088590118913,-0.0013970373636728601,0.9971751635786293,28.614529846023252,77.20979967125952
26.38,-0.021963727675562997,-0.01594970994687577,0.9828699608576116,28.6145303409779,77.20980026478566
26.4,-0.008978167746260127,0.0076104061063260574,0.9851151326608886,28.614530835349203,77.20980085894233
26.42,-0.008122207140468065,0.013814017786972742,0.9834846180906368,28.614531339358695,77.2098014424967
26.44,0.0019350983687760062,0.0028537682440326058,1.0274219762782384,28.614531848733773,77.20980201997398
26.46,-0.03229499724582662,0.03207403710933861,1.0003593983003294,28.61453234688716,77.20980261001732
26.48,-0.02891036295490647,0.009192746361496319,1.0113049424794947,28.614532836397505,77.20980320937379
26.5,0.007238285414610531,0.018272144351360684,1.0302849519996178,28.614533323414342,77.20980381136039
26.52,-0.015948762341401978,0.002671308310719564,0.9528307171558507,28.614533822387884,77.2098044005038
26.54,0.25368237190871346,0.01351328906513953,2.12489554496677,28.614534328204197,77.20980498202603
26.56,0.004505394440300934,-0.015935624653383506,0.5463081398240532,28.614534840908608,77.2098055556674
26.58,0.012135243004128146,-0.009167967264255877,1.2475296504247386,28.614535360479064,77.20980612123556
26.6,0.028213846408417897,0.006987271069647595,0.9834319355650349,28.614535881962208,77.2098066845148
26.62,-0.006194216236131451,0.006841989631147633,0.9848975120310296,28.6145363995689,77.20980725241472
26.64,-0.011489734108325513,0.01015223645886495,1.0097769177962597,28.614536920315548,77.20980781657744
26.66,0.01743405171197627,0.022007857845574585,1.0476919560066293,28.614537442597143,77.20980837889593
26.68,0.010190271278593718,-0.028499423436308242,1.020066266256298,28.61453796639274,77.20980893938409
26.7,-0.0037466061964260174,-0.019489050952205923,1.0253104584283708,28.614538485722854,77.20980950523864
26.72,0.027829159339118843,0.0045914528214850625,0.9961599745947716,28.61453900059536,77.20981007635466
26.74,-0.004244886196798611,-0.014487272636069215,0.9879959155082875,28.61453951465499,77.20981064842006
26.76,0.0006554727511156286,0.06755536482578724,0.9843839009684201,28.614540022252548,77.2098112279248
26.78,0.0004244530166851681,0.01031439238340272,0.9902345255060663,28.614540531794088,77.20981180521153
26.8,-0.018691877897969424,-0.0015666169786031445,0.9589443513365895,28.614541032405306,77.20981239254942
26.82,0.0015517077897278192,-0.010309385461677183,0.985501613142168,28.61454153613225,77.20981297642032
26.84,0.027935203547969824,-0.00960324566386089,0.9887929368788031,28.6145420498487,77.20981354888563
26.86,0.008899366307523516,0.0006028132263035475,0.9964928365121032,28.614542569870768,77.20981411391499
26.88,0.0006212685279786288,0.0022396386524251542,1.0026350021949457,28.614543096550268,77.20981467088527
26.9,-0.0032353456233133807,-0.00913398289387026,1.0072490173725122,28.614543626834426,77.20981522339949
26.92,0.006617340568127025,-0.005463044930398036,0.9997014925511408,28.6145441516108,77.20981578269593
26.94,0.014995332569783701,0.02688569150469193,0.9883711382731448,28.614544678587038,77.20981633930188
26.96,0.01218477661779506,0.027690099253020684,0.9607328271346895,28.614545212135518,77.20981688772301
26.98,-0.0066372972364395835,0.0050406795986975405,0.9884938278319642,28.61454575263787,77.2098174272358
27.0,0.006495631882202291,-0.026825194544734754,0.9805509872462599,28.61454629341259,77.20981796639431
27.02,0.009598794822965573,0.01077006313278087,1.009321334965572,28.614546826908033,77.2098185148824
27.04,-0.020143899750539568,0.03108564883222052,1.0181857479338738,28.61454735933787,77.20981906471246
27.06,0.0033646108236738874,0.027395622039247575,1.0187714213411987,28.61454788718818,77.20981962024267
27.08,-0.04322607772604724,0.014688517056193342,1.0151390547225565,28.6145484130746,77.20982017818454
27.1,0.009650674196423702,0.028448459105716434,0.9973294852909502,28.61454894637615,77.20982072691727
27.12,0.013206861091253632,0.0010676854495804352,0.9895608886904821,28.614549476771273,77.20982127929331
27.14,0.014950922515729189,0.012562059396674099,0.9850579449266587,28.61455001265514,77.20982182475174
27.16,-0.00790093704339135,-0.013615511326503604,0.969850021667965,28.61455055053005,77.20982236766125
27.18,0.006180936700480696,0.005845309123114243,1.0198370740101572,28.614551091835178,77.20982290612866
27.2,0.02847907691082334,0.02659068487941049,0.9965057792414005,28.61455163362977,77.20982344395694
27.22,0.028275392965825177,-0.01178846822973782,0.9750731941275825,28.61455217659654,77.2098239802491
27.24,-0.0005834539845312126,-0.01722886858928573,0.9834701724857953,28.61455272135144,77.20982451418301
27.26,0.0027863926145911965,0.0019497787804739369,0.982660530871349,28.61455326739734,77.20982504640297
27.28,0.022218222894688663,-0.004533244074479991,1.0008604897003026,28.614553812190458,77.20982558028629
27.3,0.0748404599246649,0.012982954421408408,1.9517246239861297,28.61455435827476,77.20982611245513
27.32,-0.006461514853540491,-0.009065190518940848,0.4011312954981201,28.614554905164574,77.2098266435495
27.34,0.02671140911073513,0.03436879231205428,1.1364835476077544,28.61455544265842,77.20982718694853
27.36,0.019504010833695323,-0.025793521959221116,0.9962163932968215,28.614555975164315,77.20982773668305
27.38,0.007385275552998093,0.02507469572439469,0.9968761219980561,28.614556510069185,77.20982828338703
27.4,-0.03011664810661241,-0.015296984566162063,0.9955015953812896,28.614557044461712,77.20982883074079
27.42,-0.0009982046608232402,-0.035919654691680465,0.987450776670486,28.614557578717683,77.20982937826751
27.44,-0.011798307924998662,0.004757503126977348,1.004348781614517,28.61455811258917,77.20982992628066
27.46,0.00662077805634427,-0.0050921597202776715,1.00132282230298,28.614558646561324,77.20983047416654
27.48,-0.016186933695897604,-0.022192187358060615,0.9995033937174671,28.614559180113886,77.20983102258259
27.5,-0.02051446789949215,-0.033627537834305284,1.0082528272288593,28.614559714876886,77.20983156946666
27.52,-0.04129730555367283,-0.00016721574542913518,0.991403343537043,28.614560252580127,77.20983211259683
27.54,0.02443609369953403,0.019516737832476358,0.990268286605987,28.61456079212856,77.20983265334728
27.56,-0.00799541022886115,0.011699069861728886,1.027602465791708,28.61456133983618,77.20983318334699
27.58,0.0031429156740506903,0.00113413297678531,1.0111871081943087,28.614561884296638,77.20983371767052
27.6,-4.4762329483621867e-05,0.009576951464354702,1.016538921218856,28.61456242648945,77.20983425497785
27.62,-0.021348678659209988,-0.0005442826475571401,1.0245220917066813,28.614562959084864,77.20983480459986
27.64,-0.025181298228963866,-0.028594484860607422,1.010518883612496,28.614563497410366,77.20983534692961
27.66,-0.020106302519944712,-0.028417879704468865,1.0185677735827234,28.614564037652904,77.20983588678007
27.68,-0.014463368776587859,-0.004063370579693578,0.9684130967585948,28.61456457232827,77.20983643377534
27.7,0.007332124940276099,-0.0032130657273214893,1.0040830774399205,28.614565105276856,77.20983698295295
27.72,-0.01591435327041223,0.017019653570135303,0.9963456307637134,28.61456563028919,77.20983754196209
27.74,0.03492981263189243,0.015146084475494943,1.0335536818179962,28.614566148000044,77.20983810973894
27.76,0.02054302071786302,0.012102660315178988,1.018552910636066,28.614566677668265,77.20983866301941
27.78,0.01616719099331417,-0.005605654261543615,0.9873910961841365,28.614567206084672,77.20983921785093
27.8,-0.002393178049463003,-0.027613043402202792,1.0074558831705842,28.61456773321998,77.20983977426152
27.82,0.030285614714409676,0.008241422741320479,1.0033536266689849,28.614568260466765,77.20984033053504
27.84,-0.004360112622422481,0.010503386265243369,1.0090866286630447,28.61456878983019,77.20984088419392
27.86,-0.0006252282830849215,-0.04777062924955372,0.9796231506125069,28.614569311537043,77.20984144720448
27.88,0.003399490794985388,-0.016686763731653256,1.0072003293047644,28.61456983337748,77.20984201005437
27.9,0.01403646081086688,-0.01382108754787792,0.9954369730142353,28.61457037045841,77.209842553983
27.92,0.012738161580059708,0.0023670040224687255,1.005648995281112,28.61457090964728,77.20984309519868
27.94,-0.009502505568892065,-0.01606720865531388,0.9855122966975566,28.614571438880805,77.2098436490187
27.96,-0.010659874388519076,-0.0007626913764928074,0.988298736572068,28.614571973512003,77.20984419607001
27.98,0.01279805914304169,-0.004210698807059839,1.023476840407334,28.614572502256685,77.20984475049559
28.0,0.014304731677824653,-0.0031829894307545585,0.9789690488331968,28.61457302589893,77.20984531116984
28.02,-0.007867022496457456,-0.014327885874014923,0.9804449119791591,28.61457355079891,77.20984587031592
28.04,-0.03174376139356908,-0.012779701081333552,0.9989683748556885,28.61457407476975,77.20984643059167
28.06,-0.2994612818119359,-0.021605341195613855,1.8427933583747302,28.61457459908309,77.2098469904515
28.08,0.012470515976517174,0.00760134881147664,0.43931353590930955,28.61457512598083,77.20984754715404
28.1,0.036108336928395615,0.011422052571827365,1.1226838679487308,28.61457565613396,77.20984809983158
28.12,-0.02395915924681324,-0.015412359002506777,0.9698986828619259,28.614576179341118,77.20984866103267
28.14,-0.008531425056611471,0.03041280192034089,0.9798407553017272,28.61457670340222,77.20984922119888
28.16,-0.007788071230507532,-0.006292028948840978,1.0410819116584729,28.614577231243974,77.20984977673979
28.18,0.027116106788630027,0.030603712475931216,1.00918950117938,28.6145777563995,77.20985033557443
28.2,-0.0006988300091726556,-0.012842543476632067,0.9850687329546017,28.614578279458133,77.20985089695516
28.22,-0.018146531187445313,-0.040531555531988714,1.0083643015653239,28.614578809811118,77.20985144938385
28.24,0.011173905658436383,0.008043956498247027,1.0113466095397325,28.614579343277132,77.20985199790925
28.26,-0.008092770400818928,0.004970902102379745,1.0198882884018048,28.614579884845988,77.20985253603261
28.28,-0.024487745467159087,0.0006878759061516615,0.9974568794108654,28.614580414193316,77.20985308971152
28.3,-0.017855466145523014,-0.012844649568879787,1.0195299540554579,28.614580945300254,77.20985364119949
28.32,0.03468083908845238,-0.0006914445097163804,0.9592310695023566,28.614581479671553,77.20985418858027
28.34,0.007684184432989245,-0.010225189157390546,0.978873837390485,28.614582016439584,77.2098547329096
28.36,0.0021552011090508593,-0.006046991326635013,1.0032774280347292,28.614582556796176,77.20985527261202
28.38,-0.004997874716240923,0.0168326451153015,1.0065926706561559,28.614583098019036,77.2098558111869
28.4,0.005842976842375978,0.0036843445906018695,0.9817643542466271,28.614583633361352,77.20985635733513
28.42,0.005604718920049886,0.012199027746639547,1.005188399825263,28.614584168236725,77.2098569040767
28.44,0.005843376564146522,-0.004637370132515799,0.9875231950262547,28.61458470972037,77.20985744231133
28.46,0.0022969018055550602,-0.006840346916095501,0.9944608181154567,28.614585256592427,77.20985797342959
28.48,0.017375966766110987,-0.02306965061777287,1.0204954760133003,28.61458580264956,77.20985850563476
28.5,0.00046208692001462065,-0.007400732251363939,1.018178749937772,28.614586352577547,77.20985903264264
28.52,-0.019558776711052776,-0.06642229111178277,0.9800587934527347,28.614586903387334,77.20985955845421
28.54,-0.012248457818017365,-0.011804439326112698,0.9788549707595979,28.6145874417935,77.20986010068016
28.56,-0.039580373869794246,-0.001637483543816781,0.9917765320889337,28.614587984959503,77.20986063671064
28.58,0.04053634232084785,0.011273473085403121,0.9994650739765415,28.614588534873697,77.20986116373722
28.6,0.017255091839053733,-0.005373557550499135,0.9868420302285051,28.61458908819768,77.20986168611218
28.62,-0.016601409902584737,0.006953470844899988,1.0208128488559933,28.614589649682173,77.20986219706286
28.64,-0.005636896987941999,-0.04359577322780491,1.0069477968341711,28.614590205351654,77.20986271619705
28.66,-0.012737529484128667,-0.0011367370441389948,1.0081217021974886,28.614590766266918,77.2098632279584
28.68,0.03085094422748234,-0.03359005585826807,0.9746692234211005,28.6145913315311,77.20986373347235
28.7,-0.02839754328541858,-0.024166070313186655,1.0233458143476757,28.61459190266223,77.2098642303555
28.72,0.0022895211763755857,-0.0037433109572772186,0.9435966235551861,28.614592481090195,77.2098647161623
28.74,-0.002170556851296957,0.02552527975747109,1.0166811090369874,28.614593059751996,77.20986520160761
28.76,0.016536772614182287,0.007424135269401175,1.0186862347534154,28.61459364159857,77.20986568208778
28.78,-0.0020801845544939,0.00036461994274234323,0.9913519762544407,28.61459423096208,77.20986615052885
28.8,-0.0351641775331087,-0.00039060778934204405,1.0254582043449485,28.61459482185215,77.20986661646776
28.82,-0.2924259141819765,-0.014272577864089347,1.720798498596492,28.614595411242615,77.20986708486484
28.84,-0.0194432443588665,-0.010879668267453672,0.5434921417852685,28.614596002444706,77.20986755028989
28.86,0.0015915909311312129,0.008547520909415943,1.1981113396670975,28.614596591187663,77.20986801974246
28.88,0.02868354073040653,-0.027707210368889887,1.0637314982362212,28.61459717284612,77.2098685005181
28.9,-0.03478850488464556,0.011861081005660424,1.0268886781616602,28.614597751047718,77.20986898667446
28.92,-0.016004454707998075,-0.007770141342377055,1.0140226240142585,28.61459832832676,77.2098694742514
28.94,-0.01105385907566994,0.016511141497391305,0.9817439102679761,28.61459890211041,77.20986996715318
28.96,-0.007632621908264227,0.019221869144641666,1.00287179650959,28.61459946611586,77.20987047448827
28.98,0.014802513282104886,-0.033461680250114804,0.9837375181230723,28.61460003648139,77.20987097251131
29.0,-0.00347088835122775,-0.011631615264544362,1.0164422169456562,28.614600604069313,77.20987147463526
29.02,0.008316054514408904,-0.017110553758812475,1.002809339514697,28.61460117602347,77.2098719702885
29.04,-0.012515460874635526,-0.03625455930146286,0.9775095664077221,28.61460174692421,77.20987246751515
29.06,0.004598486908358751,-0.020650665524188212,1.00162249166837,28.614602323545736,77.20987295610067
29.08,0.015555952617554299,0.0488251169053068,0.9830116506056739,28.614602896908696,77.20987344963729
29.1,-0.01464599099474177,0.012190197924248802,1.003024324426751,28.614603469056618,77.20987394500025
29.12,0.015627162396130295,0.03834575937211508,0.9828184536726948,28.61460403461973,77.20987445008022
29.14,0.0010474553745513696,0.016581968800366713,1.0005497526672162,28.614604601383558,77.20987495341065
29.16,0.020909204809645053,-0.01483686322016951,1.015009397238702,28.614605169484022,77.20987545478192
29.18,-0.004028398001539471,-0.007635423933480861,0.9989389601614979,28.614605738872097,77.20987595425424
29.2,0.007624893103241976,0.011768723604806146,0.9921822346565522,28.6146062972975,77.20987646953691
29.22,-0.0008121246335706001,0.008750124069460727,1.0040655244211492,28.614606852846116,77.20987698883901
29.24,-0.0019242452408115792,-0.011546840314166676,1.0139436524158572,28.614607402214656,77.2098775166036
29.26,0.005178608564513797,-0.03019986341158414,0.9778563346023648,28.61460794821284,77.20987804888736
29.28,0.010736149384498074,0.06575522374777477,1.0052131230941042,28.61460849006873,77.20987858663578
29.3,-0.024991298238480102,-0.0028229934468561135,1.026350816380348,28.614609038828977,77.20987911522093
29.32,0.028672672176357557,-0.006514777863652399,1.0114731392655343,28.61460959017841,77.20987964029818
29.34,-0.03719326081099597,0.002266689278106037,1.0011550829333447,28.61461014438113,77.20988016146308
29.36,-0.013696242194777919,-0.004854571786220572,1.0127947501339778,28.614610698313438,77.20988068300088
29.38,-0.0018853814152980134,0.002454578154109674,1.0090499291220536,28.614611252719314,77.2098812038853
29.4,0.008247119381718963,0.025738945722328387,1.0150720221831964,28.61461181440455,77.20988171454971
29.42,0.03152345055482757,-0.0024909695937284757,0.9595213677803411,28.614612375897238,77.20988222548883
29.44,-0.03716582976450215,-0.02325420878655523,0.9689308773267347,28.614612946302337,77.20988272345312
29.46,-0.010153882567794212,-0.003232875889572219,1.0200965829896647,28.614613513295982,77.20988322644762
29.48,-0.04253666975598531,-0.009288035628198216,0.9698944164767712,28.614614079830304,77.20988373011325
29.5,0.0006324394782049554,0.028477978744937026,1.008030772714384,28.61461464081451,77.20988424177663
29.52,0.005433671690000613,0.023422381294751413,0.9929590068793541,28.614615200841392,77.20988475479905
29.54,0.03181591484342505,0.0021505000086159765,0.9800762150880801,28.614615762944727,77.20988526486617
29.56,0.0024126952178690824,-0.02557471709638513,1.0069929951429495,28.61461633203582,77.20988576477757
29.58,0.19471867759414752,-0.024517845268798917,1.7663953257360245,28.614616902853843,77.20988626212751
29.6,0.01167674163078118,0.00030246523169107277,0.40777347187659596,28.6146174770933,77.20988675434009
29.62,-0.008704963940103366,0.006726459386425616,1.2399370875616915,28.61461804972335,77.20988724897971
29.64,-0.028179214935840788,-0.007492456386521098,1.0288022024013834,28.61461862417685,77.2098877408681
29.66,0.005500045965836216,-0.009603391684144683,1.0070484582876862,28.614619196007773,77.2098882367059
29.68,-0.029842040342907276,-0.011855984663572938,0.9867795623691458,28.614619761893543,77.20988874131676
29.7,0.02590414145339288,-0.00046787920487892446,1.0159849291503449,28.6146203339866,77.20988923676204
29.72,-0.0032412420407364785,-0.0476552470414613,1.011314770089079,28.614620906090998,77.20988973219032
29.74,0.02390354823022833,-0.0220265325753942,1.000716865897161,28.614621478402977,77.2098902273074
29.76,-0.00960428868264799,-0.012541016908947012,1.0053259071288125,28.614622049346373,77.2098907244706
29.78,0.005377015728019839,0.024150063899038413,0.9880602593790894,28.614622617279505,77.20989122608789
29.8,0.004186977146693776,-0.016276272838578586,0.9834842574949099,28.614623178149664,77.20989173791354
29.82,-0.000900882360218479,0.0036093628366241294,1.0151888434764516,28.6146237439702,77.20989224261933
29.84,-0.008653190267931841,0.004530855018619921,0.9955212115137345,28.61462431668585,77.20989273713036
29.86,0.007849120369410404,0.025958330113215244,0.9983983400350182,28.614624888582128,77.20989323287036
29.88,-0.018523265269664167,0.025251548139283004,1.0055964319188855,28.614625458516407,77.20989373153375
29.9,-0.024188706579181176,-0.0011500593758983274,1.0053057668956762,28.61462602528266,77.20989423486074
29.92,0.024856537866536552,-0.009509694823788857,0.9714134705805187,28.61462659539539,77.20989473325938
29.94,0.014543359777842012,-0.013276662056513806,1.025725041729097,28.61462717234034,77.20989522134931
29.96,0.0013178321720447989,-0.004821264449315618,1.0024236430380136,28.614627744019586,77.20989571741406
29.98,0.03330284765087563,-0.008680667086472,0.995946934743557,28.614628313459633,77.2098962168096
30.0,-0.0053553103744968964,0.01107254818716464,1.008616920103395,28.614628884555803,77.20989671374508
30.02,0.02645406439977959,0.008406196349704086,1.0047308438722973,28.614629464882057,77.2098971966054
30.04,0.0035114816985164364,0.011836023822900315,1.0153412537897941,28.61463004803147,77.2098976750318
30.06,-0.020495015001527804,0.02518567422872337,1.0107596734430189,28.61463062824623,77.20989815806595
30.08,0.03696080383541699,0.03725738242800354,1.0143569245799253,28.614631206611808,77.2098986439693
30.1,0.019814216932481702,0.0024932678681511377,1.0270198781145503,28.614631790801504,77.20989912074602
30.12,-0.002420420620191286,0.021989275427913065,1.0176724909794195,28.614632372388737,77.20989960163362
30.14,0.014543425190678983,-0.007033203676684303,0.9967902755934287,28.614632954348043,77.20990008193678
30.16,-0.008074068679958137,0.023700139671660316,0.9775419768784633,28.6146335309183,77.20990057060095
30.18,0.01658298070119084,0.021230183143516882,1.0333559586600902,28.614634110468483,77.20990105466929
30.2,-0.04782157130567919,0.020168319398859828,0.9952455325330577,28.614634692629437,77.20990153465524
30.22,-0.020396026673891874,0.0018813968238304772,0.9905378517327895,28.614635274305037,77.20990201540415
30.24,0.019585194885739256,-0.013367163279817776,0.9652654636447112,28.614635857738197,77.20990249338146
30.26,-0.004993110764378387,-0.027890568757309532,1.0067694621062422,28.614636444814135,77.20990296553543
30.28,0.004150845897774838,-0.0008007441504219856,1.0029777320790754,28.614637024158476,77.20990344992342
30.3,-0.026935713242308694,0.03066025084498366,0.9696977012750104,28.614637597402247,77.20990394363983
30.32,0.03695733991404206,-0.006196898027281462,1.0090654808426636,28.614638174779937,77.20990443106535
30.34,-0.07605723836485784,0.015702531709201092,2.058652538864681,28.614638751213487,77.20990491993878
30.36,-0.004013704367506595,0.016879028010378622,0.6180849999254181,28.614639334153747,77.20990539869585
30.38,-0.008093917137266527,-0.005673724418543456,1.1212407514037592,28.614639909860028,77.20990588868007
30.4,0.02059208722839386,0.02632689675039039,0.9912961333560442,28.61464048228005,77.20990638363514
30.42,0.03964940900337855,-0.058173214889610074,0.9825044755149126,28.614641050310404,77.20990688510966
30.44,0.019075205116227074,-0.0244550055747635,1.0255575304208395,28.614641619446314,77.20990738495496
30.46,0.04343605334793204,-0.018312645927169195,0.992544484110705,28.61464218338857,77.20990789238141
30.48,-0.01844702658123836,-0.016394300457347796,0.98550171692469,28.61464274204735,77.20990840733589
30.5,-0.016387736609975813,0.00672525902371791,1.0141391001984108,28.614643301449686,77.20990892124186
30.52,-0.023778822361066973,0.005800756061078037,0.9723929412917363,28.61464386599857,77.20990942779224
30.54,0.008835212992989587,0.007879811443500157,1.012502210924979,28.614644428606827,77.20990993713663
30.56,0.0035120709960874043,0.011921629882649741,1.0356279943320172,28.61464499178037,77.20991044566972
30.58,-0.0030390224694397173,-0.019002091382912988,1.0113321566567017,28.614645546587575,77.20991096599954
30.6,0.016185172562465974,-0.02436352133614638,1.0127579663251984,28.614646101163434,77.20991148664929
30.62,0.02464657210429328,0.007926393640157259,1.0174012043381497,28.614646655252418,77.20991200797125
30.64,-0.030513248185736842,-0.012604641472928781,1.0341941605735103,28.614647205630277,77.20991253436969
30.66,-0.01193944055802231,-0.03140950090735941,1.024197879200382,28.614647755992998,77.20991306078868
30.68,0.016402871882461197,0.01942688569082963,1.0087933944454606,28.614648303133702,77.2099135915481
30.7,-0.00935477367717164,0.027902038130045954,1.01807782801272,28.614648852777965,77.20991411894025
30.72,-0.015964121527163082,0.031143217793973187,0.9822813014906978,28.614649407566407,77.20991463929604
30.74,0.020370748553007894,0.0037401544294944056,1.0155258718149465,28.614649966500306,77.20991515386302
30.76,-0.0257900013944796,0.012518641919458052,0.9798888805763251,28.614650526953877,77.20991566628061
30.78,-0.0060315961558221,0.027397364467238217,0.9926595516273675,28.61465108687346,77.20991617945515
30.8,0.006572880516096172,-0.012828315800468684,0.9383487564971352,28.614651644537943,77.20991669580626
30.82,-0.011476398278202375,0.02221355368108184,1.0080285931873492,28.614652200131264,77.20991721504652
30.84,0.015663113120263496,0.005507924682864174,0.9871225597778329,28.614652755678662,77.20991773435054
30.86,-0.011377539503947381,0.018274233046851822,1.0222229043040894,28.614653316072463,77.20991824685295
30.88,0.028172389868918388,0.0037218604175187054,1.007803852212108,28.614653873308548,77.20991876380387
30.9,-0.0025149259499154526,0.025925134194960037,1.0224819178940325,28.61465443729484,77.20991927116687
30.92,0.01342540273410707,0.004470475250830737,0.9783280691065492,28.614655006442927,77.20991977099423
30.94,0.014920479059656327,-0.029679581189348353,1.0207677207431927,28.61465557539265,77.20992027111457
30.96,-0.012550800054881454,0.02903853264629444,1.0421171268872664,28.614656140827652,77.20992077638087
30.98,-0.04106973097311777,-0.01895061481944224,1.0152831659986379,28.614656703469084,77.20992128567775
31.0,0.007215115093276697,0.025061164204878285,1.0158069801738459,28.61465726655882,77.20992179433132
31.02,0.00144576694249739,-0.001804857628806441,1.0033919535278988,28.614657827657062,77.20992230583263
31.04,0.011116520551502546,0.02352021970395413,0.9895066243886927,28.61465839350754,77.20992281049503
31.06,-0.004530549447656761,0.0226953722973353,1.0152238474540303,28.614658961837968,77.20992331152826
31.08,-0.008608553976014318,0.008602859486307426,0.9698783417919586,28.614659532564207,77.20992380901507
31.1,-0.20724904911072506,0.010170706352542616,2.057701377093948,28.61466010752078,77.20992430014034
31.12,-0.029447081230215555,0.00845257234385132,0.3319355410514728,28.614660684022688,77.20992478890926
31.14,0.01467900956728477,-0.04027649512562156,1.1507511269201622,28.614661261419343,77.20992527630575
31.16,-0.01149203716366782,0.0023666043779640438,1.0128409018378712,28.61466184078782,77.20992576065639
31.18,-0.006715572354808442,-0.0223212835214379,1.0101078675244093,28.61466242124605,77.20992624331097
31.2,-0.0063420566514793145,0.0034237428749132586,1.0010182739107094,28.614663013589233,77.20992670684981
31.22,-0.016068685483425143,-0.02285885092766431,1.0034080198812403,28.614663604358547,77.20992717298769
31.24,0.01142448420472479,-0.0236990388245215,0.9622827076427158,28.61466419678279,77.2099276363921
31.26,0.027812871918999144,0.03209869003507804,0.9925487543885817,28.614664790856036,77.20992809704902
31.28,0.009400273224933229,0.021388947762483793,0.9863729678712958,28.614665390485975,77.20992854826692
31.3,0.0020676399242419027,-8.285169888308915e-05,0.9868188061897092,28.614665983900405,77.2099290100244
31.32,-0.01972880998198493,0.003695373004980478,1.0119915725562751,28.61466657076031,77.20992948252686
31.34,0.010336505316489018,-0.0049583205148601775,0.9827898534698938,28.614667164459235,77.20992994380957
31.36,0.04312699263458598,0.011397527519590459,0.9879063829974518,28.614667759110272,77.2099304034981
31.38,-0.007613892475901851,-0.013521087330976098,0.9582586150858097,28.61466834999173,77.20993086945151
31.4,-0.007519671587037324,0.019874805257359147,0.9941175363924766,28.61466894233595,77.20993133298866
31.42,-0.011221782619619947,-0.005061736820282217,0.9782432490457276,28.614669537135764,77.20993179242737
31.44,-0.009788284689888408,-0.00839693991662458,1.001584058573793,28.61467013462881,77.20993224730879
31.46,-0.054905991073447694,0.00043426036969685403,0.9809778390651507,28.614670730870234,77.20993270431632
31.48,0.008100707717114256,-0.011822936598512211,1.0020908449109842,28.614671316416278,77.20993317892925
31.5,-0.016911043527092277,0.006573646989929659,0.9971062847851532,28.614671898492894,77.20993365904808
31.52,-0.03220526237583601,-0.010747251786267994,1.0334408354608464,28.61467248520597,77.20993413178712
31.54,0.015063798994650978,0.00937047205637672,1.0099443596090638,28.61467307451728,77.20993460031374
31.56,-0.021640355700838724,0.02432013077822953,0.9632072425487539,28.614673664927754,77.20993506704126
31.58,-0.006773381077675153,-0.014386433736163473,0.9747022231179459,28.614674258836587,77.20993552797323
31.6,0.0293288478237716,-0.002611509145903426,1.0011041601798467,28.614674856944063,77.20993598180564
31.62,-0.02818431596049027,0.009226614260708435,0.981403041032147,28.61467545204702,77.20993644073471
31.64,-0.03065196469195524,-0.008717147099628137,0.940632631395283,28.614676049168644,77.20993689624858
31.66,0.005386123791246763,0.009286411216533303,1.0269909262766748,28.61467664479934,77.20993735428839
31.68,0.02298974728020737,0.0111079772130348,1.0144044803381083,28.61467723316874,77.20993782434863
31.7,-0.03148683435463926,0.02166523552588608,1.0104195374698355,28.6146778236937,77.20993829088818
31.72,0.008153794736743542,-0.012119800921698239,0.9878535390905817,28.614678413091685,77.20993875927333
31.74,0.01161999079923384,-0.018855504804609492,1.0085535354201987,28.614679006667618,77.20993922076144
31.76,-0.04118320967384641,-0.006151547791274877,0.9859127935155824,28.614679598555107,77.20993968505508
31.78,0.015970026758144403,-0.019355046790942,1.0040971460043537,28.614680185093942,77.20994015807464
31.8,0.01753211759684359,0.01128996408094994,0.9815883354832704,28.61468076640309,77.20994063939858
31.82,-0.006235711465120495,-0.023235026003528225,1.0303257690111203,28.614681347533427,77.20994112100263
31.84,0.025046927245960166,0.046660328365053766,0.9685952669183631,28.61468193085001,77.20994159916474
31.86,0.2878111272470831,0.025918557231475015,1.9711976870497503,28.614682513170955,77.209942078899
31.88,0.002062358514344097,0.00025151539200628475,0.5237325668186508,28.614683095276572,77.20994255897226
31.9,-0.009028907806498673,0.017347889859959522,1.1964411732868707,28.614683675432598,77.20994304209819
31.92,-0.019456557851659142,-0.03273603728621583,1.0033400584339147,28.614684258267864,77.20994352102132
31.94,-0.0007512701873238247,0.05046746662799116,1.0146669601435636,28.614684842780875,77.20994399728379
31.96,0.01139517839408358,-0.01180429224400979,1.027334934733888,28.614685428205203,77.20994447209158
31.98,-0.006483537220812825,-0.0024099482779871904,1.0062628604626707,28.61468601083863,77.20994495133328
32.0,-0.0439500201052406,-0.037118665743768736,0.9821860782947545,28.614686590091278,77.20994543586377
32.02,0.02537427789153141,0.009725746094817895,1.0011126024753159,28.61468717117418,77.20994591754211
32.04,0.0038044644368978755,-0.022126883141542177,1.0363358647332475,28.614687757085377,77.20994639157
32.06,-0.007592489933536677,0.002033115231320584,1.0269535617102525,28.614688341483667,77.20994686801514
32.08,0.017143167768465768,-0.010885488658490762,1.0181752695624873,28.614688922805083,77.20994734931989
32.1,0.030492771929655126,-0.02155487869860687,1.0159137404024476,28.614689504692787,77.20994782973585
32.12,-0.05603823138975783,-0.016087230035252344,1.013989001812131,28.614690089575213,77.20994830540948
32.14,0.008685272998441431,0.004515760681710424,1.0231750966901973,28.61469067644683,77.20994877789319
32.16,-0.028532984216206946,-0.02562981945737649,0.9908674242855618,28.61469125644033,77.20994926127231
32.18,0.009982210135978825,-0.014976233420471542,0.9728982786844999,28.614691835491517,77.2099497461152
32.2,0.002558544047491585,0.013265467625289558,1.0013800700147413,28.614692410199805,77.20995023761758
32.22,0.012714530528810998,0.052049597497486264,0.9836483682644461,28.61469298835463,77.20995072384656
32.24,-0.009984952289893104,0.009551776391060097,0.9788995848924563,28.614693561301415,77.20995121801036
32.26,-0.03746480223638304,-0.01834523284354575,0.9855944284682414,28.614694130344112,77.20995171799359
32.28,-0.009007363825133362,-0.007342283401446221,1.0497062784906737,28.614694699836026,77.2099522173127
32.3,0.008136952702795661,0.0006317801230515659,1.0027224926815168,28.614695266648216,77.20995272057289
32.32,0.020307846573504467,-0.006988499012714148,1.0072381567272197,28.614695827696618,77.20995323214532
32.34,-0.023436626009450505,0.01806116333473866,0.975552743859915,28.614696393686483,77.20995373660504
32.36,0.02054120853746035,0.004349469660284491,0.9631249408241473,28.6146969619967,77.2099542376682
32.38,-0.012957445792930428,0.018157047698197405,0.9836189471376239,28.61469752799409,77.20995474211696
32.4,0.00724899763189053,-0.006288875805952588,1.028763911704175,28.6146980939018,77.20995524669627
32.42,-0.010197879057312656,0.026510004394425135,1.0066855093215303,28.614698657982927,77.20995575392266
32.44,0.0036434125542420337,-0.003329711685630918,1.0119719018288877,28.614699218986548,77.20995626555883
32.46,0.01783755269140549,-0.019423797382759834,1.0147713207840412,28.614699777743667,77.20995678037512
32.48,-0.024540281545770717,0.04354640762084443,0.9881730124040344,28.614700337641654,77.20995729358047
32.5,-0.01359811793493663,-0.036499554939222335,1.0277593116794674,28.614700898367445,77.20995780561171
32.52,0.0036992517468417323,-0.014774774506098551,0.9873438480155563,28.61470145203458,77.20995832751521
32.54,0.048031673220607043,-0.012540557036607891,1.028124647185251,28.61470200530657,77.20995884996219
32.56,-0.01726379424333656,0.050166125461131264,1.0088460431227069,28.614702552311964,77.20995938090283
32.58,0.04080267771993838,0.03613717768293023,0.9642190969150736,28.614703092621074,77.20995992066754
32.6,0.040088466073503415,0.029878562872843954,0.9850398102679893,28.614703636614102,77.20996045560923
32.62,0.07806457935923058,-0.006613173247526636,1.8933481274682917,28.614704177138464,77.20996099509422
32.64,-0.005963050523998006,0.048523560076835504,0.3461153117288749,28.61470472274699,77.2099615278967
32.66,-0.013841303973293835,0.007367040076819424,1.178113048782927,28.61470526072059,77.20996207068009
32.68,-0.001364050606653382,0.019545267406062446,0.9554331512010044,28.614705797794777,77.20996261461806
32.7,-0.02813438865119116,0.003593907622124139,1.0075149376343933,28.614706334199855,77.20996315941213
32.72,-0.001524780346411952,-0.0009893314264650304,0.9892567147522336,28.61470687472229,77.20996369889963
32.74,0.029937605477017126,-0.005035573478527585,0.9703238828993336,28.614707418108488,77.20996423464105
32.76,-0.012221701249534353,-0.004192799868383244,1.033559316739374,28.61470796042951,77.2099647717812
32.78,-0.004814486079781015,0.012169832973561577,1.0021457173219315,28.61470850232125,77.20996530948325
32.8,-0.034022809485344835,0.00734399597550776,0.9941313719537338,28.61470904602682,77.20996584480405
32.82,0.0074812417626208706,-0.000629427404073678,0.9920115043802796,28.614709585583835,77.20996638554415
32.84,0.0052896336990274784,0.03019047985397709,0.9697344106168445,28.614710125152534,77.20996692626913
32.86,0.001274047195315418,-0.05933506137481461,0.9739090220083179,28.61471066949102,77.20996746075465
32.88,-0.004336541004442868,0.010197744958423901,1.0256983356975016,28.61471121043536,77.20996799969318
32.9,-0.005855158375449095,0.014354774133179586,0.9905223426042856,28.614711756827905,77.20996853145209
32.92,0.010038004674013438,0.022939257365103393,1.0004413540187373,28.614712312097623,77.20996905114164
32.94,-0.0005763320317724662,-0.0012974288210672225,0.9591133904759785,28.614712866928404,77.20996957143917
32.96,0.006299437431106644,0.004158401347679152,0.9736381592840899,28.614713426437277,77.20997008519497
32.98,0.004299656349090959,0.019718967666294426,1.012196250397495,28.614713985141968,77.20997060008516
33.0,0.022468545741915237,0.0298233280856036,1.0075542352022766,28.61471454013813,77.20997112015375
33.02,0.013539881947501085,-0.006010719703575363,1.0350675039744863,28.614715090612744,77.20997164642124
33.04,0.003857236863003813,0.005339515662551204,1.0268591266326246,28.61471563878147,77.20997217580276
33.06,0.0303684406130436,0.033571479286975146,0.9953857805503036,28.61471619306434,77.20997269685755
33.08,0.00840537058113123,-0.04248054151757702,1.0094590712942655,28.614716750626876,77.20997321335182
33.1,0.02609925377580838,-0.013800251996291703,0.9936679311419385,28.61471730816486,77.20997372988047
33.12,0.012138852167732757,0.029316719572059263,1.041096196372773,28.614717865634457,77.20997424650491
33.14,-0.03683838157863086,0.021850756672166065,1.022980293921048,28.61471842735105,77.2099747571251
33.16,0.026096695266386593,0.010448904218533886,1.003393701817155,28.6147189911345,77.20997526478085
33.18,0.002703524826853382,-0.008971937462182403,1.0040078956975271,28.614719551288108,77.20997577762421
33.2,-0.001039095418015559,-0.01763636997970839,1.028897005745196,28.61472010916674,77.20997629367538
33.22,0.005626966949791541,-0.011824312384847475,1.0115915569422769,28.614720668440075,77.2099768077639
33.24,-0.0068996632391413485,0.03096016441637385,1.0311725603414017,28.614721223037048,77.20997732838482
33.26,0.004540577207778906,-0.012568853783106926,0.9561270414748225,28.614721783647628,77.20997784057984
33.28,-0.011837521326861849,0.0020284592847931576,1.009224565229976,28.614722340542386,77.20997835800816
33.3,0.0254854451746874,-0.01507415289723492,0.9896913027063723,28.61472289431449,77.20997887976723
33.32,-0.002271762272421006,0.01685548060198054,1.0351275597525598,28.614723444651105,77.209979406222
33.34,-0.00765167685444867,-0.010774525606928825,1.0309279737437966,28.614723993615193,77.20997993453301
33.36,-0.01849851631438548,-0.0019518778030882852,1.0006567161820261,28.614724545597205,77.20998045874772
33.38,0.13516030503170753,-0.03366764266085651,2.0882686091550067,28.61472509484529,77.20998098667556
33.4,0.003742142002501838,-0.032267364724098795,0.4592660969171085,28.614725646014808,77.20998151199845
33.42,0.007768492273550129,0.00015346386643012614,1.2244678688439439,28.61472619623669,77.20998203860883
33.44,-0.020545037750102576,-0.02650314310395524,1.0494386754486371,28.61472674980897,77.209982560643
33.46,-0.03202362397623146,0.04210173278669004,0.9993731769466055,28.6147273049585,77.20998308049921
33.48,0.012511826050131196,-0.04123046224224499,0.9957095809932818,28.614727860761192,77.209983599449
33.5,0.02969283723753015,-0.01600350597328208,1.017317451771687,28.614728414738448,77.20998412092543
33.52,-0.020527072447797924,0.0003340173453510084,0.9929241853771538,28.614728966110288,77.20998464597275
33.54,0.03178882567123397,-0.0073026587559156895,1.0017067955158978,28.61472950958745,77.20998518159455
33.56,0.005678221174727618,-0.022082909133278383,1.0281886884810183,28.614730052367523,77.2099857181328
33.58,-0.0001412580910165943,-0.01915855678990536,1.0003843770443455,28.614730599587013,77.20998624878723
33.6,-0.00795097393091556,-0.01981308154998477,0.9660996441404939,28.61473114306247,77.20998678441127
33.62,-0.027690360388499934,-0.005734433896401258,1.007346387756984,28.614731684947266,77.20998732212253
33.64,0.019754570318491992,0.03903858179034848,0.9860741284189521,28.6147322277297,77.20998785865768
33.66,-0.015512127228752061,0.0015587459311641942,1.017305423145891,28.614732772394024,77.2099883927124
33.68,-0.015596133514752007,0.02365800978775048,1.013923794316525,28.614733319946367,77.20998892292113
33.7,0.019838526197739095,0.010139526916562834,1.0294280069633304,28.61473387051927,77.20998944905527
33.72,-0.03765966893343453,0.02227724795964441,1.018150646015854,28.614734426688017,77.20998996749594
33.74,-0.030471956213363335,-0.05599928605187172,1.0218048856731612,28.614734978436697,77.20999049202936
33.76,-0.0003626848701616354,-0.006089160422964589,0.9866180647972458,28.614735528178063,77.2099910192906
33.78,0.0058656885800970416,0.026142708463014277,1.0160797299178101,28.614736077488462,77.20999154713435
33.8,0.009694692959378477,-0.011434716454986673,1.039369025787206,28.614736629664645,77.2099920710837
33.82,-0.006035969867925056,0.035249463297392244,0.9862270018272646,28.61473717679757,77.209992601854
33.84,0.05060739337283379,0.02967780307535523,1.0359947658345419,28.614737730494397,77.2099931237168
33.86,-0.004557851175316682,-0.009382614322549247,0.9890129981759734,28.614738284790857,77.20999364475294
33.88,-0.004615723042054443,-0.010063270380927134,0.9829605750990005,28.61473883456835,77.2099941719653
33.9,-0.01593973337627755,-0.020272116847089374,1.0059240088670967,28.614739393458343,77.2099946865946
33.92,0.0024781363304214217,-0.012591884637275954,1.0143182083225761,28.614739951552128,77.20999520234392
33.94,0.012299224640935493,-0.024651781283378305,1.0182350024794453,28.614740512622628,77.20999571388512
33.96,0.0240715610906692,0.008576223608660113,0.9807647515845359,28.61474107314863,77.20999622620033
33.98,-0.02978568528880436,-0.029120929866928668,1.0086908019450858,28.61474163535475,77.20999673612104
34.0,-0.004919906767114016,0.012074660323804436,0.9862889085703299,28.614742194893388,77.20999724983491
34.02,0.008934072216182884,0.012561573938004974,0.9702215548785884,28.61474274883128,77.20999777136568
34.04,0.011741150691890712,-0.033224088103678454,0.9814252736893443,28.61474329108865,77.20999830858939
34.06,0.00013097315609078553,0.03099637212656679,0.9849819926808836,28.614743833880475,77.20999884511228
34.08,0.010848479390642037,0.010272185888304437,1.0104319032070501,28.614744373181757,77.20999938618351
34.1,-0.016179277858516007,0.01499396042889738,1.0230442732613734,28.614744910854707,77.20999992935354
34.12,0.031158108646367137,-0.015173304030855445,0.9705358674024946,28.61474544653902,77.21000047506729
34.14,-0.04153660229204913,0.012447582369462374,2.0598823243594624,28.614745975095282,77.21000102972685
34.16,-0.026898555741303447,0.02252786899444131,0.5500120179123259,28.61474650697058,77.21000158025397
34.18,-0.021502060962335114,-0.0019721679800935457,1.1799535846154974,28.614747040574,77.2100021286068
34.2,-0.020938435002138125,0.040038449184967226,0.987545388379925,28.614747575021287,77.21000267589217
34.22,0.013559399417930568,0.0008812926982587538,0.9789734196395344,28.614748114174184,77.21000321715528
34.24,-0.025694555328349345,0.02281571600904949,1.0159932903069515,28.61474865333409,77.21000375840933
34.26,-0.006620486684161612,0.005860176145173101,0.9882615478910981,28.614749189356033,77.21000430369273
34.28,0.009094087928335489,0.011710430657137354,0.993680720972946,28.61474972139441,77.21000485401534
34.3,-0.0013233186909286947,-0.03342664535269545,0.9556002182488724,28.61475025431996,77.21000540322292
34.32,0.005177750314254116,0.007421074764307263,1.0189310272284695,28.614750781704814,77.21000595932755
34.34,-0.021316054226975165,-0.01469950202514532,1.0164181704233821,28.61475131909937,77.210006502855
34.36,0.011897087467944894,-0.016927966115553753,1.0001091568856262,28.61475184525429,77.21000706046938
34.38,-0.01226423784951993,0.03488206368931957,0.9694483811728848,28.614752368623996,77.2100076214747
34.4,-0.006492393487958825,-0.004275404961246978,1.0241873835666953,28.614752894108676,77.21000817990863
34.42,0.004754634558119723,-0.020066036619509932,0.9866747322727841,28.614753417322408,77.21000874110271
34.44,0.002061564430616963,-0.007182632562177494,0.9909329309979882,28.61475394128823,77.21000930138551
34.46,0.00047960038031185926,-0.026009004578438275,1.0462408811271906,28.614754475414774,77.2100098490771
34.48,-0.015012536439535113,0.0286776893639254,0.9859272711178154,28.614755009315736,77.210010397054
34.5,-0.005990988223983843,-0.0139136148833303,1.01484419924853,28.614755538809806,77.21001095055173
34.52,4.367181674071891e-05,0.010585998678873386,1.0112418452416523,28.614756063596353,77.21001150983692
34.54,-0.0275017046633417,0.027122134284206505,1.0078034438576018,28.614756587145468,77.21001207062498
34.56,-0.009250659326267577,-0.010003053624294586,1.0056400108510901,28.614757105955597,77.21001263709933
34.58,0.007753597580656929,0.01064044864545572,1.007527771237784,28.614757622595437,77.21001320614172
34.6,-0.025548732076906853,-0.0206017210980886,1.005438811818811,28.614758138122145,77.21001377649262
34.62,0.023131633031884796,0.04891539138227368,0.9989616328244788,28.614758657086295,77.21001434278388
34.64,0.025392265251996858,0.018727602692332444,1.0302256624822148,28.61475917777338,77.21001490701913
34.66,-0.024903011519201712,-0.0038521287752161207,0.9737467887840144,28.614759699728562,77.21001546973196
34.68,0.027152392661002788,-0.015456674617779276,1.0204291620803074,28.614760220271403,77.21001603413988
34.7,-0.0028716317742426877,-0.002279931056792527,1.016446845973751,28.61476073681811,77.210016603292
34.72,0.008370291183141096,-0.0067996744470303835,1.013967982426588,28.61476125642494,77.21001716881801
34.74,-0.009933021042564934,0.03905889107999014,1.0223395885528026,28.61476178289066,77.21001772605166
34.76,0.018460896544535237,-0.024510694444298046,0.9981480120946321,28.614762302259138,77.21001829186173
34.78,0.008121880376973341,0.0026960284658040685,0.9626205184834624,28.61476282641433,77.21001885191468
34.8,-0.01628306513195207,-0.0003667613326741992,0.9985541468057103,28.614763348153698,77.21001941488719
34.82,-0.023304039999305772,-0.0023482060068973896,0.980176115647509,28.614763868640132,77.21001997936263
34.84,-0.029206048704184452,-0.0021723330987668482,0.9853628158028387,28.614764390829766,77.21002054179316
34.86,0.003758835528655129,-0.002321416202409669,0.9751516065233518,28.61476491001055,77.21002110782672
34.88,0.011449428235594717,0.017461321326641993,0.9904531028311233,28.61476543515402,77.21002166667705
34.9,-0.2155160785511427,0.012179688929848703,2.051951392276002,28.61476595222779,77.21002223520783
34.92,-0.002359621892147557,0.00837823222745573,0.2656462260465976,28.614766455973182,77.21002281905933
34.94,-0.02313992911328728,-0.06067978724290538,1.1380805311586706,28.614766953371646,77.21002340992983
34.96,-0.01364149596047566,0.005995897483263277,1.0444064371600976,28.614767454955693,77.210023996191
34.98,0.023046972779238516,-0.03311278720340165,1.0121247438699257,28.614767968372288,77.21002456900649
35.0,-0.009692571292001627,0.012926403262716508,0.9959415208693154,28.614768479382608,77.21002514460733
35.02,0.002868352613629523,0.029489947351410292,0.9989050720864757,28.614768996885374,77.21002571263139
35.04,-0.02151300967149775,-0.018524782251771017,0.9915802826397365,28.614769516443918,77.21002627821501
35.06,0.006731660909180699,-0.005235614446854136,1.0018008316773392,28.614770028381656,77.21002685274549
35.08,-0.009153691233581557,-0.01198711410105994,0.9992598381185354,28.61477053206312,77.21002743666858
35.1,0.020934254275515273,0.024708635515136017,0.9831790313920341,28.614771026792948,77.21002803043926
35.12,0.015471154124136268,0.001900557705441461,1.0336577677789567,28.61477152100955,77.21002862476428
35.14,-0.009914118931497995,0.034566587611326666,0.9702569152858046,28.61477201052849,77.21002922411301
35.16,-0.0025332805469532676,0.008275084058947751,1.014366630863885,28.614772510427528,77.2100298122388
35.18,-0.011022324800812576,0.004849003612716388,0.9979760474536493,28.614773018010116,77.21003039176185
35.2,-0.028388663930900195,0.0013641356520567268,1.0380166363013148,28.61477352705676,77.21003096961614
35.22,-0.017148848590944333,0.016359841985146735,1.0068172919849645,28.61477403181775,77.21003155232837
35.24,0.003964346554416402,-0.03475372396490687,0.9928018892563351,28.614774538755412,77.21003213258349
35.26,0.006505189964591638,0.0017068791104101985,0.99504585603131,28.61477504158819,77.21003271745498
35.28,0.0029709580718527777,-0.0014009288745592968,1.0007981338903953,28.61477555031013,77.2100332956802
35.3,-0.0060346610791727155,0.014508376543155321,0.977144186100072,28.614776058513897,77.21003387449642
35.32,0.018661332114419706,-0.0037540321174807374,0.9846626094976417,28.614776563915935,77.21003445648721
35.34,0.0012708380912187479,-0.0207746886832534,0.9643011206161628,28.614777065433888,77.2100350428218
35.36,0.014065076561918946,0.000147013498393983,0.9815404620325181,28.614777569270988,77.21003562657067
35.38,-0.035475502644050375,-0.021656810577366868,1.001878129633209,28.614778072961187,77.21003621048402
35.4,-0.07844800503236685,-0.03850524425174971,1.0060035009856905,28.614778584489034,77.2100367854881
35.42,0.005675760556761602,0.01454244962970986,0.960413406100072,28.61477909654704,77.21003735987954
35.44,-0.02849531307442979,0.011581231453893413,0.997255765939116,28.61477960312099,77.21003794054671
35.46,-0.00424903405426112,0.009341818879871492,1.0112681990164427,28.61478011103326,77.21003851969486
35.48,-0.0060419408204921135,0.02605856843891622,0.9967417561324753,28.614780622733853,77.21003909449946
35.5,0.031748012048310736,-0.013300637806078503,0.987324227084444,28.6147811304758,77.21003967384138
35.52,0.007999931058872128,-0.0286222828554251,0.9917567770990358,28.614781626464058,77.21004026624823
35.54,0.0033171805359734547,-0.0014005955361608912,0.9891847329004556,28.614782111033986,77.21004087079314
35.56,0.016739823092673474,-0.006950005994118209,0.9872653888178389,28.614782594214876,77.21004147677901
35.58,0.007369951736780776,-0.016845914335401373,1.003476470504897,28.614783073282616,77.21004208698777
35.6,-0.009153539859768661,-0.0015969830697559193,1.046153764554709,28.614783543508665,77.21004270605657
35.62,0.021429518605091197,-0.012232102924091695,0.9851260016618963,28.614784012422003,77.21004332641608
35.64,-0.022195002557765485,-0.03672010566713663,0.9936371473467714,28.614784478818095,77.21004394923312
35.66,-0.27216133679686955,-0.008823533815875207,2.0729107589134403,28.61478494697756,77.21004457033104
35.68,-0.03095139588272622,-0.022727503334077147,0.4975213408980563,28.61478540209592,77.21004520388198
35.7,0.0040788771503199005,0.004632961432218454,1.170327599877899,28.614785853205074,77.21004584114283
35.72,0.00385979283545859,-0.013120695164813099,0.9525822925338713,28.614786305807794,77.21004647702799
35.74,0.03352909923829325,0.022232629482821033,0.9893788165924264,28.61478676161462,77.21004710993635
35.76,-0.031299477868835586,0.03207732134535732,1.0163662747263993,28.614787227660987,77.21004773309303
35.78,-0.012017743517076252,0.013587627460238123,0.9941181138322274,28.614787702294926,77.21004834778141
35.8,0.016453648531482876,-0.0310205236396664,0.9835832208229942,28.614788180834694,77.21004895852754
35.82,0.006706345127946155,0.03010391997758079,1.0088151350887753,28.614788654376692,77.21004957430777
35.84,0.003606101026750061,0.0315144090074753,1.0181268647079431,28.614789126153312,77.21005019184389
35.86,-0.019122714059170785,0.0003758102261588153,1.0042127089043011,28.614789604695023,77.21005080258804
35.88,-0.011816366961828584,0.02645852320671064,0.9839755928037424,28.614790088183625,77.2100514082554
35.9,0.024900820164465133,-0.011033502760933563,1.0091240663830348,28.614790570173053,77.2100520154713
35.92,-0.0010301838750785591,-0.03732491869699179,0.9919590139945043,28.614791043174943,77.21005263178999
35.94,0.007507193922889466,-0.015205688772431874,1.0149037376378764,28.61479152211005,77.21005324213388
35.96,-0.0023037665755295802,0.03458601732089513,1.0296651776971317,28.614791998581158,77.21005385497516
35.98,-0.023661710304995306,-0.029821598472229472,0.9478884648862294,28.614792477443903,77.21005446539273
36.0,0.018676208521499933,-9.57436137010983e-06,1.0022213494639127,28.61479295853391,77.2100550735335
36.02,0.010064647690649926,0.0006828778668042443,0.9652853212610475,28.614793445855145,77.21005567520184
36.04,0.046112736747343785,-0.010259484879356236,1.0488357717065955,28.61479392985781,77.2100562803362
36.06,-0.020311627593010903,-0.008870431996742301,0.9906375093240762,28.614794416438027,77.21005688278228
36.08,0.01645145842400961,0.0014449826847240544,1.0149274648365074,28.61479490487434,77.21005748327619
36.1,-0.026230879320740023,-0.011243246838694545,0.9992936628081021,28.614795388098198,77.21005808921767
36.12,0.0031469313534615534,-0.028441169943358623,0.9839383083856188,28.614795865782703,77.21005870083201
36.14,0.019530131781263293,0.004300638858869121,0.9815589390564514,28.61479634737293,77.21005930845882
36.16,-0.04144270232192974,0.021467331648899447,1.0317135834620152,28.61479682737713,77.21005991771196
36.18,-0.004098649484832157,0.017391450373068423,1.0191187612035661,28.61479730251462,77.21006053189538
36.2,-0.011264194680852406,-0.01619470934779623,1.0388716817475512,28.614797778640423,77.21006114508484
36.22,-0.014039145965902437,-0.025024558307553516,1.001109066703154,28.6147982511468,77.21006176189658
36.24,0.007704253045187084,-0.005683757643095572,1.00575839242492,28.614798725375717,77.21006237699054
36.26,0.022413714128451907,0.03135583019591328,0.9946561686868942,28.614799201470955,77.2100629902108
36.28,-0.00266557430458311,0.012911961579190912,0.9942583559376998,28.614799682563564,77.21006359834894
36.3,0.004109728551200403,0.014079293535884671,0.9791622613504526,28.61480015444647,77.21006421577972
36.32,0.002286175061184955,0.017797139035709893,1.001680203818487,28.614800628949148,77.21006483059966
36.34,3.607012712828353e-05,0.008415331250371727,0.9842150681022761,28.614801107760815,77.21006544106928
36.36,-0.021786852754242126,0.0024121709522715727,1.008838178443284,28.61480159214847,77.21006604580381
36.38,0.022168892034457856,0.013246137932959359,1.0034002043796042,28.61480207608728,77.21006665100448
36.4,0.00590390736317672,-0.010923322084360395,1.0057536408735144,28.61480256540384,77.21006725056779
36.42,0.0180198407911077,-0.028289260227326418,1.8437409727020642,28.614803058458325,77.21006784614418
36.44,-0.016130192580511644,0.014459938692486464,0.3911877128368917,28.614803547319912,77.21006844618891
36.46,-0.009184407959784811,0.024754762114984504,1.200341772604981,28.614804033812952,77.2100690487264
36.48,-0.0035226839542155676,-0.02236463878712063,1.0410301892817115,28.61480452737771,77.2100696437541
36.5,-0.03068249386897703,0.016438429648318004,1.026132341385901,28.614805017143418,77.21007024284135
36.52,-0.033760686503953564,0.0336153142677638,1.023063393969097,28.61480550673666,77.21007084211152
36.54,-0.012014958612771355,-4.4924035142419586e-05,0.99386623568959,28.614805990316054,77.2100714476849
36.56,0.010450415328847799,-0.016360043694834923,1.004592861111356,28.614806466308938,77.2100720610083
36.58,-0.013062747798598817,0.0024603734705351122,0.9736344741594012,28.614806950901148,77.21007266553018
36.6,-0.02037610395181427,-0.011010679364014026,1.0099782880192882,28.614807431421454,77.21007327425522
36.62,-0.016293713064753405,-0.012334602199128034,1.0054892035522769,28.614807903141912,77.21007389184712
36.64,-0.009106848462906252,0.008663681345430854,1.0004677025031237,28.614808373724706,77.21007451056421
36.66,-0.007077179256402075,-0.03207458950059791,1.0205438957648572,28.614808840558357,77.21007513295586
36.68,0.043310429044131134,-0.028878578449844542,0.9758445035515121,28.614809306161654,77.21007575654231
36.7,0.021092412569746366,0.00038581760747885617,1.032697257023207,28.61480976638113,77.21007638529348
36.72,0.02049548224563456,-0.00044617077824862377,1.0180352937588057,28.614810224480532,77.21007701605048
36.74,0.023371607285467628,0.006871091540798715,0.9985873204069605,28.61481069368369,77.21007763612573
36.76,-0.01997641738668099,0.03750450776966777,0.9970254082436522,28.614811163546253,77.21007825555272
36.78,-0.024447292299744783,0.0020902807215164225,1.0096122243049719,28.614811634418395,77.2100788739841
36.8,-0.022137405830681134,0.011963443006695891,1.0304170246412756,28.61481210140347,77.21007949622835
36.82,0.026690122666756758,-0.019510658712292638,1.0020321543738002,28.614812561927916,77.21008012468971
36.84,-0.01094383577764982,0.015358753270330743,1.0028806180395846,28.614813023707224,77.21008075195509
36.86,-0.025027123644785737,-0.010527817302213556,1.0003623695525174,28.614813492196514,77.21008137273037
36.88,-0.00861992400439626,0.0014284166516218635,1.0356404822540295,28.614813959014878,77.21008199513693
36.9,-0.004772110634292549,-0.002176972501383234,0.9926223379412595,28.61481443005881,77.21008261339855
36.92,0.005368265473891243,0.02065948469828062,0.9994098480276186,28.61481490438345,77.21008322839683
36.94,0.00501902041424086,-0.02619953108749999,1.0292687130852198,28.614815365714257,77.21008385609031
36.96,-0.016563611277470164,-0.04566477269230079,1.0029402166722572,28.614815830768887,77.21008448020784
36.98,0.013713127850274218,-0.0042686539417584905,1.0227411772009105,28.614816304339975,77.21008509595922
37.0,-0.012783870675003162,0.009370625138102481,0.9817743988619408,28.614816774639884,77.2100857149554
37.02,-0.003125526734100861,0.0030453875161500004,0.9958941495674297,28.61481724108602,77.210086337724
37.04,0.0137354814100671,0.024644084748278228,1.0296886807688046,28.614817702710948,77.21008696513684
37.06,-0.012836428078886828,0.008747453483593367,0.9864732056847291,28.614818159693918,77.2100875969439
37.08,-0.011387028471622752,-0.011276966637197199,0.9969740192046058,28.614818615868817,77.21008822950824
37.1,0.01183336099386262,-0.04650840308279361,1.0051337046178295,28.614819071176274,77.21008886288305
37.12,-0.01715466353210039,-0.004746244683904366,0.9802169096401403,28.614819521239628,77.21008950110293
37.14,-0.007695840472081414,0.020559180045155962,0.991723797627562,28.614819962232716,77.21009014748687
37.16,0.01111484356085785,-0.007840955653342292,1.0022527336365128,28.61482041034436,77.21009078748634
37.18,0.25224029830305605,0.000566405273555284,2.067851873329193,28.614820861865258,77.21009142436891
37.2,0.012108090095254933,0.008427205086134171,0.5912001056153477,28.61482130986655,77.21009206446864
37.22,0.009452795259800233,-0.02030584748499632,1.1450772869451649,28.614821756434136,77.21009270586705
37.24,0.010616031673454592,0.012464717932776348,0.9828783025599818,28.61482221301152,77.2100933380545
37.26,-0.021463805481340987,0.032742435800034116,1.0022253703833497,28.61482267276286,77.21009396725
37.28,0.00231193477359816,-0.0034562670378681264,1.0134849661684953,28.614823130840232,77.21009459802784
37.3,-0.0005953297667280349,-0.022581288436646037,1.030326949315984,28.61482358884786,77.2100952288714
37.32,0.006431690807455123,-0.0013320205404394742,1.0143698059463426,28.61482404884032,77.21009585783818
37.34,0.0023301610495174165,-0.04448768217217738,1.0058182680318466,28.61482449576496,77.21009649891383
37.36,0.0075939935483422495,0.006738065279532321,1.0133308506396526,28.61482494282967,77.21009713986273
37.38,-0.006229343897984031,0.009045487552971576,1.0134753766867253,28.61482538859316,77.21009778198656
37.4,0.0011721783474358545,0.033512725876911245,0.9814457141543126,28.61482583360674,77.21009842478502
37.42,-0.024556571321139843,-0.003879895851332502,1.0038559758501253,28.61482627742492,77.21009906865504
37.44,-0.006398145560058276,0.008169706762929406,1.0291832198837738,28.61482672102983,77.21009971271575
37.46,0.02781667096353287,-0.017225762047718023,0.9958528646261199,28.61482717631129,77.21010034611486
37.48,0.006376166792565118,-0.007128542410501574,1.002588932850949,28.614827637076232,77.21010097434753
37.5,-0.0004184207476615377,-0.03050370873324396,0.9951496710094796,28.614828099575323,77.21010160092449
37.52,0.037922465525086935,-0.003895792425664712,0.9537228100878625,28.614828557588854,77.21010223176252
37.54,-0.027216699566021584,-0.006106183070371298,1.0004118035446936,28.61482901725766,77.2101028610363
37.56,-0.022189111108924395,0.0059839953217779174,1.0060358386130575,28.61482948150316,77.21010348593511
37.58,0.03425422822552546,-0.012471937606652786,0.989750132182382,28.61482994054774,77.21010411579992
37.6,0.0009192187209786766,0.0016669070195018379,0.9769072610223054,28.614830392080016,77.21010475267208
37.62,-0.0048516607257958755,-0.006667601112153313,0.982387870804367,28.61483085212815,77.21010538158606
37.64,-0.023984086501912864,-0.0066299877659902855,1.0152837523227112,28.614831311640938,77.21010601100771
37.66,0.008953925327900238,0.001607246519260603,1.039450495460938,28.614831785742012,77.21010662622973
37.68,0.010889197390549245,0.0008104588463401983,1.0276486668181086,28.614832261522697,77.2101072397669
37.7,-0.021889887216697927,0.01522348078103277,0.9731130799033889,28.61483272706996,77.21010786340776
37.72,-0.0028055117110085664,-0.0024128606825966972,1.017092546211014,28.61483319211365,77.21010848753598
37.74,-0.006710316640661322,-0.006997706982460064,0.9867367524838142,28.61483366467963,77.21010910428868
37.76,0.005119542928375421,-0.0036161489017445237,0.9883546587498244,28.61483414454604,77.21010971368285
37.78,-0.022385004844412876,-0.01429328233681985,0.9907604880405744,28.61483462938076,77.21011031795251
37.8,0.025038949090263145,-0.007198221871333431,1.0141213389971087,28.614835117767512,77.21011091849896
37.82,0.018316475631952087,0.040623174261464626,1.0191850675289809,28.614835616044832,77.21011150840819
37.84,-0.0072635111746563235,-0.018253575213917343,0.9980393785744043,28.614836112614352,77.21011210018314
37.86,-0.0043283742327674245,-0.005573126677586188,0.9983785851798395,28.614836606351158,77.21011269502577
37.88,-0.002728443005552321,-0.007749773265393808,1.0092852748647159,28.61483710191368,77.21011328789508
37.9,-0.015566171060130068,-0.0049434322448879894,1.0113598907904848,28.614837586726182,77.21011389218789
37.92,-0.008868588364700714,-0.006624786177567901,1.0235245141351705,28.614838073812496,77.2101144941033
37.94,-0.11923870588809601,0.0055848020244199945,1.9842548794620987,28.614838554508182,77.21011510264881
37.96,0.03225736741414256,-0.03420350202783589,0.5212802907125709,28.614839042570686,77.21011570353724
37.98,0.018932366166608733,0.02074342945064009,1.143486337756993,28.6148395290488,77.21011630609057
38.0,0.018693094146732474,0.012651655992843947,0.9989811544187319,28.61484001314142,77.2101169111318
38.02,0.007398512260087807,-0.024857431721262695,0.9954764942463847,28.61484050099605,77.21011751223925
38.04,-0.022346540178624693,-0.04538154545904803,0.999065010921946,28.614840987967586,77.21011811427516
38.06,-0.0008298220915475848,-0.019541442922828025,0.9840051422377893,28.6148414787357,77.21011871229722
38.08,0.019409769192267598,-0.0048533292285424506,0.9702542041358514,28.614841971138908,77.2101193085726
38.1,-0.025165292587345758,0.0516058379738155,0.9581112494657019,28.614842465021017,77.21011990325873
38.12,0.012731064137465288,0.010865139299485467,0.9973763969147031,28.614842966191127,77.2101204899795
38.14,0.046452184505255324,-0.03615179298362915,0.9913799778833412,28.61484346466121,77.21012107967742
38.16,0.021236332919794636,-0.01379311009801888,0.9864812467039235,28.61484396005805,77.21012167272642
38.18,0.02828058271123975,-0.0010642487254596646,1.0264509692566333,28.614844457395172,77.21012226366435
38.2,0.004366775008843214,0.005073671085961938,0.9828112362640938,28.614844953475252,77.21012285597178
38.22,0.019358638975299797,-0.02629497720620846,1.0283366816427761,28.61484545431671,77.2101234430566
38.24,-0.01435706428708071,-0.002699804559541228,1.0324768748853852,28.61484596157291,77.21012402295077
38.26,0.015917276246824527,-0.014352782752210814,0.9609819906642124,28.61484647086098,77.21012460052934
38.28,0.013087762681215266,-0.02207517125204633,1.0018476291799794,28.614846976633217,77.21012518210304
38.3,0.005798223480753258,0.005191912933979078,0.9920060701832801,28.614847482790406,77.210125763242
38.32,0.02632014839436997,0.015477543468856445,0.9417639211056547,28.614847991179722,77.21012634184713
38.34,-0.010775696756947773,0.01682082553923239,0.9711071749386317,28.614848497861274,77.21012692239286
38.36,-0.0037411503294732524,0.011487727022677521,1.0154987221421694,28.6148490091891,77.21012749762814
38.38,0.0019092408271659314,-0.009947390662805257,1.0403839850542254,28.61484952667064,77.21012806567772
38.4,-0.020592219421788013,0.014290995229270116,1.018053562853985,28.614850045907865,77.21012863164455
38.42,0.004538638876004957,0.006181088762085758,1.0064726494502596,28.614850569349663,77.2101291925631
38.44,-0.03437860825907694,0.0026788376590402637,0.9995733523673782,28.614851098611716,77.21012974634921
38.46,0.020939090688564185,-0.012233862434035967,1.0336532582929623,28.61485162345771,77.21013030556252
38.48,0.0009327473313193149,-0.009937522546830566,1.0429647840391527,28.614852137362437,77.21013087781019
38.5,-0.010417858078075267,0.0014777387224910803,0.9882631464095163,28.61485265901439,77.21013144088828
38.52,-0.016687472245902432,0.04879748933971003,0.9600002687937942,28.6148531827176,77.21013200149012
38.54,-0.004691580592383752,0.006024849601827803,0.958036250734576,28.614853705561437,77.2101325631319
38.56,0.013765194215448272,-0.01222377004500572,1.0264376198431961,28.614854236810775,77.21013311444331
38.58,0.010954779574751213,-0.016647788899388855,0.9990588291845123,28.61485476913689,77.21013366440529
38.6,-0.01411075894556922,-0.009835332253124057,1.0036648382091744,28.614855302187102,77.21013421345643
38.62,-0.01692079345255269,0.04354586895098131,0.9641869801408658,28.614855832917822,77.21013476541563
38.64,0.013137974126392948,-0.007985132918919242,0.9849362217442307,28.61485636737687,77.21013531268666
38.66,-0.014446948092300588,0.0181374106922057,0.9940903837219843,28.614856904539476,77.2101358565121
38.68,0.0011981954815900712,-0.007518564909427128,1.0041567676672813,28.61485743703899,77.21013640625623
38.7,-0.2172011256818674,0.005223690825592573,1.9511516784304894,28.614857967509693,77.21013695853969
38.72,0.006241242634534769,0.015834905480174445,0.5608900239372794,28.61485849443696,77.21013751520746
38.74,0.017165408603637435,-0.01143805699619848,1.1821889772006948,28.614859029854482,77.21013806126145
38.76,-0.025259258737346454,-0.012822233083055393,1.0241664657189447,28.61485956846371,77.21013860322704
38.78,-0.038223186505209755,0.0331773938891066,1.00489569239207,28.614860099797383,77.21013915443301
38.8,-0.011348945624567033,0.01969185789791594,1.012243136139111,28.614860631537038,77.21013970513073
38.82,0.036030568156643725,0.015813446373814564,0.9820225237824534,28.614861163884072,77.21014025506646
38.84,0.04044348200174757,0.01574552586245828,0.9409235302919875,28.614861696628015,77.21014080450323
38.86,0.03662354271131775,0.009191509766221309,0.98953791386231,28.614862221734093,77.21014136339967
38.88,-0.0038596273552137924,0.0403555162635013,0.9826685889114901,28.614862750486676,77.210141917817
38.9,-0.035642301639696575,0.0008781660375431359,1.0069802453725616,28.614863275959355,77.21014247626616
38.92,-0.04686078203303682,0.011545247344018388,1.0657144742736369,28.614863800136277,77.21014303629327
38.94,-0.012280763230988223,-0.029018258571880253,1.013903320352365,28.614864330980694,77.21014358811063
38.96,-0.003961472602987203,-0.016499213731824818,1.0547192031876698,28.61486486326928,77.2101441381198
38.98,0.026012508021119176,-0.02401637999670081,1.0113753939067889,28.614865399565108,77.21014468305424
39.0,0.017356109190848915,0.025481271670322988,0.9874022752485457,28.614865941908207,77.21014522016627
39.02,0.004548101579832412,-0.051050803040414997,1.0069583215624176,28.614866478571436,77.21014576463115
39.04,-0.017796895418822834,-0.008046200455054452,1.0356127719895543,28.61486702102551,77.21014630159775
39.06,-0.019215591164897804,-0.05987413205321246,1.0365912519264249,28.614867559932314,77.21014684317939
39.08,0.005082553741428708,-0.0166257579096378,0.9884932526391385,28.614868102915455,77.21014737945166
39.1,0.013941019576794531,-0.009818978994637328,1.005063673913986,28.614868639458457,77.21014792407028
39.12,0.00783762524491169,0.02769742187588088,0.9714146624065771,28.614869178003843,77.21014846611826
39.14,-0.020691959192133097,0.007932558784429144,1.0164933724938285,28.614869714949,77.21014901022235
39.16,0.013013352575841724,-0.016662830466579327,1.031067093981118,28.61487025459035,77.21014955085407
39.18,0.00851821934202823,0.021319274394636517,1.0007959890823204,28.614870804388854,77.21015007803867
39.2,-0.021413328123803567,0.0003566450905951506,0.9866523189127975,28.614871361827834,77.21015059470673
39.22,-0.015686419406005115,0.0007513371741450464,1.0072026190255512,28.61487192777476,77.21015109922979
39.24,0.01376991949123133,-0.024053430155439842,1.0083491806272633,28.61487249259568,77.21015160538761
39.26,-0.004690150702917819,-0.019800274278062788,1.0016228766369923,28.61487305754393,77.210152111361
39.28,0.031782946032729145,-0.01650194599891049,1.003574302486719,28.6148736198408,77.21015262115249
39.3,0.010022585521291528,0.0009292254630837915,0.9965237029906125,28.61487418516421,77.21015312658184
39.32,-0.009732623763785383,0.001557714539613496,1.0199190985645281,28.61487475998756,77.21015361791044
39.34,-0.00020411200781865363,0.030881853270480902,1.0147245489033025,28.61487532914695,77.21015411772214
39.36,0.0012676678527543633,0.007701103358756687,0.980337937057117,28.61487589393493,77.21015462392766
39.38,-0.0145678062648342,-0.05415131387344216,0.9797881879368281,28.614876457057402,77.21015513253526
39.4,-0.018251763963552534,0.00525283975743381,0.9949125116594688,28.61487701518534,77.21015564823729
39.42,0.014027797876189987,-0.029000327123350655,1.0147367424821037,28.614877573772905,77.21015616329316
39.44,0.016905465940841913,-0.01931941849223073,1.0029611482778162,28.614878131159518,77.21015668003456
39.46,-0.27033380534166923,-0.0162433894345266,2.0150324081680457,28.614878691724176,77.21015719229555
39.48,0.03030636188647604,-0.013266766470246036,0.49103147064152697,28.614879257071465,77.21015769769028
39.5,-0.010835464720232038,-0.027502987840806063,1.1988982282534464,28.61487982934338,77.21015819286866
39.52,0.03348541532142261,0.004069640069045753,1.0176097292044826,28.614880404871275,77.21015868312585
39.54,-0.018018422371083056,-0.028216045701819185,1.006661168701341,28.614880968740124,77.2101591906593
39.56,-0.020253711267369856,0.007133352144996939,0.9936944362509571,28.614881539317018,77.2101596883694
39.58,-0.035199177642985004,0.044739421541232595,1.0046303754409291,28.61488211396559,77.21016017996327
39.6,-0.00891590627653634,-0.026587181178681276,1.026300961190484,28.61488268812587,77.21016067229692
39.62,-0.010074446736589074,-0.005690206086784443,0.9886073984690724,28.61488325176036,77.21016118016807
39.64,0.01051874560509301,-0.050469147250249397,1.0080531396329433,28.614883820043634,77.21016168127177
39.66,0.004877818832409019,-0.006018705859402664,0.9985907931906801,28.61488439108099,77.21016217829616
39.68,-0.023859467420382738,0.012854343052629676,1.008539673677242,28.614884959175605,77.21016267967737
39.7,-0.007854524768516351,0.01441278462714534,0.9869087011680854,28.614885524552886,77.21016318502859
39.72,-0.007429240421753709,0.001547274605681934,1.0022067086631876,28.61488609299759,77.21016368589466
39.74,-0.03551964493923786,0.017785268495179515,1.022156465648336,28.61488666508941,77.21016418134303
39.76,-0.01961893454026739,0.05092109071885584,0.9812598603750778,28.61488723522743,77.21016467970536
39.78,-0.015416272612281788,0.03424609374875199,0.9734118979334984,28.614887806691982,77.21016517609222
39.8,0.02867250039641893,-0.010450418588192739,0.9741708887102607,28.614888376901405,77.21016567434853
39.82,0.0038290143191470516,-0.029022079729334772,0.9765867493959962,28.614888947850712,77.21016617150418
39.84,0.013243375078949992,-0.008123028331476071,1.0119064657578534,28.61488951726318,77.21016667094177
39.86,-0.02997270994298424,-0.018939655312346964,0.9718828062826906,28.614890084675693,77.2101671733243
39.88,0.023884289660279837,0.009026950957292654,0.9940420931051294,28.614890660570126,77.21016766302269
39.9,0.026022041260481858,-0.023623870788589962,1.012365786066214,28.614891238448827,77.21016814967835
39.92,-0.03996689934289252,-0.0014564486518068415,1.008333181210972,28.61489181489871,77.21016863852797
39.94,-0.014106334478316964,0.01676028109072621,0.9922888204007503,28.614892387851164,77.21016913268419
39.96,0.009915311460310206,-0.0020139174563435403,1.0038184746351022,28.61489296224059,77.21016962467094
39.98,0.012887769070763644,-0.01892627645495593,1.0021429065947514,28.614893544498365,77.21017010450565
