timestamp,x,y,z,lat,lon
0.0,-0.033924252196187214,-0.014009106472281756,1.0080226105129224,28.6139006267769,77.20900040049116
0.02,-0.007356652412283261,0.023011440025810025,0.9931467075613946,28.61390125072984,77.20900080666394
0.04,-0.03675146077488899,-0.001974189088077237,0.982663023373278,28.613901871898655,77.20900121833684
0.06,-0.004093535726299023,0.028979902675389444,1.023092267790609,28.61390249149135,77.20900163308032
0.08,0.01120992103681761,0.011404062196728513,1.017182450032499,28.613903114506098,77.20900204111757
0.1,0.00857712432086402,0.021326592239204252,1.0002220905159374,28.613903736678633,77.20900245081893
0.12,-0.010044961895800621,-0.004867048370194159,0.9996879458295214,28.61390436115634,77.20900285594388
0.14,0.00809023368594157,-0.02783688739785877,0.9775760061914304,28.61390498660407,77.20900325912243
0.16,-0.02239614902931272,-0.020315569003938577,1.0274223742433206,28.61390561551205,77.20900365525478
0.18,-0.012836769721815782,0.024507366233779037,0.9776760041691849,28.613906246762667,77.20900404652218
0.2,-0.033135171061247665,0.003573116603660267,1.0180975022173977,28.613906885099762,77.20900442257502
0.22,-0.010626960101129622,-0.027492264513676562,1.0404002006241433,28.61390751840208,77.20900480951632
0.24,-0.015506354325529924,0.012988856648384582,0.9846361736964705,28.613908154547783,77.20900519035726
0.26,-0.008177208994801852,-0.031163707978125153,0.9900544877318048,28.613908786047375,77.209005581103
0.28,-0.005434742374642312,0.009217137621624148,0.9842241325776622,28.61390941910016,77.20900596857379
0.3,0.004987312494686016,-0.005174773403442712,1.0248271549012944,28.613910054164762,77.20900635174887
0.32,-0.039271444985478764,0.013785761052680121,1.0025902704030492,28.613910696110672,77.209006719744
0.34,-0.01719849098234026,-0.005281451535637252,0.9704127783216391,28.613911331784884,77.20900710160515
0.36,0.019568263709743353,0.014503455743207437,0.9784071706006964,28.61391196390634,77.20900749104395
0.38,0.019912561118044445,-0.030618833534255284,1.0132679807698393,28.613912599235302,77.20900787364995
0.4,0.0011142894666270476,0.006684575669472036,0.9853074226966329,28.613913231447313,77.20900826289797
0.42,0.0015451441956690268,-0.008879609605991887,0.964690289480816,28.613913859964313,77.20900865983474
0.44,-0.022544976752169276,0.0074704753980072355,1.0112491858627026,28.613914487770007,77.2090090582295
0.46,-0.007468135421009581,-0.006152169035201013,1.0073846645771531,28.613915114967767,77.20900945786482
0.48,0.01644225885560032,-0.01788866467646699,0.9848277210654042,28.613915742209986,77.20900985740961
0.5,-0.0248900750069233,-0.0020980578848553617,0.9929953740880603,28.613916372178945,77.20901025134835
0.52,0.002893656946464496,0.024752309036534453,0.9933881620889822,28.613917003532624,77.20901064239996
0.54,0.011138113230847934,-0.012075169542683534,0.9961213749672707,28.61391763817527,77.20901102648115
0.56,0.0009472892242883342,0.003996887685791277,1.0273019113270685,28.613918269298473,77.20901141801522
0.58,-0.002976370440989346,-0.01346944190470987,1.0147848377465918,28.613918894630874,77.20901182142588
0.6,-0.0031820569041129503,-0.03928886200694026,1.0116645249677545,28.613919518674802,77.20901222741729
0.62,0.010011567410523343,0.0015015043612842435,0.9981778241768399,28.61392014457772,77.20901262967824
0.64,0.003891892515922837,0.07782753882558208,0.9847603626667654,28.61392077204847,77.20901302875714
0.66,0.00988954302428929,-0.026741463147997333,1.0288129303046305,28.613921398273078,77.2090134303679
0.68,-0.007336812400867997,0.01917087239900608,0.9996973633898544,28.613922022517393,77.2090138359594
0.7,-0.00641571672563226,-0.047422898146501025,0.980878866637177,28.613922646244088,77.20901424258291
0.72,0.010978255794214038,-0.0011046417086848096,1.0603320103950966,28.61392327252387,77.20901464408202
0.74,-0.017837487240845013,-0.02785458412294967,1.004574413007188,28.61392389463007,77.20901505391416
0.76,-0.022573766797583526,0.008650855960604355,0.9772482159585576,28.6139245162829,77.209015464638
0.78,0.0454564769463984,-0.0110454725897825,1.0176177690739112,28.61392513626652,77.20901587862282
0.8,0.008454236709579377,-0.0117676230801635,1.0192984425348797,28.613925763762257,77.20901627765076
0.82,-0.004912823730602143,-0.0226533707562206,0.9919738863683087,28.61392639201958,77.20901667512065
0.84,-0.013892645964122452,-0.04298865499626146,0.9821262911298513,28.61392701778222,77.20901707766471
0.86,-0.018377886075345636,-0.0058847027420228714,0.9948005389783572,28.613927647862564,77.20901747137226
0.88,-0.0009631323378747953,-0.01421044130059284,1.013643511185037,28.61392828388428,77.20901785248189
0.9,-0.0019079706498486724,-0.008337102813313926,1.0159251288951934,28.613928916079843,77.20901824176464
0.92,0.008775401420741675,-0.006842711061754752,0.987817309126419,28.613929547844894,77.20901863195324
0.94,-0.025984319483601883,-0.016808492369840684,1.0282248076460956,28.613930178920885,77.2090190235861
0.96,-0.025169212281189717,0.002377069117428754,0.9695409105699723,28.61393080860937,77.20901941810632
0.98,0.005200466282734329,-0.004364807509475612,0.988008441487663,28.61393143739961,77.20901981448122
1.0,0.007729917091731036,0.01651035690526035,0.9975954261939071,28.613932076268817,77.20902018935979
1.02,0.01807334374227904,0.04758582019881301,0.9938047965461452,28.61393271647094,77.20902056127598
1.04,0.03323256511404168,0.004562592326556287,0.9897018431624071,28.613933357139917,77.20902093214754
1.06,-0.0053868010262727055,0.02213834037002978,1.0253767119341075,28.613933997282214,77.20902130419735
1.08,0.013417837918098561,0.002508726313526897,0.9971951019135346,28.613934637338236,77.2090216764397
1.1,-0.02081237804500809,0.009307717996808205,1.0075193109874774,28.61393527879398,77.20902204554237
1.12,-0.05171140230643942,-0.006519995385368417,1.0065721718174934,28.613935917370146,77.20902242106827
1.14,-0.019584237230188678,-0.002050066952393711,1.0072951745690204,28.61393655688276,77.2090227945206
1.16,-0.00958309251453743,-0.015903169039602573,0.9966482422183046,28.613937195788633,77.20902316931809
1.18,0.04301199203661737,0.028353454407317326,0.9639431948412341,28.613937829363334,77.20902355568046
1.2,-0.03326029740613771,0.01935901773174737,1.0180445283203319,28.61393846775112,77.20902393162174
1.22,0.014821395855638799,0.0051028719782894305,0.9983434532581752,28.61393911345527,77.20902429098366
1.24,-0.011830594006889933,-0.020505236910076028,0.9906512731007021,28.613939758073982,77.20902465286538
1.26,0.009953265693846719,-0.0035298228343726545,0.9906921682504706,28.613940400816468,77.20902501905194
1.28,0.0008461177061758958,0.019349085768743154,1.0060946781135536,28.61394103640773,77.20902540109232
1.3,-0.01829459231557455,0.04891876760778879,0.9899908017929444,28.613941671891084,77.20902578336558
1.32,0.020489372762245012,0.001543866764912749,0.9956335311309285,28.613942307964546,77.20902616436318
1.34,0.008974756443913257,0.0245088484789188,1.01387550159248,28.61394294578931,77.2090265415425
1.36,-0.0002921264040124073,0.0034677442896350326,1.004075450022928,28.61394357998394,77.20902692658285
1.38,0.0058749812795982495,0.025515662196433753,0.9824511302741483,28.613944212449617,77.20902731529588
1.4,-0.008490271984891136,-0.04181003404554321,1.0110020218764528,28.613944842093456,77.20902770990863
1.42,-0.038657276321174466,-0.017219951372256667,0.9939736361993473,28.613945470776535,77.20902810650408
1.44,0.002242114695364491,0.006266942549868012,1.016847825010375,28.613946096452207,77.2090285092236
1.46,0.0445327960446268,-0.02433533241422966,0.9923279536541058,28.613946717101417,77.20902892191235
1.48,0.01690571344890133,0.008489099756154169,1.0029910516412495,28.613947335580956,77.20902933880637
1.5,0.0058630944622278195,0.0007896022261483428,1.0119684473494077,28.613947956026596,77.20902975189213
1.52,0.007708707460416563,-0.032110970417442236,0.982667955888403,28.613948579946353,77.20903015813123
1.54,-2.3700277126289232e-05,-0.03584040976330475,1.01430547980572,28.61394920331133,77.20903056547398
1.56,-0.04480904598917281,0.006659477752605897,1.0339986903730176,28.613949821193085,77.20903098351664
1.58,-0.02103136131661796,-0.02294153293896164,1.0094814008368298,28.613950438316724,77.20903140300989
1.6,-0.0012705924162847168,-0.009144498261250565,1.0040642448173096,28.6139510614672,77.20903181077828
1.62,0.018467277596144506,0.012618908294931269,1.017864575323071,28.61395167815684,77.2090322310989
1.64,0.03661476378967304,-0.0016377607987520387,1.0166183366518704,28.6139522931377,77.2090326546558
1.66,-0.021524134415050755,-0.008459725821896823,1.0028064981504827,28.613952908454092,77.20903307757989
1.68,0.013129426988951046,-0.030336368221744344,0.9811777173011178,28.613953524392166,77.20903349932807
1.7,-0.04460352201381431,0.029996261211902006,0.9869713836341244,28.613954148699428,77.20903390479396
1.72,-0.006628305343352521,0.016106476605687974,0.99272345609615,28.613954775934825,77.20903430435278
1.74,-0.0005619599238991032,-0.012885642921810546,0.9745564027230945,28.613955406110893,77.2090346978616
1.76,0.03370574256430132,-0.0180619631432627,1.0277489865867901,28.613956034115926,77.20903509584862
1.78,-0.016323112795269788,-0.011237697150555151,0.9813182671223135,28.61395666285853,77.20903549232166
1.8,-0.006961810567634155,-0.019583403047574985,0.9989972797157405,28.613957287767743,77.2090358965825
1.82,0.019847116843637328,-0.005933652014415598,0.9820812447534693,28.613957920189435,77.20903628538845
1.84,-0.014668993669265223,0.022323993483586976,1.011764844293768,28.613958544740818,77.20903669036622
1.86,-0.010584112875568083,0.020232351910614347,1.0197994473221987,28.613959164825445,77.20903710415483
1.88,-0.02882912039972461,0.02016542632193243,0.9738153339331438,28.613959783346637,77.2090375209687
1.9,0.012465946847610654,-0.025950145532414846,1.0132258477383704,28.61396040313202,77.20903793533867
1.92,-0.028659707686188977,-0.020714821101528034,0.9761212556919667,28.613961020029027,77.20903835526428
1.94,0.021047249236376513,0.019248075459712213,0.9920447731112508,28.613961636599004,77.20903877581269
1.96,-0.024963884430213606,0.009016299620482966,1.0530124450662612,28.613962253900702,77.2090391949659
1.98,-0.01514667493505525,-0.008691834192007279,1.0056213447624602,28.613962868435674,77.20903961936177
2.0,-0.023448223247528814,0.014230394735072252,1.0180212730788947,28.613963479712673,77.20904004981975
2.02,-0.005658316052000084,0.010095696408339832,1.0062881105755332,28.61396408964414,77.2090404827473
2.04,0.021532062076662917,-0.030653044030126475,0.9968674835553947,28.61396470138534,77.20904091234873
2.06,-0.013970367204709639,-0.04515990559725568,0.9877105736790116,28.61396531358171,77.20904134110796
2.08,-0.019610406448980537,-0.00025983303231766455,1.0296169237395958,28.61396593079048,77.20904176043872
2.1,-0.0003531260747508629,-0.04318821994910024,1.038422186674353,28.613966553101076,77.20904216986817
2.12,-0.001326574478450223,0.021911676184180887,1.0010790450283296,28.613967177563644,77.20904257502364
2.14,0.013567178266674614,0.010210291866575624,1.0242384675347347,28.61396779854772,77.2090429870583
2.16,-0.026302426396849134,-0.007358283629392718,1.0174810561990402,28.61396841910558,77.20904339992535
2.18,0.004759523223044115,-0.024648571803962273,0.9962239516253998,28.61396903617955,77.20904381951347
2.2,0.024797502178956966,-0.018734873257590556,1.001158221551773,28.61396964844504,77.20904424814465
2.22,-0.020298372689356844,-0.060546038049499325,0.9912728719340811,28.613970259342757,77.20904467930076
2.24,0.0038114512056487255,0.027886407016572246,1.0408522974248098,28.613970874131475,77.20904510321952
2.26,-0.0203412674803168,0.003878986873007877,1.0161834078156606,28.613971485875958,77.20904553281491
2.28,0.021905176824912595,-0.0036052142826404625,1.0006289648885116,28.61397210185945,77.20904595447709
2.3,0.03384423667798642,0.036701734530408064,0.9903060535545425,28.61397271981448,77.20904637237928
2.32,-0.023814652400554883,-0.018962986514758504,1.0103450238211336,28.613973332739448,77.2090467997857
2.34,0.005832076422237969,-0.004035456512386681,0.9739818268833014,28.61397394568355,77.20904722715652
2.36,0.007143045814579203,-0.013906240219777684,0.9848666382255292,28.613974556890927,77.2090476577428
2.38,0.0026701031109954,0.041615294108005456,0.9959887189549202,28.613975175685326,77.20904807403022
2.4,-0.004527228709288956,-0.005782720790847772,0.9915710183634886,28.61397579563604,77.20904848807919
2.42,-0.011426042420133665,0.0037021923367068026,0.9957994970266639,28.61397641455901,77.20904890411852
2.44,-0.03131214769239102,0.03241632614897786,1.0135842515041793,28.613977033133526,77.20904932082976
2.46,-0.003245537491177433,0.021685964679167627,1.0387982246230585,28.613977648805804,77.20904974308134
2.48,0.01728298415413904,-0.03250504166587942,1.0142845095136366,28.613978266814215,77.2090501608811
2.5,0.022072191396187896,-0.006299307368614657,0.9969166953487885,28.61397888057419,77.20905058672983
2.52,0.0035929037101642227,-0.001403941347003756,1.020121381199567,28.61397949605631,77.209051009341
2.54,-0.019770262176373378,0.003209263575873872,1.0009722324503445,28.61398011145397,77.20905143211174
2.56,-0.025610153847901072,0.006301623951874301,0.9626939075081532,28.613980730487068,77.20905184793841
2.58,-0.012363624094347945,-0.01812158967797233,1.023946297722378,28.613981347489737,77.20905226766261
2.6,-0.038202005259016944,0.030560724499829033,0.9762895189324438,28.61398196727015,77.2090526820423
2.62,-0.05045911663713762,0.008915261775006797,1.002655946103301,28.613982586090916,77.20905309827889
2.64,-0.026902197463745014,0.013007700893886283,0.9840485890674876,28.613983201914024,77.20905352024499
2.66,0.006238129554632571,0.027455476272213022,0.977213434316143,28.613983814290716,77.20905394867005
2.68,-0.032769657579085155,0.005532764388252682,0.9910803210995617,28.61398441661153,77.2090543952102
2.7,0.0065781134782602595,-0.0041796640516062735,0.9492878256994797,28.613985018904177,77.20905484179966
2.72,-0.016538649365771138,-0.007259436063014113,0.9861191689704281,28.61398562240571,77.20905528626636
2.74,0.024055727914173656,-0.004500622460786995,1.0083707870197856,28.613986228346803,77.20905572640504
2.76,-0.012016563497840914,-0.003229868627797473,1.0073303574062158,28.613986831901894,77.20905617077739
2.78,-0.009237928754953054,-0.03823588780494305,0.9625554884500125,28.61398743595479,77.20905661427115
2.8,-0.015006310855053606,-0.012420401332026914,1.0194015893316464,28.613988043273128,77.20905705193977
2.82,-0.014588607242217718,-0.021865842153859637,1.0474456324557375,28.613988653936058,77.20905748352733
2.84,0.001758121638123227,-0.04057546961313443,1.034561032792242,28.613989259791367,77.20905792381923
2.86,0.00573714347284073,0.0031379527171859975,0.9894570526266184,28.61398986221599,77.20905837017766
2.88,-0.0009143603274172881,0.008869763182888105,0.9868123069506057,28.613990459403727,77.20905882557608
2.9,-0.025462916868883374,-0.017226261515856295,0.9820626182585719,28.61399106223245,77.20905927122601
2.92,0.008134926111948257,-0.005602907125000784,1.0365092731225811,28.613991666456517,77.20905971441712
2.94,-0.024198658188687192,0.011313642150681346,0.9896325478190424,28.61399227421425,77.20906015129358
2.96,-0.021757296072463416,-0.006030106724493868,0.9858189065353847,28.61399288145789,77.2090605890967
2.98,-0.011335378102186624,-0.0027276346364207196,1.016753574794528,28.613993491720525,77.20906102141835
3.0,0.015502683917007752,-0.004894320898804705,1.02271932421559,28.61399409662218,77.20906146340846
3.02,-0.022772472225706223,0.012033691050202442,1.0194793271740599,28.61399470290539,77.2090619029354
3.04,0.007350443175400936,-0.00033560742019384334,0.9789070826582934,28.61399530192162,77.20906235520694
3.06,-0.05137011722818488,-0.006506844237822325,1.009870903743346,28.613995897492767,77.20906281334425
3.08,0.010110701487850114,-0.009495727628732575,1.0292404558417205,28.61399648940152,77.2090632775997
3.1,0.020904210272695737,-0.016750431655633915,1.0000454702334245,28.613997074180503,77.20906375343519
3.12,0.01215490279280193,0.011941858034333688,1.0058996484843308,28.613997658669984,77.20906422973202
3.14,-0.0010061725618955137,0.011322177280370611,1.004063749938772,28.613998239613785,77.20906471162488
3.16,-0.013913174725545468,-0.00012171891010386073,0.9946047091164634,28.613998819224108,77.20906519559685
3.18,-0.018824595919376543,0.018758182294506202,1.0090662083941309,28.61399940216664,77.20906567434741
3.2,-0.016924788194108455,0.00021591048319401942,1.0177842064251592,28.613999987752322,77.20906614889385
3.22,-0.012024430216002132,0.006491324271305227,1.0260547440819947,28.614000574177158,77.20906662209374
3.24,0.018699451959762827,-0.011392027950939047,0.9988950657726507,28.614001158728378,77.20906709829227
3.26,-0.0024153692468090343,0.023981239851390522,1.0013468640660514,28.614001740118546,77.20906757948609
3.28,0.01567682705432307,0.0032418808079902666,0.9899093739082695,28.614002319126016,77.20906806439353
3.3,0.06086504695415482,0.007732369613907936,1.0315602430843815,28.614002895661702,77.2090685531077
3.32,0.03305332310118374,0.0013350811185996756,0.9913582966338869,28.614003473384276,77.20906903999972
3.34,-0.0003114307109186288,0.0016855094166735392,0.9980357450491463,28.614004060443097,77.20906951217846
3.36,-0.011196420733841838,0.005220476862449573,1.0015901802393383,28.614004644320715,77.20906998944812
3.38,0.01666558950105816,-0.041071984693344145,1.0041748382536864,28.614005231521624,77.20907046139756
3.4,0.016635053207905304,0.008477643384451814,0.9700422095183517,28.614005809655804,77.2090709476552
3.42,0.010757749824885057,-0.014233603267586747,1.0109198835542634,28.61400638631668,77.20907143617768
3.44,0.02950354778381701,-0.004629001798446028,1.0088909169532856,28.61400695701299,77.20907193370596
3.46,-0.018888280275156117,-0.013117585388160886,1.0031613915907502,28.614007532490728,77.20907242403548
3.48,0.005727556580773433,0.016616673315407962,1.0071987819134829,28.614008103071313,77.20907292173595
3.5,-0.0007396770763535451,-0.015844577504626173,0.998907594020522,28.61400867051078,77.20907342407475
3.52,0.013642955735122017,-0.0058913092740110855,0.9712424592127169,28.614009236282673,77.20907392884834
3.54,-0.009217242598049654,-0.012985555792711047,1.0218865848051217,28.614009806680627,77.2090744268204
3.56,0.007365409374053721,-0.014838134021136339,0.9709569685372655,28.614010380143302,77.20907492020388
3.58,-0.03575980041403709,-0.014608956776425139,0.9825895836690481,28.614010950757113,77.20907541785493
3.6,-0.0003946902523714135,-0.02485343847762715,1.0239924470369732,28.614011524432307,77.20907591091773
3.62,0.03423876874179851,-0.011264772120088229,0.9729478986504434,28.614012101677616,77.20907639854377
3.64,-0.010389465706924329,0.003853577646940518,0.9968378633675242,28.6140126810794,77.20907688283971
3.66,-0.0020347678106514954,-0.01822776161123442,1.036269561105713,28.614013258337557,77.20907737044602
3.68,0.021388240082951,0.0025138392031801133,1.0014493687310333,28.6140138294532,77.20907786734956
3.7,0.009419531172876668,0.010596712597198745,0.9724475070218181,28.614014398757845,77.20907836694246
3.72,-0.03422967689184392,-0.0027590128278013773,1.0150472016638337,28.614014962671273,77.20907887440745
3.74,-0.002808450019384595,-0.02381010317495316,1.008993735867592,28.614015527211908,77.20907938096673
3.76,0.007666235998839156,-0.03518323562858078,1.0024302875382376,28.614016082570085,77.20907990053016
3.78,0.027337996096817696,0.01618809727018905,0.9592195108888362,28.61401663180869,77.20908042846723
3.8,0.023583671600676842,0.030863370947044725,1.026132957742832,28.614017176879866,77.20908096197941
3.82,-0.0012851785049933012,0.02819854013324759,1.0353917506344692,28.614017719804778,77.20908149832383
3.84,0.012706958815342966,0.0060264878544383565,0.9995082652334124,28.614018260857765,77.20908203711724
3.86,-0.001564645654379912,0.006202541125466003,0.9867450530837132,28.614018808900894,77.20908256666397
3.88,-0.010065117195855906,-0.004366660711224551,1.0106686234754718,28.61401936402835,77.20908308654727
3.9,0.02191773947207894,-0.004714428184162619,1.0109060429716166,28.61401991616083,77.2090836105528
3.92,0.02057594733375348,-0.01455659282961025,1.0126483654643057,28.614020467958973,77.20908413501512
3.94,0.005381702184948712,-0.01692558462995138,1.0001997033733683,28.614021017160677,77.20908466300203
3.96,-0.013064602735866857,-0.0374437114773219,1.0109014253782944,28.61402157156404,77.209085183887
3.98,-0.0005354940471336353,0.013998477215764603,1.014985132124381,28.614022118938582,77.20908571433031
4.0,0.0007775581877767049,0.011014753242157966,1.0512883666010149,28.61402266725227,77.20908624351351
4.02,0.018446911140489575,-0.007581516239880463,1.0088241147405463,28.614023213795935,77.20908677506738
4.04,-0.006109061798420891,0.025129187083748464,1.0035568956837428,28.6140237626805,77.20908730348206
4.06,0.0005673014370012353,0.04468147361307478,0.969623058697135,28.614024310047377,77.20908783393564
4.08,0.0037403108764462855,-0.02977675716957971,0.9713690413975121,28.614024846162966,77.2090883790958
4.1,-0.005392533693191771,0.011339902138957884,1.0025065119453447,28.614025376702948,77.20908893128853
4.12,0.005123484746272468,-0.0004271559920313983,0.9984054468466822,28.614025909992307,77.2090894800339
4.14,0.0022298688497809425,0.032203693159398264,0.9808707744948131,28.614026448101562,77.20909002263927
4.16,-0.016317951544228763,-0.01039542094725542,0.9801958511552494,28.614026984517363,77.20909056741611
4.18,-0.011117989574162452,0.021241240354498783,1.01208807812428,28.614027522510398,77.20909111017102
4.2,-0.02816980601129363,0.013776076091500737,0.9884392828725714,28.614028063718123,77.20909164876278
4.22,-0.014778856643203303,0.023057059449996004,0.9846308399425581,28.614028595422422,77.20909219950043
4.24,0.02853178747748262,-0.014488586881808903,0.9790099708282813,28.614029136586385,77.20909273814927
4.26,0.013232279612128656,-0.0077127114131296335,0.9836841267091724,28.614029674379037,77.2090932811618
4.28,-0.01605917137639908,0.01054917202216793,0.992491790441363,28.61403020280935,77.20909383597329
4.3,-0.003833274625370607,0.022629662120625303,0.9995433178624087,28.614030736852865,77.20909438376614
4.32,-0.01739379143943353,0.00443675822232589,1.004669609149485,28.61403127289676,77.20909492901781
4.34,0.014522797702872313,-0.037972695959136764,0.9916022921980417,28.614031810511424,77.20909547225901
4.36,0.005035665949632616,0.023722217354438215,0.9643171593105339,28.614032340380696,77.2090960252868
4.38,0.013647330558286522,0.025916216428469876,0.9776066922529308,28.61403287039264,77.20909657813716
4.4,-0.006312194762835981,-0.0109834987827414,0.9897389007169541,28.614033390351967,77.2090971432387
4.42,0.020016418995917554,0.017016083827431614,1.0206456732075424,28.61403390606675,77.20909771336498
4.44,-0.023832998373648766,0.009841930891955102,0.997976697854464,28.61403442354134,77.20909828141838
4.46,-0.01185926657809862,-0.01782739682324948,1.0085258356250961,28.614034946609642,77.20909884278451
4.48,-0.007960954499569425,0.017766440791676143,1.0280156216618468,28.61403547463293,77.20909939809866
4.5,0.016041295184309762,-0.0008614460467552314,0.9966713494270745,28.61403599941426,77.20909995738637
4.52,-0.01086693864859468,-0.0271619304958092,0.99979435911379,28.614036511408532,77.20910053184747
4.54,-0.01932326950208408,0.01796861624490211,1.0007735753157554,28.614037025784363,77.2091011035412
4.56,0.00018585315558458185,0.04229602921859744,1.001264279255134,28.61403754337171,77.2091016714613
4.58,0.0487415817536153,-0.04606504620142229,0.9791603120691059,28.61403805768307,77.20910224323029
4.6,-0.01952522330619738,0.006116343006476193,1.0100011683617631,28.61403857297911,77.20910281384771
4.62,0.024775553862555328,0.005327044317393531,1.0019973944997513,28.614039090595714,77.2091033817332
4.64,-0.00015388336548997553,-0.023083130724222366,0.9834493181668864,28.614039600410354,77.20910395870422
4.66,0.00011379554534778575,0.020526947810505222,0.9965183840158053,28.61404010242304,77.20910454448506
4.68,-0.012054114426712129,-0.021836574046956138,0.9628400433725774,28.614040602961918,77.20910513190016
4.7,0.012505269927913738,0.0016888880502554523,0.9693265049154759,28.61404110685099,77.20910571558673
4.72,0.020768780569025518,-0.014970833448835843,1.0176936363425686,28.614041608747723,77.20910630149649
4.74,0.030100390535442938,-0.020516188035545047,0.9956700644037977,28.614042105347448,77.20910689323406
4.76,0.005713721923790418,0.0074248996606042965,1.0266088597546652,28.614042594905317,77.20910749253737
4.78,-0.013839260122311394,-0.014234135610242147,1.001254380895284,28.614043078515785,77.20910809807415
4.8,0.03574825202045263,0.025609613985742775,1.0043976572036097,28.61404357572415,77.20910868914817
4.82,-0.009058205557359636,0.0004370474240538172,0.9995651455167905,28.614044070374327,77.20910928300083
4.84,-0.015443507703736403,0.01720497077289747,0.9798032426289603,28.614044560991776,77.20910988117873
4.86,0.005784357452574579,0.01596613863984985,1.0082200506128152,28.614045046729277,77.20911048450232
4.88,-0.019276436604999416,0.02377852483074988,0.9866005437929575,28.61404553056488,77.2091110898057
4.9,-0.009989974749995953,-0.005813604193684353,1.0063575571101537,28.614046014170448,77.20911169534757
4.92,0.012531167704687915,-0.00243530433120784,0.9833082301875318,28.61404649933255,77.20911229927164
4.94,0.05745492491712401,-0.017756556148162038,1.0148953907945852,28.614046988686745,77.20911289879078
4.96,0.011309128247914954,0.002792765514574221,1.008693222959967,28.61404748136131,77.20911349477072
4.98,0.023697105637034938,-0.015986474842559613,1.024455453156687,28.614047966762385,77.20911409844557
5.0,-0.010141724744064022,0.02271609734905599,1.0144848560876871,28.614048448363707,77.20911470605664
5.02,0.005341276616672192,-0.01832911185343272,0.9988766691711922,28.614048925542768,77.2091153181784
5.04,-0.03835818944631209,-0.008711823687527393,1.030736051436694,28.614049405765886,77.2091159272033
5.06,-0.026649729810539965,0.010899157957797079,1.0076668695681819,28.61404988312426,77.20911653914362
5.08,0.0031294135818494863,0.010092532911920726,0.9537733275920066,28.61405035051363,77.20911716098934
5.1,0.007074467523817564,-0.02289965173939061,0.9878264801604053,28.614050817145035,77.20911778357326
5.12,0.0168964191164337,-0.01200846778426548,0.9970281854437474,28.61405127943545,77.20911841034538
5.14,-0.003792463379961715,-0.006159725590031528,1.0261527094969107,28.61405174450089,77.20911903444792
5.16,0.030178458437012026,-0.0033635129347525266,0.9913197082881919,28.614052211693892,77.2091196564851
5.18,0.011006811907408437,0.003941309534441467,0.9862004583834384,28.614052677324263,77.20912028004082
5.2,-0.036264012642128314,0.015095575241634367,0.9589905912988151,28.614053146748795,77.20912089989415
5.22,-0.03622614604473656,-0.0028125193814193374,1.0258388775346032,28.61405362022371,77.20912151573701
5.24,0.0025713814574970574,0.0018706026384253548,1.0287914876888848,28.6140540946109,77.20912213066822
5.26,-0.004743856103449415,-0.01570329560385792,0.9772063849935532,28.61405456789577,77.20912274670063
5.28,0.004431025213149702,0.030028192418889123,0.9716177045332842,28.614055044483834,77.20912335941959
5.3,-0.006721680282584546,0.008235040794046132,1.0208044582598392,28.61405552014674,77.20912397307072
5.32,-0.012007512194892093,-0.005700741600993657,1.0258968490319407,28.614056001823162,77.20912458060458
5.34,-0.014693365386609225,0.024584522153679247,0.9855577444799377,28.614056482623234,77.20912518903855
5.36,-0.0011425998175099439,0.00740922122401539,0.9953524229671604,28.614056973452247,77.20912578699127
5.38,0.016793582017976247,0.004398948837598325,1.0111384003398978,28.61405745857553,77.20912639095586
5.4,-0.02152417179370249,9.569439823541193e-05,0.9795654614734046,28.61405795187682,77.20912698626277
5.42,-0.002773361540101569,0.020320020451278516,0.9818810234047552,28.614058436990273,77.20912759023761
5.44,0.028493518915684805,0.032262303838632066,0.9931740103046032,28.61405891982762,77.20912819657453
5.46,-0.03482440095889177,0.019981728991503914,0.9800768998263635,28.614059399512374,77.20912880614976
5.48,0.01285045728651092,0.0006491793739732806,1.0582465009222766,28.614059881534036,77.20912941332824
5.5,-0.004168883233251701,0.02678862592982842,1.024905669191991,28.61406036065617,77.20913002347737
5.52,-0.015604490711544561,-0.005213402667216266,0.9939185176654868,28.614060838770765,77.2091306346512
5.54,-0.011086515741746947,-0.01764038463783238,1.0025963848128487,28.614061323030047,77.20913123951487
5.56,0.02065735547740074,0.01619724903999296,0.9679379942920632,28.614061803185173,77.2091318486094
5.58,-0.0026046718030352904,0.028810164046327892,1.0080359126582834,28.614062287778758,77.20913245312556
5.6,-0.021515131175035795,-6.016456372389375e-06,1.014826964177847,28.61406275982308,77.20913307039189
5.62,-0.0173305580149386,0.03296729477340073,0.9866494290834915,28.61406323609796,77.20913368342681
5.64,-0.009980699947494983,-0.029008611910824475,0.9910166661583325,28.614063721016112,77.20913428760515
5.66,0.017356937148341835,-0.0018471322286524284,0.9817850654412018,28.61406419688266,77.20913490105143
5.68,-0.010051555996709103,-0.01706488457316367,1.0276966817144573,28.61406466853897,77.20913551870252
5.7,-0.0004955000821812775,-0.01745408881546948,1.026681849546019,28.614065137723514,77.20913613879165
5.72,-0.013828110174654398,-0.0006332342187610447,1.0078293019986773,28.614065609910035,77.20913675591684
5.74,-0.007969887076856095,0.03445508948994017,1.002684283202824,28.61406608174718,77.2091373733887
5.76,-0.0032377134944702552,0.026350054236972457,0.9750373624202614,28.614066554437585,77.20913799001315
5.78,-0.01860759652600339,0.027906332665702586,0.9856502848353657,28.61406702227614,77.20913861142051
5.8,-0.015622966667614762,0.00889347524141575,0.9941818057282271,28.61406749333999,77.20913922965805
5.82,-0.01042930565783373,-0.005747071740277062,0.9865930210472971,28.614067967124157,77.20913984519231
5.84,0.030033061266683998,0.0067045002107656805,1.0112789673698521,28.614068436994224,77.20914046460753
5.86,0.0012143817380535515,-0.028318420894431467,0.9672267626935128,28.614068899597672,77.20914109107999
5.88,-0.017909061077358564,0.030901184358720673,0.9742159426053345,28.614069364328476,77.20914171550601
5.9,0.016875928212936313,-0.035676155923624726,0.987398066420813,28.61406982550891,77.20914234333841
5.92,0.01794026208194675,-0.0025592942468438645,0.9685383097283548,28.614070280935312,77.20914297659773
5.94,-0.018324248680095058,-1.098435158037552e-05,1.0200124725501742,28.614070741447655,77.20914360506616
5.96,0.03250043191587135,0.016939311206804992,1.0227872903263178,28.614071203491463,77.20914423207431
5.98,0.00766450239808629,0.008786816561601083,0.9661202137379296,28.614071674904977,77.20914484996592
5.98,0.041212324526977824,-0.018318722008205203,1.0232121385772897,28.614072187397056,77.20914542385093
6.0,0.004906503988238417,-0.0028856893983465605,0.9902089004225383,28.614072703850685,77.20914599310892
6.0200000000000005,0.018225130795543654,-0.023535920306786917,0.9912069152702976,28.614073226363107,77.2091465551466
6.04,-0.007914703438044018,-0.0009781419495628431,0.9844990309791541,28.614073746959747,77.20914711948645
6.0600000000000005,-0.009912316400791968,-0.0014768682077278398,1.0044082670515464,28.614074258614437,77.2091476943402
6.08,-0.002110966463868234,0.03945497919295402,1.0214321750761242,28.614074767924247,77.20914827188966
6.1000000000000005,-0.003517821429186526,-0.01600290310023213,1.0206686320420577,28.614075274018436,77.20914885309554
6.12,0.04732435728339621,0.01622967114348822,1.034283280999089,28.614075784056013,77.20914942981103
6.140000000000001,0.007944957114827922,-0.028909195574261925,0.9746559531897535,28.614076291506585,77.20915000948024
6.16,0.013542204026248103,0.04925461135777419,1.0066416157484444,28.61407679988931,77.20915058808863
6.180000000000001,0.0004282119192383171,0.007927636484294082,1.0089544117754219,28.614077308268023,77.2091511667016
6.2,0.0015977423215078402,0.004786694055082719,0.9704767428896804,28.61407781970354,77.20915174180841
6.220000000000001,0.013604232817157906,0.012248065148930102,1.0191915165490821,28.614078339042937,77.20915230764943
6.24,-0.0007014126695033336,0.001292026154542772,0.9541724614812501,28.61407885379254,77.20915287890668
6.260000000000001,0.02803965641358256,-0.008275269222068334,0.9951566703414663,28.6140793677324,77.2091534511092
6.28,-0.0164786759379274,-0.018742157766079643,0.9669812788335528,28.614079882821827,77.20915402196886
6.300000000000001,0.02432384496807984,0.004052331182413946,1.0603794571882248,28.614080388677557,77.20915460344408
6.32,0.023374756955201127,0.0250706597021192,0.9977083074072285,28.61408089959404,77.20915517914922
6.340000000000001,0.04167267952643023,-0.037338739675862265,1.0189970483498085,28.614081407264432,77.20915575856864
6.36,-0.034897820871403716,0.04427345704982008,1.0005322555783918,28.614081904385653,77.20915634973797
6.380000000000001,0.021591294490401983,-0.017236973717062218,0.9858501035752488,28.614082399328826,77.209156943274
6.4,-0.01327599410993582,0.00618252895389739,1.0221435281196507,28.614082900283144,77.2091575302296
6.420000000000001,0.01790694546627341,-0.014474183886621236,0.999332512951085,28.614083396172205,77.20915812274026
6.44,0.01776431423697457,-0.0011585151438774114,0.9763457716564482,28.614083894891092,77.20915871216089
6.460000000000001,-0.017106043725857466,0.006545559131525799,0.9873398604327746,28.614084396779635,77.20915929807998
6.48,0.014277894099668098,-0.0035568806715539675,0.9799286806851372,28.614084903290017,77.20915987881527
6.5,-0.006752949295474452,0.0035682744842598325,0.9982144513115966,28.61408540143205,77.20916046886853
6.5200000000000005,-0.01382653993300087,0.00220081161453545,0.994381802482292,28.614085901667814,77.20916105661884
6.540000000000001,-0.037607117511220665,0.01126586192849764,0.9958561301959996,28.614086406629244,77.20916163910186
6.5600000000000005,0.028213492970254387,0.009908226284730542,1.0095285705645696,28.614086905176183,77.20916222871122
6.58,-0.001826032468380654,-0.04335704453127045,1.053647385570908,28.6140874118775,77.20916280923035
6.6000000000000005,-0.021008867891991405,-0.006683462206566632,1.0014775152016064,28.61408791825138,77.2091633901201
6.62,0.006338540499562142,0.026772673573642835,0.9837032129752169,28.61408842808151,77.20916396707362
6.640000000000001,0.0021239591165424752,0.016894640623810728,1.0453069466681404,28.61408893483173,77.20916454753737
6.66,-0.01840770615365904,-0.022306939713166628,1.029539072485178,28.6140894437349,77.20916512555185
6.680000000000001,0.17708272243361092,-0.007435162387738067,1.7501397656802535,28.614089959748796,77.20916569532714
6.7,0.02215259844873885,-0.004564561958532067,0.4439853760162993,28.61409047504267,77.20916626594737
6.720000000000001,0.004231052409813582,-0.00489025325560246,1.1101381161417352,28.61409099263086,77.20916683386676
6.74,-0.01294143892813796,-0.003227186768789442,0.9531542663941905,28.614091506003252,77.20916740672997
6.760000000000001,-0.007622157803603514,-0.0102043288475544,0.968059031908751,28.61409201903857,77.2091679799849
6.78,-0.007305635298811539,-0.0193693127157869,1.0174794743768028,28.6140925211804,77.20916856562238
6.800000000000001,-0.033545583362554525,0.042538247893281415,1.0288754300523193,28.61409302617632,77.20916914806665
6.82,0.018837474429663464,0.0036456121919568197,0.9638606766820539,28.61409352514189,77.20916973721636
6.840000000000001,-0.007303519217119274,-0.004318686412903038,0.9824683512602196,28.614094025915833,77.20917032437173
6.86,-0.0030835585874306056,0.015036326937348504,0.9867096381073515,28.614094527313508,77.20917091083597
6.880000000000001,0.011236913491174859,-0.031183245439490727,0.9812486722907255,28.614095024803607,77.20917150160257
6.9,0.0248926494451783,0.010937823947057657,1.0060862661985324,28.6140955271555,77.20917208700625
6.92,0.004030156679854004,-0.029283641928751613,1.0148983779766911,28.614096023363604,77.20917267917028
6.94,-0.02180715128986154,0.007246710454979929,0.9796187239508892,28.61409651595985,77.20917327523449
6.960000000000001,-0.004976903011921491,-0.017258972032160553,0.9715950564547792,28.614097004400136,77.20917387572021
6.98,-0.0013723052475360087,0.014015149063956076,0.9764963299399535,28.614097487886273,77.20917448138613
7.0,-0.03661404928461095,0.05314924232667297,0.9909274124380325,28.614097968287705,77.2091750902288
7.0200000000000005,0.009521255349221174,0.00308031668625595,1.0317673570512769,28.614098445041996,77.20917570278019
7.040000000000001,0.013155920489765471,-0.029886724431218405,1.0013359947433258,28.614098914676607,77.20917632242725
7.0600000000000005,0.0018528957516282664,-0.013015249836945183,1.038578463131067,28.61409938428048,77.20917694210455
7.08,-0.016716540536037442,0.006864184192966749,1.015847784172965,28.61409985485567,77.20917756082497
7.1000000000000005,0.0042442271738299085,0.025362510488663094,0.9874845596616965,28.614100322797025,77.20917818213208
7.12,0.02049457191364026,-0.022329314993128496,1.0027063937404108,28.614100790192385,77.20917880397225
7.140000000000001,-0.004342081637484457,0.03746267057696527,0.9895009903536657,28.61410125246052,77.20917943076599
7.16,0.01593908950068278,0.012657750454061428,0.9781154278479823,28.614101704385533,77.20918006727216
7.180000000000001,0.008645920933604239,-0.0002152853935659401,0.9938502167958903,28.614102161575087,77.20918069888093
7.2,-0.03786661059239865,0.017276060223625222,1.0158201560500748,28.61410261821987,77.20918133100089
7.220000000000001,-0.010314255241082924,-0.02533310770789388,0.9884651426566028,28.614103080739163,77.20918195755418
7.24,0.010455405075695081,-0.0182702717607607,0.9952453085969819,28.614103544415148,77.2091825829971
7.260000000000001,0.002661934746360104,-0.027492867128656902,0.9881802230607342,28.614104008906683,77.20918320765429
7.28,0.018802228297667225,0.04482707154434215,1.0270279410473702,28.61410447553253,77.20918383024394
7.300000000000001,0.004731216581906647,0.0002635214869298257,0.9964067587313524,28.614104937194785,77.20918445761689
7.32,0.013000689573909336,0.00366316386163633,0.9935934455432048,28.6141053968784,77.2091850868723
7.340000000000001,-0.0066923887762639364,0.02264979393379342,0.9940667004810773,28.614105859866463,77.20918571297618
7.36,0.006686242762623747,-0.028490194483334896,1.0065494075887071,28.614106317852816,77.20918634383547
7.380000000000001,-0.02044449367455218,-0.016274661535910617,1.0017458656399525,28.61410677647058,77.20918697409927
7.4,0.017393466210332508,0.007071534809685728,1.0192509059151962,28.614107238025973,77.20918760157424
7.42,0.17894007456464564,0.033732437330667095,1.8070904190579107,28.614107705167005,77.2091882236624
7.44,-0.024311006009549063,0.01774477877894085,0.535645524228669,28.61410818025934,77.20918883788711
7.460000000000001,-0.0045698690443128475,0.007124509347997716,1.2229726344275829,28.614108657853517,77.20918944958899
7.48,0.050043039843400916,0.005164581559389155,1.002434948603191,28.614109135133397,77.2091900616091
7.5,-0.003832914221128076,0.022519160318076645,1.0093949577646735,28.614109607408775,77.20919067864634
7.5200000000000005,-0.0061710688324655375,-0.01929273838825782,0.9996110013748917,28.61411009065672,77.20919128455894
7.540000000000001,-0.01519358024095443,0.005983544859641333,1.0002873775340397,28.614110563906753,77.2091919006264
7.5600000000000005,-0.021575376301704523,0.00939022801394239,0.9823945821080314,28.61411104130387,77.20919251252785
7.58,-0.01954299414232238,-0.005276653869146703,1.0134524413035693,28.614111520768066,77.20919312232851
7.6000000000000005,0.040359155438183816,-0.002636425906393856,1.0031876846706262,28.614112002100285,77.20919373021658
7.62,0.007305573595388041,-0.03220725363921514,1.0005517876582721,28.614112486792436,77.20919433463048
7.640000000000001,-0.02827356214757429,-0.011008102550860344,0.9619863398308434,28.614112973098518,77.20919493735981
7.66,0.00039020282840159827,-0.0472923552468379,1.0113215504767787,28.614113460664072,77.20919553876736
7.680000000000001,0.020579757617413274,0.013452393466720391,1.0125284600587734,28.614113949032276,77.20919613932925
7.7,0.008496367928237183,0.0024818792454773227,0.9448373965752226,28.614114428981793,77.20919674863433
7.720000000000001,-0.027505761718511112,-0.00268331809119524,1.0127945032989516,28.61411491284899,77.20919735390534
7.74,0.012972228397135887,0.005174633483039714,0.995388810053709,28.61411538689132,77.2091979691819
7.760000000000001,0.0006050267300377793,0.006026012904721052,0.9667793695534422,28.61411585798166,77.20919858739353
7.78,0.0042834024915827905,-0.006889445880540478,0.9806615836655601,28.614116337440947,77.20919919719923
7.800000000000001,0.037025841015523454,-0.02790587461958921,0.9752714398744372,28.614116821333493,77.20919980244395
7.82,-0.0004020930803885086,0.00996088032907051,0.9830119854855734,28.614117310254166,77.20920040242228
7.840000000000001,-0.014003655230560727,-0.019808711745386585,1.0107348766748805,28.61411779929236,77.20920100227633
7.86,-0.03459567833958804,0.007005710017419045,1.0117577897424679,28.614118281339184,77.20920160942921
7.880000000000001,-0.013873907716662555,0.026204402842849864,1.0115612256094315,28.614118759030937,77.20920222103227
7.9,-0.015052165414246811,0.03545016142913757,0.9948642802387063,28.6141192421598,77.20920282706814
7.92,-0.0381277854912816,0.0076035371302757985,1.0525666851455955,28.614119718789123,77.20920343974583
7.94,0.013430206237762877,-0.006187662839626747,0.9508836928997669,28.614120201002347,77.20920404672725
7.960000000000001,0.01009375838710767,-0.009475893292106524,0.9798486085980728,28.614120687949406,77.20920464878473
7.98,-0.00047049384503767877,0.006778169218957265,1.0050631373833148,28.61412116932613,77.20920525662713
8.0,-0.01992971608752512,-0.03885212621156612,0.9865989829567974,28.614121645192828,77.20920587007357
8.02,0.004991150950663566,-0.016090693072660898,0.9944894937726336,28.61412211665454,77.20920648791777
8.040000000000001,0.012569898555776522,-0.015243392165375137,1.0008796265830524,28.614122588007454,77.20920710586967
8.06,0.035339558317032525,0.00821251319096376,0.9940917612768821,28.614123059766705,77.20920772341908
8.08,0.00696377281871511,-0.0011134380738179734,0.9724142154254919,28.61412353784124,77.20920833463394
8.100000000000001,0.00921878962643828,0.00308231893287004,1.016552792914962,28.614124015982256,77.20920894578133
8.120000000000001,0.0033650834337144494,-0.002469304391924805,1.016684538468704,28.614124497725346,77.20920955324699
8.14,-0.0038745202481955737,-0.004393469351476655,1.0315523903184816,28.61412498041863,77.2092101597331
8.16,0.24778120464439177,0.006106501945633843,1.822317742395489,28.614125450767194,77.20921077867725
8.18,-0.0010457404050907074,0.01395245586716372,0.41573300097549615,28.61412591935586,77.20921139935113
8.200000000000001,-0.002924793696577791,0.021357384163628673,1.2740059282059837,28.6141263939562,77.20921201406931
8.22,-0.007292084997734346,-0.0005379668127968403,0.9975492552217237,28.61412686181112,77.20921263546104
8.24,-0.005880215734688729,0.021043652581810127,0.9869630592590153,28.614127322299133,77.20921326395295
8.26,0.006739474794561146,0.03180576322743059,0.9808485182446115,28.614127774825498,77.20921389990463
8.280000000000001,0.012454246743389477,-0.012168008127120638,1.0124346265123187,28.614128230007605,77.20921453339217
8.3,-0.01436385073789216,0.015833230330746642,1.0335933630324918,28.61412868580857,77.20921516630206
8.32,0.004230655568317141,-0.011385916228154628,1.039456022219225,28.614129148582837,77.20921579261115
8.34,-0.017897138484013708,0.024564012548094528,1.0207137191272733,28.614129602727882,77.2092164270638
8.36,0.012604941526470344,0.003763749014381596,0.9777007882448924,28.61413005618124,77.2092170621581
8.38,0.02942280338228787,-0.007857425378443644,0.997401607194469,28.614130517231896,77.20921769011454
8.4,0.011015988507122227,-0.0181617512941417,0.9989117393250454,28.614130969103673,77.20921832666993
8.42,-0.006345998055042984,-0.011452145567977521,1.0106536538644932,28.614131424756806,77.20921895971793
8.440000000000001,0.020503053440925068,-0.0031117094337025143,1.014696154148915,28.614131882599256,77.2092195907129
8.46,-0.02472543895683773,0.022482932817228424,0.9907248281258755,28.61413234621386,77.20922021621504
8.48,0.006043742751466815,-0.005942259187138921,1.0250195615683078,28.61413281642204,77.20922083529763
8.5,0.05655107130394588,-0.009012164349616741,1.0470672044820248,28.614133284509325,77.20922145646227
8.52,-0.01757913823311668,0.035489537995927724,1.0071638980394677,28.614133756383506,77.2092220738978
8.540000000000001,-0.006476230169792219,-0.008040106358518317,0.9886868573775065,28.614134236468356,77.20922268306462
8.56,-0.004389577526381251,-0.023135881262896413,1.0214909510156431,28.614134711230417,77.20922329762078
8.58,-0.022363179242676338,-0.027374260494983985,1.0222593850895432,28.61413518327199,77.20922391489026
8.600000000000001,-0.015015443041013135,-0.014736342040149921,1.0139102310057535,28.614135645550743,77.20922454167405
8.620000000000001,0.0005900053032563672,-5.763450141257238e-05,0.9999300921555422,28.614136109877027,77.20922516649084
8.64,0.03218066655397815,0.0005445063186642811,1.028109945008774,28.614136573983608,77.2092257915194
8.66,0.009595700427381518,-0.012373107691729262,0.9807655217618524,28.614137036928277,77.2092264176651
8.68,0.022415843708443864,-0.030910265318460604,0.9987044863089488,28.614137499105464,77.20922704454608
8.700000000000001,0.016719465851420704,-0.017718917163996848,1.0380839386610279,28.614137959899086,77.20922767274733
8.72,0.006942344431047115,-0.02642577586178274,0.9995709544325062,28.614138422460012,77.20922829926094
8.74,-0.035803888366791776,-0.06006212739278327,1.000546585295499,28.614138894857792,77.20922891617674
8.76,0.03227702466956774,-0.04633110814858133,1.0043904932981178,28.614139365693887,77.20922953463979
8.780000000000001,0.020584219729682274,0.00592623453920952,0.9818037001907225,28.61413983339987,77.20923015617706
8.8,0.0056556412144158205,-0.006110759366734747,0.9771232126341215,28.614140302938736,77.20923077591851
8.82,-0.025619016471964972,0.011756784773495375,0.9892892590939222,28.61414075880785,77.20923140876478
8.84,-0.029150166288476564,-0.013410493051221066,0.9963182093710543,28.614141217322633,77.209232039126
8.86,-0.02395539733869689,-0.012135491979308528,1.0234970523806544,28.614141679289542,77.2092326662081
8.88,-0.013765467914913364,-0.017183765976567816,1.0052507802043378,28.614142138808973,77.20923329561931
8.9,0.1447531456229229,-0.01782260994496551,2.0108798882669032,28.614142597028568,77.209233926259
8.92,-0.004982381679656888,-0.015166590372311472,0.3278172657798768,28.614143063904788,77.20923454860528
8.940000000000001,0.001862484727687172,0.03462209308829379,1.2924975432510843,28.614143526413507,77.20923517516893
8.96,0.011072895050337369,-0.0022134844039414714,1.0126441801751584,28.614143991427532,77.20923579932172
8.98,0.026197480526346423,-0.01585360450590104,1.0317799955095286,28.614144449620216,77.20923642998679
9.0,-0.012588952278107446,0.019210004787182877,1.0011847414081143,28.614144905595992,77.20923706273335
9.02,-0.03335211580611448,-0.0005124793199580637,1.0018579388035787,28.614145362876062,77.20923769425735
9.040000000000001,-0.01604608324925986,0.021618401356002803,0.9787569889066591,28.614145813051167,77.20923833237086
9.06,0.01205176314146308,0.00994766172930337,1.0178557173134772,28.614146266293904,77.20923896766033
9.08,0.01673864016874141,0.0027443159839063676,0.9902026419474239,28.614146726943936,77.20923959599826
9.100000000000001,0.01719439436889982,0.00598907952794244,1.0145719741193495,28.61414719506863,77.2092402171264
9.120000000000001,-0.013895522200772996,0.007571538189166092,1.0038481756710396,28.614147661868632,77.2092408395469
9.14,0.006530016569588372,-0.02547358743906439,0.977030028047027,28.61414811864526,77.2092414715435
9.16,0.03041709679379169,0.0023670968628318827,1.0019349470254366,28.61414857621258,77.20924210279749
9.18,0.015012497704772686,0.005623125091585518,0.9914382226323057,28.614149029555662,77.20924273799405
9.200000000000001,-0.03513687119200758,0.008182821693882325,0.9714174706130398,28.61414948116006,77.20924337479572
9.22,-0.0009897251971881025,-0.00976540846513299,1.006710941103912,28.61414993506939,77.20924400946734
9.24,-0.006713440238219961,0.0241310099355889,1.0342654196655718,28.614150398151406,77.20924463548131
9.26,-0.029900530205557944,0.004518398746787358,0.9805001062206468,28.614150860318144,77.20924526237236
9.280000000000001,0.029361490112443316,-0.008262930547118299,0.9464469923620533,28.614151318043003,77.20924589347814
9.3,-0.027689329531576642,0.00806899561004116,1.0407755626484945,28.614151773241385,77.20924652695065
9.32,-0.002058319657524374,0.020820281348542472,0.9678245628166737,28.61415223032594,77.20924715865833
9.34,0.02616228412820973,-0.014548962224619351,1.0353330902311815,28.614152690336383,77.20924778760403
9.36,-0.017543271729842082,-0.01717190455705972,1.026409922226697,28.61415315383689,77.209248413216
9.38,-0.0006512042102553442,0.016342925936746036,1.0016656580621643,28.614153620945462,77.20924903533606
9.4,0.009799627634249172,0.0192777833954761,0.9871643235338097,28.61415408780812,77.2092496576956
9.42,-0.016008236547807152,-0.00216986672465445,1.022846875625617,28.614154555526124,77.20925027922122
9.440000000000001,-0.011506029592995968,-0.0037392288899317744,1.0032545677608078,28.614155020478538,77.20925090343364
9.46,0.006025541646960309,0.01778187730944343,1.0368502019508543,28.61415549072523,77.2092515224784
9.48,0.012748593660168518,-0.015942548032272515,1.0107910767363464,28.614155961114903,77.20925214138218
9.5,0.015732493519292366,-0.04772222307705213,1.035460336189159,28.61415643169474,77.20925276009835
9.52,-0.019346151763685312,0.002242307808806201,1.0161133890869234,28.614156905030192,77.20925337608092
9.540000000000001,-0.032485873753260605,0.002258159196586292,1.0264975570677441,28.614157376700977,77.20925399371822
9.56,0.017065766732731795,0.018650367444769504,1.0072911198191614,28.614157853192136,77.20925460653558
9.58,0.024926553709233756,0.01605113511029136,0.9988762413652535,28.614158323233713,77.20925522578246
9.600000000000001,0.05189887943160437,0.03329506484254262,0.9916456080760343,28.614158790965956,77.2092558472942
9.620000000000001,0.06257484392028505,0.005324124167858075,0.9817813253910278,28.614159255720256,77.20925647169805
9.64,0.03658765679038793,0.04423214857033766,2.064641324623987,28.614159720867733,77.2092570957219
9.66,-0.02069179468626787,0.023423554024073867,0.3347456368670355,28.614160187813468,77.20925771800059
9.68,-0.003837686999180337,0.002224308443640149,1.1922858160274685,28.614160658691247,77.20925833642256
9.700000000000001,0.012896950851700091,0.021378612930047666,1.0046676901119216,28.61416113407256,77.2092589503574
9.72,0.009263713015698644,-0.01784806230658648,1.0105797204404143,28.614161617638604,77.20925955594089
9.74,-0.003363310239240488,-0.005561705877423932,1.027408581551206,28.614162100710836,77.20926016203558
9.76,0.02647869674682339,-0.0029983813482874202,1.005080599192835,28.61416258005352,77.20926077196049
9.780000000000001,-0.009953557139525723,-0.003782610139230178,1.0097019221199313,28.614163065901792,77.209261375169
9.8,0.004486173098300557,0.017073131932339676,0.9957924023858444,28.614163544703228,77.20926198564531
9.82,0.001532355051640888,0.022065127235966774,1.0001523489576916,28.614164031873358,77.20926258746883
9.84,0.009597568353718318,0.015673604817316927,1.0015364480354978,28.614164514511945,77.20926319401165
9.86,0.01098939021263501,-0.012524392300175926,1.042053417023679,28.6141650016353,77.2092637958843
9.88,-0.017195819322004334,0.013592189168744695,1.0084657600956861,28.614165483029335,77.20926440370916
9.9,-0.05602476651274056,0.02427415377809064,0.9761762152621976,28.614165960338298,77.20926501570017
9.92,-0.009264293267957446,0.014520369579416319,1.0046545985280668,28.614166423245702,77.20926564188179
9.940000000000001,0.004994096314130022,-0.028212694016258807,0.9830540727294907,28.61416688957039,77.20926626476454
9.96,0.009917217495203688,-0.019360300011769038,0.9869932045722759,28.614167368007596,77.2092668756113
9.98,-0.0122763688151136,0.01117093091477225,1.0010362927559304,28.61416785649848,77.20926747604403
10.0,0.005812383976113057,0.023268491637003962,1.0089026342242895,28.614168346074692,77.20926807532861
10.02,0.005352859493074754,-0.01956598529344566,1.0076572765718088,28.614168834785616,77.20926867552895
10.04,-0.013280845591011501,-0.00010073625535813418,0.9865573688301902,28.614169327264335,77.20926927171958
10.06,-0.003264045746116192,0.0008846926149828312,0.9693036801310072,28.61416981783404,77.209269869949
10.08,-0.02398532200659829,-0.020144005249747278,0.9974120917127816,28.61417030369223,77.20927047314719
10.100000000000001,-0.03917829063737108,0.005659673411278395,0.9987065190010294,28.614170786449485,77.20927107956749
10.120000000000001,0.024438020438229426,0.007877749108890202,0.9982309251448025,28.61417126941769,77.20927168576979
10.14,0.003988548399890921,0.003405809418523337,1.0042633938691332,28.6141717568701,77.20927228729668
10.16,-0.006799364227225786,0.019947970133798027,0.9914764974629696,28.614172239911777,77.20927289342303
10.18,0.00759106676526138,-0.0007964576945349531,1.018280693606826,28.614172715554833,77.2092735070948
10.2,0.009310916790276161,0.014155342053915282,1.0134382586955901,28.614173194428027,77.20927411749814
10.22,0.04034207926422347,0.008586827800285558,1.0164561772885583,28.614173679544077,77.20927472147093
10.24,0.026807983349434922,0.013232062164293724,1.0293398835148284,28.614174158506682,77.20927533178323
10.260000000000002,0.007006871899801686,-0.00935034204154203,1.009498371388267,28.614174635744522,77.20927594384627
10.280000000000001,0.042889964553558126,0.010734099273858566,1.0010732550796058,28.614175111359643,77.20927655754615
10.3,-0.0018253860196561847,0.02327970595503207,0.9979967407887042,28.614175577643106,77.209277180469
10.32,0.024267412920208068,0.018758179654251236,1.0140644979373488,28.61417605365813,77.20927779376643
10.34,-0.010621844162792889,0.024602508533758782,1.001538267306153,28.61417653081324,77.20927840591317
10.36,0.0010789052625067973,0.003861586043768836,0.9633900243809823,28.614177005935304,77.20927902010844
10.38,0.04627816517565108,0.03205083355845482,1.6916272696610795,28.61417747009788,77.20927964508329
10.4,0.004340799236042858,-0.005681185631881305,0.620465720150875,28.614177934530375,77.20928026979789
10.420000000000002,0.005823436701389974,-0.005001052371638907,1.2120760008970846,28.614178401608584,77.20928089194767
10.440000000000001,0.0050107397540749745,0.03509797352981064,1.006874799325399,28.61417886750209,77.20928151524905
10.46,0.026066935076179323,0.009344705004758168,1.0109587802318574,28.614179329383777,77.20928214241282
10.48,0.0019538606916122063,0.018265789474184422,0.9982674832495853,28.61417978466782,77.20928277580562
10.5,-0.011872565100074896,-0.03426307727537464,0.986526681527526,28.614180231724866,77.20928341675751
10.52,-0.001028102026117924,0.0072955308552682665,0.9787976512993122,28.614180689463,77.20928404785097
10.54,0.025857653999350614,0.005587885184031729,1.0037927966006057,28.61418115143858,77.20928467492502
10.56,0.017131604393615222,0.011599239932934194,0.9937888644559766,28.614181608643438,77.20928530651989
10.58,-0.002134268399446557,0.011133922070669981,1.0308542991318865,28.614182064401216,77.20928593947045
10.600000000000001,-0.015529322254389065,-0.0067188021834088665,1.0095667515508555,28.61418251773553,77.20928657467533
10.620000000000001,-0.01102468806331538,0.04901266709100491,0.9921047739974534,28.614182974548,77.20928720663854
10.64,-0.00028740251461644795,-0.015703808756764928,1.0059509968172518,28.614183430024003,77.20928783985224
10.66,-0.0016580575776403317,-0.00470116184334867,0.9864648895315009,28.614183886787337,77.20928847186153
10.68,-0.014586341113068986,0.018790032448793337,0.9963224302014603,28.61418434091259,77.20928910633289
10.7,0.019011510083967273,-0.02009590795242806,0.9643928719557029,28.614184792199307,77.20928974342695
10.72,-0.011358620040716211,-0.0009425456203281225,0.9928324640558251,28.614185241668125,77.20929038218642
10.74,-0.018068020186068595,0.0157169517374399,1.0108991590792842,28.61418568959315,77.20929102235152
10.760000000000002,-0.003945703104284123,-0.009072399583880314,0.9966298953859444,28.614186138470753,77.20929166165024
10.780000000000001,0.009312812072649198,-0.013337259749700955,1.017855341386072,28.614186578372884,77.2092923089942
10.8,-0.018366617508572845,0.008946576067114475,1.0253188582799244,28.61418701189046,77.20929296190322
10.82,0.001004732710490778,0.0035542466646583046,1.014356886663487,28.614187445090256,77.20929361508588
10.84,-0.008674862560422486,-0.012116404386402277,1.039810017139197,28.61418787334602,77.20929427248547
10.86,-0.0065380674778146184,0.0031960568396157876,1.02070372314017,28.61418828981196,77.2092949396416
10.88,-0.00018948103196640985,-5.0376188371320495e-05,1.0007032357648107,28.614188711551503,77.209295602485
10.9,0.011841387572081058,0.02004850036148647,0.9959399975077532,28.614189137342503,77.20929626195883
10.920000000000002,0.00019235284450003917,-0.018961475482355612,0.9918408676020207,28.614189562635506,77.2092969218495
10.940000000000001,0.052388735929083094,-0.01637996321937909,0.9858194816307404,28.61418998611105,77.20929758325514
10.96,0.013798464679676834,-0.004603833382863942,1.0066319225142957,28.614190412682408,77.20929824207425
10.98,0.0081478026879156,-0.005105297861675129,0.9926966504272612,28.614190835161875,77.20929890430597
11.0,-0.006063343735991442,0.019254782109712078,0.9731730486466735,28.614191258116072,77.20929956614434
11.02,-0.010108967797943109,0.0032975010852833975,1.0159607767079446,28.614191674695352,77.20930023320867
11.04,0.02020853390491387,0.01334890669223707,0.9883707841445045,28.61419209517567,77.20930089708936
11.06,-0.031724806390710965,0.02888471495319974,0.9698491726170098,28.61419252064936,77.2093015568289
11.08,0.02248401323329284,-0.01599320640601473,1.0223301439656824,28.614192947253322,77.20930221562065
11.100000000000001,0.02325179277612951,0.02908843889188474,1.0230495314212984,28.614193374729297,77.20930287367851
11.120000000000001,-0.24930231612696524,0.0006777181543014989,1.9815190061897932,28.614193807362522,77.2093035273483
11.14,0.023100023099717627,-0.045933314475308934,0.30437541389343825,28.614194239386606,77.20930418154066
11.16,-0.005736788737784462,0.004826416070027597,1.1744102593664816,28.61419467516321,77.20930483249539
11.18,-0.0018499769889548069,-0.027584385975928553,0.9871475046786539,28.614195100005382,77.20930549276282
11.2,0.010175262957551326,-0.026311343846980483,0.9584660841431439,28.61419552519274,77.20930615274187
11.22,-0.0074098100988345015,-0.019806450905438696,0.9916301112199832,28.614195948243104,77.20930681450052
11.24,0.01427144089102154,-0.0013768353365328384,0.9924432217039477,28.61419637849959,77.20930747020277
11.260000000000002,-0.009291020986528831,-0.024924724138192605,1.031595659381236,28.614196805582772,77.20930812859152
11.280000000000001,0.005509787464779972,0.02540863497622036,1.0028101395657425,28.614197237309064,77.20930878303895
11.3,0.05276056342488671,0.022439219225103307,0.9891913206111258,28.61419766376694,77.20930944195344
11.32,0.009612906596297753,0.05207731327958861,1.004426487268236,28.614198099083602,77.2093100933074
11.34,0.021734002520798153,-0.0015414732385028475,0.9730022278923514,28.614198534581824,77.20931074450385
11.36,0.018245578477747274,-0.009556265152693177,1.0015286956579492,28.614198964152543,77.2093114007893
11.38,-0.03964544780254421,0.004390403087435084,0.9867452482901832,28.6141993927108,77.20931205793312
11.4,-0.0018682478615695403,0.017370228595791803,1.0025425614264467,28.61419982207601,77.20931271439305
11.420000000000002,0.027414093221353943,0.025918863953163118,1.0092270558488055,28.614200243698722,77.20931337733296
11.440000000000001,-0.02369478894007561,-0.012046363207667323,0.9889593089163627,28.614200670085864,77.20931403630686
11.46,-0.003464846738779838,0.020196089741804774,1.0054415501757534,28.614201103215706,77.20931468954981
11.48,0.042618189321512734,0.020080783788642916,0.9861719850491566,28.61420154230709,77.20931533760772
11.5,-0.022566779220893653,0.05922925032570497,0.978885495181503,28.614201987097672,77.20931598060261
11.52,0.023022498775244732,0.02833751597111652,1.0183134577576007,28.6142024295385,77.2093166256977
11.54,-0.017251440561504912,0.03756636760180499,1.0205618925072402,28.61420287368289,77.20931726927195
11.56,0.01136836176743517,0.039848792689420647,1.0041353960125199,28.614203312249323,77.20931791779095
11.58,0.014631813639307309,-0.013154814640541823,1.0156203631497887,28.614203748189368,77.20931856860372
11.600000000000001,0.01616044551764468,-0.015197263180120052,0.9690814555542345,28.614204182040147,77.2093192212256
11.620000000000001,-0.018768648856546326,0.02002197734004754,1.0164337718825933,28.6142046257729,77.2093198651682
11.64,0.023493731721049852,-0.007095628177707435,1.0285348674015498,28.614205066262294,77.20932051199387
11.66,-0.014118836729332963,0.015714606291293353,1.0120760233944635,28.61420549962274,77.20932116503835
11.68,-0.03129868285044184,-0.0013862509501073458,0.9974467510761742,28.614205932389815,77.20932181859324
11.7,-0.019546823002464127,0.008295459068603479,0.9733208160866343,28.61420637068277,77.20932246735212
11.72,-0.016674023012167354,0.006732329415330285,1.0108704859885025,28.614206817763122,77.20932310828309
11.74,0.015134368727602885,0.014552605783247838,1.0111195843194012,28.61420725921755,77.20932375425448
11.760000000000002,0.02035974866723122,-0.023568746831526207,1.0218377316586353,28.614207700092656,77.20932440073908
11.780000000000001,0.0029530255554635365,-0.02562067634920089,0.9935260931932581,28.614208148642394,77.20932504033647
11.8,-0.019168278564710907,-0.0018399985985194226,0.9886054886901209,28.61420859504417,77.2093256818809
11.82,-0.010555771473241984,0.002386436938206386,0.9847848175944233,28.614209041568326,77.20932632331481
11.84,-0.0017222161748121263,0.03356379095050958,0.9814972115471345,28.614209479087407,77.20932697275119
11.86,-0.008000596884545196,0.008645878877074306,1.9604704794320658,28.6142099211826,77.20932761815372
11.88,-0.022142781098302686,0.004877419634299419,0.5693774426493134,28.614210361162677,77.20932826542908
11.9,-0.0001037818558200942,-0.0049963049935864865,1.233608722027224,28.614210794371196,77.20932891860438
11.920000000000002,-0.00419932667471916,0.010419258116702636,1.0030621299804063,28.61421122492901,77.20932957405002
11.940000000000001,-0.022026367842408554,-0.004584622206886427,0.9917085757897657,28.61421165638997,77.20933022872457
11.96,0.025994548883454843,-0.023657284727108752,0.9825270751932361,28.61421208978724,77.20933088173737
11.96,-0.0062414740799925554,0.0021672457731545876,0.9887363211651724,28.61421244656677,77.20933159236053
11.98,-0.010144744923435233,-0.013515151782024535,1.0354226359899,28.614212787992933,77.2093323127045
12.0,-0.014013748880175638,-0.053330827103497194,1.0140697042395026,28.614213112834847,77.2093330429329
12.020000000000001,0.022739280420700607,0.026916725496264306,0.9835171086022382,28.61421344217949,77.2093337705394
12.040000000000001,0.02097536433864627,0.036968131967203506,0.968686862085973,28.61421377489085,77.20933449615562
12.06,0.014557816023248706,0.014733336424487929,0.9796652229477989,28.61421411576451,77.20933521683907
12.08,0.004431447391831037,-0.00047302369237348877,1.001125438836449,28.614214446387376,77.20933594369296
12.100000000000001,0.003758061020628614,-0.011055395091503087,0.9869690682794292,28.614214779817438,77.209336668881
12.120000000000001,-0.03129812123531366,0.0025920033711761075,1.01867080995702,28.61421511163944,77.20933739502549
12.14,0.013930594188290455,0.026716402040310144,1.005579089298435,28.614215451137238,77.20933811655118
12.16,0.0002540678710210316,0.011030297007909232,0.9950130437769998,28.614215789865433,77.20933883854609
12.180000000000001,-0.023939101551929704,-0.043530725393436435,1.0000287909680856,28.61421613973904,77.20933955361097
12.200000000000001,0.020967984159990693,0.03207036874142823,0.997536750811667,28.614216482093415,77.20934027338309
12.22,-0.0032335783533115406,0.013570128400654295,0.9953237916448708,28.61421681280624,77.2093410001839
12.24,0.014993927424207472,-0.021440531627787678,1.0077069721231573,28.614217139055327,77.20934172959782
12.260000000000002,0.008783960451002958,0.011832055738864564,0.989723148398673,28.61421747136613,77.20934245545222
12.280000000000001,-0.01812132808066584,0.004158298856765496,0.9766501759147908,28.614217800140448,77.20934318339336
12.3,0.014927544254944138,0.0040851319300407,1.0149572961501958,28.61421812765338,77.20934391207197
12.32,-0.013356622407116936,-0.020160189448120865,0.984086730631814,28.614218446245218,77.2093446458648
12.340000000000002,-0.03328388062814144,-0.005224511496236162,1.0248077649583391,28.6142187593749,77.20934538270225
12.360000000000001,0.014860747997535959,-0.0322383783642393,0.9967024707648476,28.61421907943381,77.2093461156662
12.38,0.004008187450971267,0.024520205104817675,0.9910663841485458,28.614219391992222,77.20934685281831
12.4,0.002246669286893404,-0.017140306432464416,0.9813090267445833,28.61421970507286,77.2093475896828
12.420000000000002,0.015125806478851927,0.02244463692804264,0.9938157761750575,28.614220009613614,77.20934833117687
12.440000000000001,-0.02293522310486523,0.012289080009168061,1.0069980933429021,28.614220324305176,77.20934906715038
12.46,-0.019036562965881142,-0.007920692715534899,0.9842078553651211,28.614220635590765,77.20934980500105
12.48,-0.022247505411154393,-0.01497108057000501,1.0147278866979925,28.614220948783416,77.20935054180379
12.5,-0.009442740184030369,0.004188221183554911,0.9778600575459516,28.614221261358,77.20935127894701
12.520000000000001,0.0066737002591451605,0.02169900814413893,1.0182986583040625,28.614221578316823,77.20935201365695
12.540000000000001,0.04076730346133281,0.01625817364519108,1.002201567735995,28.614221892040348,77.20935275016657
12.56,-0.004852164064485047,0.011305288969299887,0.990993701608405,28.614222211802975,77.20935348329832
12.58,0.0032691120663564804,-0.003262504716493273,1.0076769532060665,28.61422254159894,77.20935421063956
12.600000000000001,-0.02853788604056127,0.016323880210900543,1.0320585111227525,28.614222876175138,77.20935493514233
12.620000000000001,-0.01098065531263768,-0.03085253306186967,1.023063346013768,28.614223215445993,77.20935565680658
12.64,-0.041136076495764055,0.004923584944591092,1.0072885390522859,28.614223556709202,77.20935637725083
12.66,0.045579472489054425,0.00017577003791124097,1.0187209772234962,28.614223893456117,77.20935710044743
12.680000000000001,-0.03783610043718619,-0.02447088738764994,0.9915305317650382,28.614224236113678,77.20935782003237
12.700000000000001,-0.010351419854042322,-0.006992685613277165,0.9874024019577474,28.614224573770347,77.20935854267833
12.72,-0.0028739607181697165,0.03384524334441113,1.014238004031607,28.61422490774244,77.20935926754271
12.74,0.03536972710223149,0.011420354044589883,1.004755845914781,28.614225235281467,77.20935999620615
12.760000000000002,0.004476664740792176,0.01878187310695731,0.9941975020191259,28.61422556517186,77.20936072349184
12.780000000000001,-0.02809327221866935,-0.008917275069547143,1.0161336820878697,28.614225885068432,77.20936145654778
12.8,-0.006036974197398594,-0.03359128867305843,1.0008768812676536,28.614226206879643,77.20936218851548
12.82,0.001219353387006606,0.03002238931918955,1.0256877968570906,28.614226522914013,77.20936292374203
12.840000000000002,-0.012910118042930916,-0.01465313949869068,0.9577027413991844,28.61422682810309,77.20936366489018
12.860000000000001,-0.014845925872440024,-0.006595430095298782,0.9898854939853907,28.61422712542708,77.20936441017517
12.88,-0.016300184514081585,-0.026974595403770594,1.0184698881021659,28.614227423506705,77.2093651550684
12.9,-0.015724129448315485,0.02784886965577447,1.0330468327834703,28.61422772882176,77.20936589614921
12.920000000000002,-0.018624432880143635,0.006612996391529711,1.0265470196169144,28.61422804035064,77.20936663386668
12.940000000000001,-0.017924743768991943,-0.0026372658428596295,0.9873408744256738,28.614228358273238,77.20936736803613
12.96,-0.006888519518068505,0.01226726972019508,1.0253487224757651,28.614228680616783,77.20936809969983
12.98,0.014669445351811384,-0.0074015174994857295,0.9637571278199921,28.61422900318211,77.2093688312367
13.0,-0.02578829863803319,-0.012094002024694872,0.9816006495004763,28.614229321607763,77.20936956512321
13.020000000000001,-0.01656966311870593,-0.023622542315234876,0.9948317307219839,28.614229635002143,77.20937030181469
13.040000000000001,0.0007669519961844702,-0.02618373123591741,1.0090786948839336,28.614229942164492,77.2093710419043
13.06,0.010104226617628321,0.021418732844213802,0.9803755581302118,28.61423024345765,77.20937178511801
13.080000000000002,0.02926815093947283,0.025356259237116437,0.9972383305669861,28.61423054555323,77.20937252790893
13.100000000000001,0.013739513246074378,-0.033913335591635785,1.0272535483158434,28.614230843397205,77.20937327292448
13.120000000000001,0.002722369689883755,-0.0010243262648996733,0.9765007574637258,28.614231142976436,77.20937401703668
13.14,-0.0009656797729568517,0.002110791127001659,0.9749326864751207,28.61423144056851,77.20937476218285
13.16,-0.0028749039393199728,-0.01300109496779067,0.98419882314841,28.61423173964867,77.2093755065555
13.180000000000001,-0.02369371554559973,-0.016300994928769602,1.0477535063089956,28.614232038876423,77.2093762508512
13.200000000000001,0.007479837943793103,0.0020275969747918826,1.0083841907050481,28.614232340356285,77.20937699396666
13.22,-0.009133189989143963,-0.013933796731158719,0.9828449561164311,28.61423265339743,77.20937773085302
13.24,0.0026215134181967288,0.0006411276257704034,1.0183882019203738,28.614232968181422,77.20937846677533
13.260000000000002,-0.019098877807207447,-0.02160374319582818,0.9632752427276795,28.61423327906532,77.20937920484582
13.280000000000001,-0.0022721571187765315,-0.011675362491585262,0.9973816653394195,28.61423358378347,77.20937994624539
13.3,-0.01896869564753148,-0.005532703108210111,1.0026894487583728,28.614233885307797,77.20938068933745
13.32,0.010241485393603736,-0.006680082491287772,1.0222421461060707,28.614234193058454,77.20938142910988
13.34,-0.005578950135761754,0.022922168035583876,0.9711951379909706,28.614234504063234,77.2093821671143
13.360000000000001,0.0030886313276999996,-0.011044086919245615,1.0256847485948086,28.61423482542317,77.20938289933929
13.38,-0.009205976709540075,0.018854649648113436,1.0205189887478188,28.61423514241337,77.20938363403177
13.4,0.013314816890992811,-0.0595152580396132,1.026725436315832,28.614235465144553,77.20938436547375
13.420000000000002,0.00668342938829039,4.114428849054719e-05,0.9759900076158057,28.61423578548292,77.20938509827937
13.440000000000001,-0.017179454953929748,-0.04189476214730377,1.034694186484665,28.614236102931894,77.20938583271476
13.46,-0.018775220267945855,0.024667026188067567,0.9623697287155165,28.61423642609687,77.20938656390817
13.48,0.01694380033276275,0.040495123003143396,0.9749581938625836,28.614236747519882,77.20938729609725
13.5,-0.046311637569052086,-0.0007221273426097698,1.0035636597517374,28.614237057253053,77.20938803479528
13.520000000000001,0.027101110371100225,0.034449285995730314,0.99244517629713,28.614237369257054,77.20938877225223
13.540000000000001,-0.01498400046640337,-0.015938404124293277,0.97318322525766,28.614237674221695,77.2093895135203
13.56,0.012474498764504922,0.01964972334428216,1.0472712360722674,28.614237977452163,77.20939025571097
13.580000000000002,0.007034848567327119,0.01691651524051274,0.9660609709513928,28.614238278688774,77.20939099895448
13.600000000000001,-0.007736856558332449,-0.003066352138685717,0.9652780135168437,28.614238580522333,77.20939174188365
13.620000000000001,0.005587780409439462,-0.00017959716533402195,1.0065132926726013,28.614238876260075,77.20939248798723
13.64,0.000747766145592972,0.006644028348694916,0.9989126314691142,28.61423917302716,77.20939323356028
13.66,0.014843449743326478,0.004117321016323884,0.970751312525077,28.614239465859583,77.20939398114938
13.680000000000001,-0.015901724635258928,0.006882132916973054,1.0435944473809708,28.61423975254541,77.20939473182351
13.700000000000001,0.012887980546841737,0.04278875107469242,1.0020679804446535,28.61424003252551,77.20939548577475
13.72,-0.03919949498160804,0.04009678308526848,0.9886187059737894,28.614240308767105,77.20939624151332
13.74,0.011255579249460322,0.016968898656558602,0.9999844132430112,28.614240579962278,77.20939699961988
13.760000000000002,-0.00048697777357890724,0.04135995506119178,0.9685417784234697,28.614240850960456,77.20939775781785
13.780000000000001,0.00895982007333387,-0.021912642399533146,1.0217617064069637,28.614241124782296,77.20939851469825
13.8,0.011560653897741484,0.01646860201022663,1.0052145928789336,28.614241396410208,77.20939927260376
13.82,0.028621347026854035,0.017240326503437268,0.9950329557333698,28.614241665778703,77.20940003155494
13.84,0.0018983460946900657,-0.008235931156204128,0.9999714035680792,28.614241932916975,77.20940079152831
13.860000000000001,-0.01794087248819437,0.04312869348204542,0.9822440786836153,28.61424219260094,77.20940155484698
13.88,0.035685904143820946,0.032353131983076246,1.0227140799481296,28.614242452056125,77.20940231826658
13.9,0.006653117247825977,0.010718103158306123,0.9869316915084997,28.614242720554895,77.20940307761757
13.920000000000002,0.01673006308890313,-0.014168382447101556,0.9888782452266527,28.614243002563015,77.2094038305874
13.940000000000001,-0.008261396509057295,-0.03072076566964253,1.003977178445166,28.61424328332611,77.20940458416074
13.96,-0.008445022743304864,-0.020662913071479775,0.9598836596429738,28.614243557277874,77.20940534098014
13.98,0.0022476279800538986,0.0327779410101419,1.0110147317423595,28.614243832621092,77.20940609714403
14.0,0.010756520427674998,-0.005458634977430396,0.9994346299557848,28.61424409544628,77.20940685906633
14.020000000000001,0.005466865558097714,0.023062940817031183,1.010637161273128,28.614244357170882,77.2094076214801
14.040000000000001,-0.01992058934805409,0.007309672351637417,0.9951715602060539,28.61424460272516,77.20940839084275
14.06,0.0304026343530371,-0.04049409948583096,0.9831570545676206,28.6142448488585,77.20940915996528
14.080000000000002,-0.023866242032065475,-0.005215061662854369,1.0022888187069259,28.614245084276853,77.2094099334282
14.100000000000001,0.006583796554823207,-0.019158857241392303,1.0198563395645899,28.61424532246563,77.20941070578972
14.120000000000001,0.0004955628936479403,0.016655919035403328,0.988914142623234,28.614245553365592,77.20941148101807
14.14,0.05054518429396009,0.017761173015804037,1.0165998500790134,28.614245780184163,77.20941225780832
14.16,-0.008684873166790523,-0.003692915494550027,0.9940300044352047,28.614246004554126,77.2094130355208
14.180000000000001,-0.024522411799800418,0.030816472737544984,0.9908671975181443,28.614246226502093,77.20941381413456
14.200000000000001,0.013005966573322184,0.021640966793122576,1.017711909659984,28.614246438658036,77.2094145962824
14.22,-0.010045570306712484,-0.008559104132333408,1.006929139494242,28.614246651902892,77.20941537804589
14.24,0.02127754388926177,0.010914769602152926,0.9726071961975571,28.614246864274733,77.2094161601177
14.260000000000002,0.017517538010026975,-0.015838981116852408,0.9959766414584779,28.614247057693706,77.20941694854406
14.280000000000001,0.014126109579221714,-0.006719048621068088,0.9767665132389672,28.61424724722273,77.20941773819533
14.3,-0.015539732164289244,0.012189219069632933,1.0105495414969887,28.614247428058018,77.20941853048772
14.32,0.0172965020689795,0.0011743062342855811,0.9817991495711827,28.61424761046961,77.20941932231109
14.34,0.04610683322224499,-0.02833468425667999,1.00321666917377,28.61424779647099,77.20942011305007
14.360000000000001,-0.007594370436944726,0.008327648689724578,1.0103821847207104,28.61424797698829,77.20942090543657
14.38,-0.003928774938659666,-0.0063700089144257815,1.0105852381956664,28.614248155845196,77.2094216983115
14.4,-0.002819971721330502,-0.015939171143911378,0.9890552862430859,28.61424833596053,77.20942249081668
14.420000000000002,-0.006062585615813338,-0.02189804571498962,1.0009777232798562,28.614248527662884,77.2094232797869
14.440000000000001,0.0027443593564742026,-0.0038647124321982817,0.9860475765287195,28.61424873159847,77.20942406476694
14.46,0.00040663437101083334,0.005099320918675244,0.9915211011482248,28.61424894875111,77.20942484513333
14.48,-0.0011636636291575395,-0.0046187203284991625,0.9810273009551904,28.614249163450975,77.2094256263799
14.5,-0.017755113721218806,0.006124148608332684,1.00111739614796,28.614249385395144,77.20942640499509
14.520000000000001,0.02380652402812782,-0.00523626409999519,1.0095602947750133,28.614249619110826,77.2094271791278
14.540000000000001,0.007497224281700365,0.011824663877310673,0.983129781270824,28.6142498587127,77.20942795092199
14.56,0.019397388087317006,-0.002940328538343969,0.9832345587452145,28.614250111159382,77.20942871738464
14.580000000000002,0.011951633909471666,-0.03271136266137752,1.0319090034904022,28.614250367685955,77.20942948208747
14.600000000000001,-0.05314598671824556,-0.02398694209110533,0.9831973809331245,28.61425062861472,77.20943024485516
14.620000000000001,0.01808499296148825,-0.010517770196175646,1.0143799085125027,28.614250886140333,77.20943100912214
14.64,0.016223300630533174,0.02520429101858691,1.0201422538466498,28.61425114256967,77.20943177386731
14.66,0.0048049524658769415,-0.019107022764528053,1.005695262504899,28.614251402225836,77.20943253719831
14.680000000000001,0.04340815654285223,0.007861140368282126,1.0072957573558017,28.614251657453103,77.2094333024651
14.700000000000001,0.02090270267365298,0.008134127092965399,1.0014330904634683,28.614251920994725,77.20943406406629
14.72,0.02016349202539979,-0.02433797865580434,0.9727101124889408,28.614252187719316,77.20943482422825
14.74,-0.033987904821192766,-0.00539625810175487,1.0214174593836585,28.614252459693535,77.20943558197267
14.760000000000002,0.02687861535320919,0.0030920823512325234,0.9910667206254001,28.614252732054087,77.209436339537
14.780000000000001,0.013550818296961933,-0.005591132860819715,1.0166520103204797,28.614253018119282,77.2094370905184
14.8,-0.026815113219485733,0.011337597809628374,0.9995478665570776,28.614253289059008,77.20943784874358
14.82,0.006399167248116136,0.010575908076345484,1.009574825455362,28.61425355764455,77.20943860805482
14.84,-0.03376594675395498,0.004234295631735891,1.0054394862150964,28.61425382365031,77.20943936854358
14.860000000000001,0.01368590057497714,0.018353409197348784,0.9906620496326758,28.61425410317353,77.20944012271487
14.88,0.0036306289391078495,-7.405929271090218e-05,1.0158266968575367,28.614254381235522,77.20944087758676
14.9,-0.01196197758050837,0.002266408149635869,0.9732820491459856,28.61425466077891,77.20944163174835
14.920000000000002,0.014110678273303836,0.0056529606416244405,1.0246069309873884,28.614254932903748,77.20944238942262
14.940000000000001,-0.015142123162168683,-0.021966063462672773,1.0220464003988365,28.614255206948826,77.20944314619827
14.96,0.002403204938699878,0.011603797887257846,0.9946947512656996,28.614255483343545,77.20944390186429
14.98,0.022144142032840926,-0.01226557360102346,1.0050267725702098,28.614255760107902,77.20944465735474
15.0,-0.006809018004578004,-0.0042606739456743075,0.9949386208256776,28.614256027660996,77.20944541713884
15.020000000000001,-0.01900569472499678,0.010936347225911023,0.9834012505138209,28.614256305675564,77.20944617203341
15.040000000000001,0.021825273069896522,0.008935793807154795,0.9982863310981055,28.614256595187392,77.20944692129898
15.06,0.0022202940056411193,-0.028420658402828793,1.0054568430946875,28.61425689939987,77.20944766296813
15.080000000000002,0.0401566331119841,-0.02823824601916366,1.0266213264050277,28.614257196556018,77.2094484083402
15.100000000000001,0.010374390475735974,-0.019922337421321944,0.9960137813455591,28.614257487394,77.20944915693903
15.120000000000001,0.015259963794531078,0.004024231820234345,1.0002012824998499,28.614257786147164,77.20944990148224
15.14,0.007270289887586588,0.026131344681482985,1.0261158197973164,28.614258094170598,77.20945064110752
15.16,0.011134412725536202,-0.009632859284220372,1.0101571463040797,28.614258395955645,77.20945138406242
15.180000000000001,0.012184194096846398,-0.018830569011397697,0.972066358403986,28.614258707138745,77.20945212196945
15.200000000000001,0.013563998897946437,-0.01874045600223407,0.9993930885134101,28.61425902017839,77.20945285885682
15.22,-0.02234775581571598,0.008743049322564301,1.0167334542548956,28.61425933677084,77.20945359377197
15.24,-0.017176173024375976,0.02150360407380924,1.0491499022103448,28.614259632214637,77.2094543400268
15.260000000000002,0.013232629624212972,0.02035507005924691,1.003708201884232,28.61425992873839,77.20945508572561
15.280000000000001,0.0018568087762668543,-0.01349859047771523,0.9583521709628207,28.614260216898487,77.20945583566706
15.3,-0.01526544252847228,-0.030348322291219636,0.9635820582473329,28.614260502024646,77.20945658711176
15.32,0.006019635812068492,0.0016748722744661085,0.9862608606127018,28.61426079026747,77.20945733701195
15.34,0.032272798604315756,0.029636671569781285,0.9810359673088886,28.61426108231836,77.2094580849978
15.360000000000001,0.00382577483563671,0.008637709918536816,1.0165582224046754,28.61426137385683,77.20945883324302
15.38,0.008438816878914998,-0.027152367375090716,1.037411078996508,28.614261664818983,77.20945958177926
15.4,0.009082242346337723,-0.0013439955032459048,1.0155128871558785,28.614261959099018,77.20946032863054
15.420000000000002,-0.012207121061063336,-0.02019315787672504,1.0181384372564892,28.614262249717022,77.20946107734025
15.440000000000001,-0.0010133978209834454,0.006597908664231319,1.0132323043240505,28.614262540091502,77.20946182617256
15.46,-0.04177702489946792,-0.0008591927220832311,1.007257838471181,28.614262835053562,77.20946257267465
15.48,-0.018884643081704292,-0.0054535016589979755,0.9847862964042013,28.61426313237791,77.20946331795972
15.5,-0.0015731159187085558,-0.01261499033973444,1.0157698564479212,28.61426342637085,77.20946406495773
15.520000000000001,-0.023833260952327975,0.0085200350620369,0.9926982529021768,28.61426372728828,77.20946480836916
15.540000000000001,-0.00040697434081365095,0.023879830602712017,1.0165525593513978,28.614264035103023,77.2094655481072
15.56,-0.005923638100999981,0.03236422969570465,1.00865842606671,28.614264351199335,77.20946628329946
15.580000000000002,0.026471315408414058,0.008267393624628699,1.0000020708853719,28.61426466962643,77.2094670171854
15.600000000000001,0.04046407204551798,0.0254121109672998,0.9851392895912161,28.614264989657784,77.20946775016527
15.620000000000001,-0.0011192895063711456,-0.020224381054895508,0.9985728979047332,28.61426531682047,77.20946847904835
15.64,0.007538111353234974,-0.006704637144003545,0.9883600565547691,28.614265643988077,77.20946920792856
15.66,0.02419869427054492,-0.019169209696060296,0.9654985122030874,28.61426597110783,77.20946993683664
15.680000000000001,-0.00010945462917361314,-0.009769207978573183,0.9778187828663436,28.614266292269765,77.20947066917456
15.700000000000001,0.008414313337166692,-0.020514522584833467,1.005860534265827,28.614266607652535,77.20947140476437
15.72,-0.027871749989709555,0.03257416512472453,0.9479229129080214,28.614266935887898,77.20947213302139
15.74,0.010329758065831203,-0.007455641422272584,1.047525254922271,28.614267262280453,77.20947286235237
15.760000000000002,0.025534336569080687,-0.00282819607619784,0.9899266545596562,28.61426760122281,77.20947358421719
15.780000000000001,-0.022356382622486404,-0.030917572931829,1.017162794532674,28.614267936554196,77.20947430826709
15.8,-0.03318679460857326,-0.04014653322117213,0.9567661804415638,28.614268268394273,77.20947503440122
15.82,0.025877415273971024,0.03399315228562291,0.9804057284284448,28.61426860661716,77.20947575670382
15.84,-0.00633250438155105,-0.004780311868450331,1.0212214320484039,28.614268942703607,77.2094764802993
15.860000000000001,-0.015612220576791846,0.04588104235277658,1.008346909557348,28.614269285341184,77.2094771998969
15.88,0.0019364899519704226,-0.0030093984022828407,0.9920886066771207,28.61426962882038,77.20947791897366
15.9,-0.010929409907356611,-0.024878192833557754,1.039753695699817,28.6142699717987,77.2094786383606
15.920000000000002,-0.020701756531668166,0.00043394442680814614,0.9717475551084162,28.614270316446557,77.20947935671138
15.940000000000001,-0.030493924590275667,0.0014804878710818659,1.0219065743956086,28.614270656406777,77.20948007795488
15.96,0.03608352653039994,0.0028705167934957726,0.991411739187935,28.61427100132289,77.20948079613859
15.98,0.033331543965275434,-0.001390287129688025,0.9830456612360114,28.614271343075057,77.20948151628234
16.0,-0.004983590303807732,-0.03027193817970697,0.9606691757141543,28.614271692580754,77.20948223158102
16.02,0.05235792945782345,-0.030696137249755617,0.9635344802068282,28.614272055248705,77.2094829383261
16.04,0.026569070347945086,0.023272181033255138,1.002796437883325,28.614272428500925,77.20948363788402
16.060000000000002,-0.0009824308815084767,0.03934142784772645,1.0015227321638058,28.614272807818587,77.20948433319553
16.080000000000002,0.04540449924910031,-0.005747734867212355,0.9847897771567051,28.614273183131377,77.20948503132142
16.1,-0.04088723966104601,-0.03658951714103995,0.99591598069908,28.614273555086484,77.20948573177526
16.12,-0.004168363789524205,0.02407121765535187,0.9970267694662318,28.614273928399108,77.20948643129135
16.14,0.03519976306664361,-0.016955201334964014,0.990592944732983,28.61427431447874,77.20948712175654
16.16,-0.006815185580086182,0.006950884673323257,0.9799778586020202,28.61427468945002,77.20948782012051
16.18,0.023473617215111445,-0.010485223544724634,1.0105609833184848,28.6142750737239,77.20948851189162
16.200000000000003,-0.019615121657633912,-0.009884568086883823,1.0249115735962373,28.61427545582609,77.20948920522193
16.22,-0.013224516727217993,-0.017262405859621792,1.0075014309329047,28.614275840412503,77.20948989676762
16.240000000000002,0.007765483024366989,0.0279345949587149,1.008716360882451,28.61427622255501,77.20949059006911
16.26,0.013239690635549847,0.009040183255777427,1.0151206293448265,28.614276596625864,77.20949128905941
16.28,0.0041713873916424055,0.00661864472302586,0.9953405714375929,28.614276969546975,77.20949198884647
16.3,-0.008266945373983732,0.0007586073788599238,0.9871458723443206,28.614277338097505,77.20949269163167
16.32,-0.01858643721888347,0.007701790917634991,0.9601990962429388,28.614277687507652,77.20949340699097
16.34,0.04726759235644057,-0.0236926055517668,0.9889413218379022,28.614278030523877,77.2094941263545
16.36,0.007008055890872177,0.010455475647558521,0.9873912821587161,28.61427838378462,77.2094948392556
16.380000000000003,0.022116225813852385,0.024186094078797758,0.978960090865816,28.614278754127422,77.20949554081716
16.400000000000002,0.019767172465737084,0.004395228740499637,1.0046928598400986,28.61427912118293,77.20949624461693
16.42,-0.009452290372414393,0.01732360535803981,0.9961377537647172,28.614279491101023,77.20949694646919
16.44,0.0010053048801607213,-0.008131185546613594,1.0085364269567663,28.61427985609216,77.20949765166071
16.46,-0.01537872623316139,0.008187257457657547,0.9775052828095767,28.614280236737788,77.20949834602992
16.48,0.015402479715133406,-0.0077436533460899576,0.9695123188410099,28.614280610250756,77.20949904540727
16.5,-0.0031303896907764928,-0.03294203212930433,1.0133638619770127,28.61428098438786,77.20949974435159
16.52,0.03256805615230006,-0.004703048205710531,1.0165153171337142,28.614281345623198,77.20950045204816
16.54,-0.03216299664802703,0.022517175379128954,0.9831755923338051,28.614281706880206,77.20950115973038
16.560000000000002,0.010079112797896299,-0.026682896128741192,0.9928622505901461,28.61428206480667,77.2095018696052
16.580000000000002,0.050940126206589886,0.032642536586838154,1.0054803025766723,28.61428242508592,77.20950257793392
16.6,-0.014628106131073189,-0.011031198069580852,1.0115982689015428,28.614282788191247,77.20950328438761
16.62,0.003241364991420234,0.011252327269469594,0.9648668221711875,28.61428314947791,77.20950399205019
16.64,-0.0069789395658184615,0.03036445222453072,1.0196912088234231,28.614283512681588,77.20950469843827
16.66,0.017966572005230434,0.03655478176144779,0.9734269958247124,28.61428387954777,77.20950540236615
16.68,-0.04001312809590546,0.03216577263701042,0.9719367710917418,28.614284244126384,77.20950610783456
16.700000000000003,-0.02403236470508574,-0.015172480564724753,0.9917270746255233,28.614284612265006,77.2095068108999
16.72,-0.019795632583732563,0.022877225000913822,0.9913369056738529,28.614284977917173,77.20950751564696
16.740000000000002,0.01764308099933433,-0.01186984898837049,1.0005629442575474,28.61428535324383,77.20950821376326
16.76,-0.0035835105775814504,-0.018785105892714055,1.0031360246633458,28.614285728514734,77.20950891191843
16.78,-0.012695798358981837,-0.011733591719367676,1.0339195205150475,28.61428610494978,77.20950960925991
16.8,0.008198062052349445,0.025290261103417644,0.98175638331306,28.6142864950231,77.20951029680631
16.82,0.004501093371148104,-0.009398623660949632,1.0212904242202272,28.614286892476006,77.20951097884651
16.84,-0.003877502814269647,-0.015574785713103343,0.9704493127404785,28.61428730514005,77.20951164906182
16.86,-0.00993352904315849,0.03202776883306612,0.9752593063556378,28.61428771720423,77.20951231975589
16.880000000000003,-0.018080735359511237,-0.0027235034883539267,0.9811939295535063,28.614288133949056,77.20951298668663
16.900000000000002,0.028570692909947914,0.013072650047550538,0.9613959661217091,28.6142885525818,77.20951365208134
16.92,0.029920806080525955,-0.01882017143542856,1.0089529757926656,28.61428896340195,77.20951432376498
16.94,-0.02621941318243473,-0.007906019561391761,1.0243906828958826,28.614289374225873,77.20951499544562
16.96,-0.007772556729493302,-0.00404215012362028,1.0181370770707245,28.614289783326857,77.20951566848944
16.98,0.009065967486829618,-0.011572458652199157,0.969159512359546,28.614290195281477,77.20951633927086
17.0,-0.017986407892841928,-0.0016280440160955781,1.0455973016703735,28.614290611550306,77.20951700658725
17.02,0.014868553776427594,-0.017777001223724533,1.0022322919891027,28.614291036190647,77.20951766702375
17.04,0.004371898789666213,-0.0015124604386757734,1.0308979954291533,28.61429145663645,77.20951833093343
17.060000000000002,0.01667497019982899,0.02279831991114953,0.9972113098320905,28.61429186803285,77.20951900215927
17.080000000000002,0.0463753195515763,-0.033456209012466105,0.9974257403562685,28.614292272502,77.209519678826
17.1,-0.033371781406033765,-0.0026350117051330934,0.9924825864752216,28.6142926839977,77.20952034997285
17.12,0.029294371069474856,-0.009616867051397233,1.041313150265921,28.61429308806018,77.20952102695477
17.14,-0.010465065699000414,-0.011557524715584253,1.0277565525893209,28.61429349308275,77.20952170319183
17.16,0.014089347935738033,0.03905646568214591,0.9988334932667449,28.614293889326703,77.20952238614424
17.18,0.01124396124700543,0.0289279837152289,0.9935762162417276,28.614294283256612,77.20952307083154
17.200000000000003,0.02830065872483245,-0.00979205661407815,1.0149001648448839,28.61429467529827,77.20952375692373
17.22,0.0021531132271779703,-0.027106718634976604,0.9627291871949992,28.61429506528626,77.209524444533
17.240000000000002,-0.015488629802438312,0.030419067803638677,0.9565269859514276,28.614295465442552,77.20952512451898
17.26,0.005812419434109861,0.008021373268984954,0.9792815823891781,28.61429587310865,77.20952579869167
17.28,0.03466100625546902,-0.023101741996531432,1.007513559081674,28.614296284472314,77.20952646994357
17.3,0.007942432843101236,-0.01821022418192974,1.0212281213892487,28.614296697980777,77.20952713948324
17.32,-0.010481115866955442,0.002103498838553512,0.9751148188441446,28.614297110801072,77.20952780957374
17.34,-0.0021350365117938845,0.03509854277111137,1.030766115130636,28.614297526337854,77.20952847748194
17.36,0.005985287267251548,-0.0073539291010640655,0.9892759354252169,28.614297944835382,77.20952914298707
17.380000000000003,0.0033129525210219835,0.009077911963669787,1.0085334586439205,28.61429835605794,77.20952981435116
17.400000000000002,0.0005603909432546054,-0.01182205248718852,0.9892071293017003,28.614298759278284,77.20953049198435
17.42,0.02062241500925689,0.009477569440996461,0.997664239168848,28.614299158890194,77.20953117238564
17.44,0.04147959997483591,-0.03260101468157134,1.036126437761252,28.61429956281963,77.20953184947062
17.46,0.019988667862100313,0.012772916542998508,0.9892780395826667,28.614299964254986,77.20953252847764
17.48,0.013448296287736819,0.004830193113967486,0.9811733435835444,28.614300358025066,77.20953321328426
17.5,0.02165654740532301,-0.016501642058778746,1.013333841848274,28.614300753272367,77.2095338969857
17.52,0.013924646019219179,-0.06702972891085993,1.019481718113262,28.614301140426637,77.20953458666982
17.54,0.003901966264411694,0.032506317236288426,0.9698434729252703,28.614301515790647,77.20953528476015
17.560000000000002,-0.01058765488683724,-0.03479401644351291,1.0073495416122817,28.614301885156664,77.20953598698976
17.580000000000002,-0.010590439563350885,0.025235593140478504,1.0107338950506932,28.614302250693978,77.20953669181425
17.6,0.0007544145930212708,-0.016529516735481774,1.0349029597086488,28.61430261408239,77.20953739807916
17.62,0.0068470405303527595,0.007619503704946385,0.9919528523363336,28.614302973532794,77.20953810695423
17.64,0.023767480290142563,0.012292284094341268,1.0269372776654178,28.614303330376117,77.20953881753644
17.66,-0.0011270968744438975,0.0331082267359524,1.0032267953149467,28.614303694828017,77.20953952308993
17.68,-0.005975321586869066,-0.021678661753826847,0.994012086217754,28.61430405100762,77.20954023410413
17.700000000000003,0.006462470625386288,-0.0007875799008809959,0.9851495941250917,28.61430440665236,77.20954094546565
17.72,0.009580530392255728,-0.019279975072595778,1.0099300398773408,28.61430474697123,77.20954166648986
17.740000000000002,-0.010591681786372526,-0.020884141941474678,0.9766402435131382,28.614305069652396,77.20954239796096
17.76,-0.013365593344103458,0.001865146743163289,0.9781511045031924,28.614305393944235,77.20954312850718
17.78,0.01389178312320727,0.01680421616943333,1.0120997748244693,28.61430571692295,77.20954385980787
17.8,-0.0014369996661137408,0.04972193462383674,1.0369473100540192,28.614306042661042,77.20954458951869
17.82,0.02460038885506481,-0.004400807733610158,0.9716259021544773,28.61430637449078,77.20954531565921
17.84,0.006575301799201714,-0.0014027038440846884,0.9853519753743875,28.614306706686797,77.2095460415824
17.86,-0.0004062862494798153,-0.00010273117089250179,1.0058596520486782,28.614307038674262,77.20954676762938
17.880000000000003,-0.022558000655763175,0.0032707197819071884,0.9889485453911363,28.61430737894342,77.20954748868405
17.900000000000002,0.0011942068145685285,0.005035608231810858,0.9623958128636182,28.61430772627149,77.20954820535805
17.92,-0.018621712530421105,-0.02310573502558168,0.9829021246274563,28.614308092148786,77.20954890995364
17.94,-0.024614761763503787,-0.05508441344783746,1.0097925711139792,28.614308465229797,77.20954960963029
17.94,0.016903692181351928,0.006568675147596806,1.0238148207054405,28.61430865884318,77.20955039799519
17.96,0.02886435383167452,0.00627548096855081,0.981588599849056,28.6143088560162,77.20955118521445
17.98,-0.03942474475699379,-0.025298840340446296,0.9712126494499049,28.614309054129414,77.20955197212736
18.0,-0.026802539627853277,-0.01650753065588856,1.0183178215546083,28.61430924829817,77.209552760315
18.02,0.024537138507075628,-0.036227898857808076,1.0275991819540768,28.61430943758019,77.20955355004361
18.040000000000003,-0.017072307048857333,0.009468187904032822,1.0333139342727218,28.614309622611522,77.20955434107832
18.060000000000002,-0.009224190015925112,-0.01142042873654798,0.966583106316006,28.614309803748895,77.20955513328164
18.080000000000002,-0.013750457551226836,-0.003984444626577259,1.0010285121443776,28.614309980736014,77.2095559267013
18.1,0.01833891135774574,0.001721256849639404,0.9773713016681738,28.6143101592149,77.20955671968721
18.12,0.03347358233750935,0.006031277034422245,0.996474113510602,28.614310333387248,77.20955751391475
18.14,0.0014730614348952005,-0.03808209151589824,1.0169749311490415,28.614310510657216,77.20955830725246
18.16,-0.008780050943802568,0.007719598458583288,1.0074667867091651,28.61431069012333,77.20955909994922
18.18,-0.0044237286053560995,-0.007893021807332248,0.9706455061365507,28.61431087144246,77.2095598920986
18.200000000000003,0.017836917083220324,0.01761293182786331,0.9962858085323834,28.614311058669788,77.20956068246252
18.220000000000002,0.010503358443281945,-0.006399430844301458,0.9894942777018413,28.614311241710105,77.20956147409808
18.240000000000002,-0.005012136486253651,-0.012223041325788504,1.0184285882545472,28.614311419587136,77.20956226725947
18.26,-0.0008737254419748306,0.02280474120843196,0.9854078243015391,28.61431159634661,77.209563060745
18.28,-0.014357417562166536,-0.01929949626063136,1.0032295377238785,28.614311782830246,77.20956385133705
18.3,-0.013372688631512258,-0.010263701314634143,0.9935895660289733,28.614311961947866,77.20956464413608
18.32,-0.027968585573856966,-0.018520162284891367,1.0355233704789844,28.614312144141568,77.20956543602503
18.34,0.022912602817412083,-0.009357372569803823,1.013890470969266,28.614312322610242,77.20956622901394
18.360000000000003,-0.06365743236856732,0.0336459258020126,1.090608803688163,28.614312497420546,77.2095670230596
18.380000000000003,-0.03054617019529047,-0.024229069997022092,1.1755799624549914,28.61431266255918,77.20956781978722
18.400000000000002,-0.05317751872443972,-0.005082499042024228,1.2664744635539054,28.614312826901653,77.20956861672843
18.42,-0.06924944176467826,0.015745600945985132,1.3849754886018166,28.614312989959814,77.2095694140119
18.44,-0.09204715141213653,-0.004471306556402611,1.4159022763024929,28.61431314088754,77.20957021438885
18.46,-0.0953941682876458,0.00783031513692592,1.4596039820356497,28.614313295955174,77.20957101373824
18.48,-0.060983025771339607,-0.010675919028776834,1.5008850796280715,28.614313441845734,77.20957181532627
18.5,-0.09811106365560879,-0.0021361037026171458,1.515815823879099,28.614313583752608,77.20957261784174
18.52,-0.09634283118810483,-0.005136348147932817,1.517577716728829,28.614313716607942,77.20957342236538
18.540000000000003,-0.09231843284518748,-0.003722393259651291,1.5008194720775934,28.614313860177884,77.20957422449692
18.560000000000002,-0.10354647193784942,0.023473741600402633,1.4337424492825115,28.61431400935431,77.20957502529981
18.580000000000002,-0.09116116164890684,-0.012126478797504833,1.3781931176965607,28.61431416515693,77.20957582446374
18.6,-0.05682518688205823,0.006199808032825056,1.3551292471278318,28.614314329320024,77.20957662145294
18.62,-0.069453452367885,0.01919925542424883,1.2739717461176314,28.61431448688927,77.20957742016729
18.64,-0.0380573090972591,0.011038902062935703,1.1720639488268032,28.614314644663484,77.20957821882914
18.66,0.004856264626014888,-0.00540677563298053,1.0793509880559393,28.614314813641478,77.20957901451146
18.68,-0.013407033904980823,0.0269980238463334,1.0102583268235188,28.614314994479976,77.20957980680342
18.700000000000003,-0.002194810427698066,0.0032295384592042195,1.0101706019178172,28.614315175816063,77.20958059894778
18.720000000000002,-0.005550788401598401,0.017408335602509026,0.9700032628426143,28.614315355730195,77.20958139151277
18.740000000000002,0.010048814065600837,-0.010563952887132695,1.000906241024582,28.614315546993694,77.2095821806217
18.76,0.0029067781016098755,0.011719041145327161,0.9974712413437549,28.614315743062576,77.20958296819877
18.78,-0.013678677921328115,0.013452881678458182,0.9946981575795261,28.614315922254626,77.20958376097602
18.8,-0.010657032963090255,-0.015324997794434018,0.9782554749850951,28.614316099341753,77.20958455436677
18.82,-0.01280388609961312,0.0271521457256899,0.9861643968963801,28.61431628305535,77.20958534579997
18.84,-0.014416008528095927,0.022582161142251363,0.993678464000646,28.61431646360739,77.2095861381767
18.860000000000003,-0.0350833457674004,-0.010781585884224659,0.962823200262875,28.614316645489122,77.20958693015874
18.880000000000003,0.0036210521960017136,-0.028295125026348816,1.0211054716721562,28.614316831824215,77.20958772079628
18.900000000000002,-0.013385275553212785,-0.003545279343208717,0.9985914791847942,28.6143170229278,77.20958850995548
18.92,0.009672686033902951,-0.0019834751643712303,0.9884435698316909,28.614317220311754,77.2095892971062
18.94,0.0016914229824423613,-0.012034349044773816,0.9796872519353682,28.614317415516503,77.20959008496179
18.96,-0.0075518459460247765,-0.009394096035486394,1.0049607059408963,28.614317610868063,77.20959087277015
18.98,-0.009185553449100528,0.016608204916715875,0.9662749307384852,28.614317810248206,77.20959165926779
19.0,-0.02640951858220357,0.03201124161464326,1.0144786599236708,28.614318004774155,77.20959244734121
19.020000000000003,0.0025860468540634847,0.015637306538826355,1.0161862538734359,28.614318197240138,77.20959323607067
19.040000000000003,-0.0016631353498109194,0.025033540844397476,0.986833782433687,28.614318396731644,77.20959402253168
19.060000000000002,-0.012464494250545275,0.00010054216263399293,0.9546324293731218,28.61431859791093,77.2095948084346
19.080000000000002,-0.03965301329154632,-0.030739032652361265,0.9880118123610079,28.614318796970984,77.20959559503746
19.1,-0.0041157618604837345,-0.011027713567899649,0.9937984304001544,28.614318991868043,77.20959638299189
19.12,-0.002628750638542074,-0.014468313305022485,0.9974493619429134,28.614319193654033,77.20959716869297
19.14,0.022041054520486734,0.019694574047124016,1.0357124619963451,28.614319402225284,77.20959795209141
19.16,0.0007505930260492107,-0.042015729046506405,1.0067585377926964,28.61431961541745,77.20959873387409
19.18,0.02382053367669991,0.0030529500359450772,1.0339871458023349,28.61431982165952,77.20959951807231
19.200000000000003,-0.012574437989068281,-0.0030685373478899465,1.0158663418791705,28.614320031713483,77.20960030095652
19.220000000000002,-0.005312293771185412,0.00722946406823588,1.0078837166518142,28.6143202499707,77.20960108092349
19.240000000000002,-0.020157057369141564,-0.01908712766681882,1.0025367226782422,28.614320461775616,77.20960186319532
19.26,-0.005303631869542845,0.023300232494818666,0.9606311370657885,28.6143206829023,77.2096026421128
19.28,0.01653433953126083,0.0035477453007323034,0.9587470278711262,28.61432090699692,77.20960341992884
19.3,0.017106406472557786,-0.022507877724544295,1.015105402656113,28.61432114130374,77.20960419383017
19.32,0.004439359491104781,-0.019617515500672703,0.9984685608586601,28.614321373614185,77.20960496851208
19.34,-0.02690743124769287,-0.00859528780552842,1.0207096135143547,28.614321607037574,77.20960574275976
19.36,-0.028103849802084434,0.01068766259355132,0.968682297299246,28.614321838394883,77.20960651781172
19.380000000000003,-0.004972190622753087,-0.015199917893964316,1.0064426383305403,28.614322075003766,77.20960729080367
19.400000000000002,-0.013571527864273788,0.012108657474771023,1.0092047688593162,28.614322301099037,77.20960806786807
19.42,0.013262542218992961,-0.0008821904063292812,0.9872750856055753,28.61432252936014,77.20960884411039
19.44,0.009473092023645423,0.02973448984577216,0.9786960491413291,28.61432275299989,77.20960962209631
19.46,0.006895191297151713,-0.011734656853500463,0.9792179813819348,28.614322977957627,77.209610399589
19.48,-0.011433870424551804,-0.0011158575707233317,0.9858755592952225,28.614323205909955,77.20961117594906
19.5,-0.015425208985713541,0.01755130052665909,1.06229199934568,28.614323432554425,77.20961195280583
19.520000000000003,-0.02944445323461752,-0.016835410402649808,1.1296050345294302,28.614323645168067,77.20961273479296
19.540000000000003,-0.05950832638849212,-0.01843374755008241,1.2130951151930192,28.61432385658365,77.20961351720146
19.560000000000002,-0.07216092879317104,-0.023187530583410054,1.261705146885979,28.614324072219326,77.20961429811408
19.580000000000002,-0.07373461770584121,0.011739797346696373,1.2885291966517218,28.614324281518325,77.20961508126065
19.6,-0.11141244868159407,-0.02890670750007965,1.362674390847374,28.614324503941017,77.20961585969918
19.62,-0.10774983735663707,0.005726530715757905,1.3541889030678584,28.61432470886124,77.20961664434697
19.64,-0.11273715104080693,-0.01396450160013319,1.3842329485279075,28.614324910349147,77.20961743014733
19.66,-0.07987786158553455,-0.013858389735699582,1.3706795598105543,28.614325118151093,77.20961821381105
19.68,-0.10682801957653548,-0.0377973520564016,1.3640994422763484,28.61432533124109,77.20961899562992
19.700000000000003,-0.0889635973414986,-0.0020360287715527675,1.3415491940281243,28.6143255429592,77.20961977793228
19.720000000000002,-0.06688599011736947,-0.014939227594635746,1.3043259609478839,28.614325766997606,77.20962055576936
19.740000000000002,-0.08254258563452178,-0.004336519609897681,1.2600060397530166,28.61432598309698,77.20962133651564
19.76,-0.03512393949258472,-0.0040995705856432365,1.2060018869613902,28.61432619268137,77.20962211956319
19.78,-0.01689265845292485,0.03458223986146106,1.1626676706269816,28.61432639740245,77.20962290427845
19.8,-0.060853045317358925,-0.018318966606948567,1.0514978003096043,28.61432660516769,77.20962368795482
19.82,0.007127680761239943,0.010080828096260956,0.9421983851571457,28.614326792913495,77.20962447815926
19.84,0.020689216034547767,-0.0068949859808309965,0.978321027664638,28.614326986804816,77.20962526643565
19.86,-0.007688227115853196,0.011666016080507848,1.021588359509661,28.614327184655018,77.20962605343455
19.880000000000003,0.010802094336191117,-0.003697018515966266,1.0127435601603072,28.614327391686132,77.20962683736299
19.900000000000002,-0.026489597519101116,0.03553844791112563,0.9839187943287361,28.61432759799906,77.20962762153708
19.92,-0.031693806580486296,-0.0011919490074310678,0.9924734102564032,28.61432780847619,77.20962840427386
19.94,-0.008481560032024068,0.0020246068225404593,0.9598095683847968,28.61432801699688,77.20962918768983
19.96,-0.01951408128842386,0.023776072958342033,0.9824456783030432,28.61432821429611,77.20962997486821
19.98,0.007126908149591081,-0.007188270976939994,0.9840088412658529,28.614328405066672,77.20963076413204
20.0,0.006480286574777607,0.02063806564731961,1.014961101435091,28.614328599222425,77.209631552324
20.020000000000003,0.035246534081919134,0.023874808137482138,0.9963678941275773,28.614328794271664,77.20963234022965
20.040000000000003,0.015952581108421845,-0.011090130987754528,0.9780287238201157,28.61432899307503,77.20963312691681
20.060000000000002,-0.011955234285280983,0.016103970295881093,0.9715509264868041,28.61432918622081,77.20963391543069
20.080000000000002,0.00090695608295084,-0.01919744579011947,1.0166262358827662,28.61432938709893,77.20963470143364
20.1,0.004348950401526773,0.004204775359987025,0.9968956571335372,28.614329576789913,77.20963549103506
20.12,0.010557813184470058,-0.013111546589148473,0.9803406582931894,28.614329764073524,77.20963628138183
20.14,-0.04185288355201406,-0.0013509387495604258,1.0193178653524966,28.614329963735255,77.20963706778687
20.16,-0.00906040051416507,0.013713222013908835,1.014545594658336,28.61433016518287,77.20963785360068
20.18,0.020844688012404893,0.022519121463889916,0.9896637032732214,28.614330381241665,77.20963863436157
20.200000000000003,0.007893170601141083,-0.046678682314523184,0.9755508322411478,28.61433059743005,77.2096394150759
20.220000000000002,0.0007902200216925518,-0.017439793802180352,1.0288410187613068,28.61433081681659,77.2096401946317
20.240000000000002,-0.010381784073109173,0.027125863895951726,1.0120647603017119,28.61433104848989,77.20964096956124
20.26,-0.0026307703774415274,2.6447999481897327e-06,0.9968209564721572,28.614331271393308,77.20964174782137
20.28,0.0008332900119552432,-0.0006341678029124795,0.9749876530058916,28.614331481515443,77.20964253068193
20.3,-0.018212871794278433,0.019855393617006903,1.0083357250559621,28.614331693149403,77.20964331301388
20.32,0.005349335831249487,-0.04900959766871869,0.9789200887577272,28.614331906883987,77.20964409460444
20.34,0.0014033217550012164,-0.019917702451978388,1.0120037768358952,28.614332120755073,77.20964487614656
20.36,-0.008357988283103166,0.01979847096029256,1.0098016542695374,28.61433233571389,77.20964565730134
20.380000000000003,-0.008411548218310468,-0.03361538337229593,0.9855060260669425,28.61433255379701,77.20964643733159
20.400000000000002,-0.0249150363874265,0.0007169423690848634,1.0098807294489751,28.614332762022748,77.20964722084939
20.42,0.02217415384430148,-0.04123075121848092,0.9900205754382323,28.614332968306393,77.20964800503351
20.44,0.009922946471819455,-0.01078193157987068,1.0197924973131411,28.614333175103564,77.20964878904212
20.46,0.0057519191419782715,0.022550915125079247,0.989918442083446,28.614333377329583,77.20964957459648
20.48,0.010758777892519295,-0.03721269419969491,1.0135891453496055,28.61433357802034,77.20965036066158
20.5,-0.05526518150150734,-0.0063914472674590165,1.051554435635591,28.61433377789634,77.20965114699601
20.520000000000003,0.033921547359686506,0.017744369369522634,0.9836414176306156,28.61433398360394,77.20965193137647
20.540000000000003,-0.05292483636990926,-0.01726340578369526,0.9721931532929485,28.614334187536727,77.20965271635808
20.560000000000002,0.017797667979060884,0.006565555024065809,1.0010422919911401,28.61433438665551,77.20965350294176
20.580000000000002,0.0018716478108263524,0.03630578038506279,1.0097515614885526,28.61433459041998,77.2096542879801
20.6,-0.021298292290725614,0.014537014418981791,0.9822693940904845,28.614334788050055,77.20965507505082
20.62,0.0020874732294577343,0.004228748769186737,0.9976634933347345,28.614334982568575,77.20965586312674
20.64,-0.008651896132986746,0.03209831535311642,1.0659673596673969,28.614335171671822,77.20965665291112
20.66,-0.04620740689975738,0.0029260140118960672,1.130557288160451,28.614335362475938,77.20965744216448
20.68,-0.028623983062563377,-0.0026729361170705237,1.2402062327577565,28.614335559231996,77.2096582295193
20.700000000000003,-0.09756416258322605,-0.021105207734151823,1.3008550489939732,28.614335753347888,77.20965901772405
20.720000000000002,-0.1010647569582659,0.01699245520319275,1.3351706123991205,28.61433594269752,77.20965980743182
20.740000000000002,-0.11482822060618106,0.0408589697950455,1.382600644344668,28.61433611864178,77.20966060115259
20.76,-0.12481693702448364,-0.042719698486200094,1.4223709486552174,28.614336303210912,77.20966139232759
20.78,-0.09624887221762586,-0.0168225146082819,1.4425413091261374,28.614336486771265,77.20966218380707
20.8,-0.06748799725665033,-0.0016885262285516042,1.4162043137743974,28.614336665813386,77.20966297662842
20.82,-0.07917567348079663,-0.017488067022916977,1.4163145588456598,28.614336839952117,77.20966377086572
20.84,-0.0956324068372572,0.015972355745515074,1.422581662048142,28.614337021970886,77.20966456280705
20.86,-0.05202040089410418,0.012366554655383331,1.3684366698253205,28.614337198919504,77.20966535623806
20.880000000000003,-0.046760215080851514,0.008075251783224918,1.294033837750121,28.61433738581935,77.20966614670276
20.900000000000002,-0.06606588208715208,0.036734960751656984,1.2570353945545043,28.61433758188708,77.20966693428038
20.92,-0.04200719987651036,0.006474532931573226,1.157280224251004,28.614337768382022,77.20966772486916
20.94,-0.01258403087351672,-0.010750214659699536,1.074340762669634,28.614337960970488,77.20966851355998
20.96,-0.015637233093046127,-0.022988603785059944,1.0046760057387083,28.61433814647577,77.20966930445084
20.98,-0.019820779302913545,0.00954908899975078,1.003416725452855,28.614338330401853,77.20967009582016
21.0,0.01475871100613913,-0.022444570570822543,1.026867365185393,28.614338506871462,77.2096708893896
21.020000000000003,0.01940012583680332,0.01483507718368279,0.9783964295768229,28.614338686507043,77.20967168203674
21.040000000000003,-0.020399322410976257,-0.009573042971481972,1.0136542993840418,28.61433886903753,77.20967247382525
21.060000000000002,0.007279093236416814,-0.04085291203719136,0.9944480918448021,28.61433904800359,77.2096732666689
21.080000000000002,0.00695076839247351,0.020307022658975583,0.9734869374211618,28.614339217890134,77.20967406210032
21.1,-0.022069303999747443,0.011391690161167499,1.0062401102803422,28.614339379842697,77.20967485967634
21.12,0.006466955418592761,0.01596549719833457,0.9909941680496834,28.61433954642275,77.2096756560147
21.14,0.010351004798390575,-0.03107270902202123,1.0255711790249857,28.614339698902675,77.20967645601
21.16,0.011299207431517926,0.026648441430367098,0.9830099232985533,28.61433985927116,77.20967725400126
21.18,-0.005886046325237607,0.03714765341604818,0.9871824856205954,28.61434002127758,77.2096780515631
21.200000000000003,0.005766057384737403,-0.01954278476450397,1.0019594510325003,28.614340175504,77.20967885112385
21.220000000000002,0.0034125800691512625,0.007838010563746665,0.9648042669110342,28.61434032687644,77.20967965139202
21.240000000000002,0.0013669611361451905,-0.007821609479707526,1.0197517589901883,28.61434046725707,77.20968045425595
21.26,0.01735569888071157,-0.008225503506720197,1.0221831097404492,28.614340608319125,77.20968125696487
21.28,-0.01953472156041333,0.005451235519495373,1.013324419023516,28.614340743138705,77.20968206106458
21.3,-0.017350946453646838,-0.011766685157690311,1.002322657451105,28.61434088539915,77.20968286349903
21.32,-0.021684462743735585,-0.003440788544829629,1.0119876061293644,28.61434103414352,77.2096836644064
21.34,0.019383159976892807,0.03963217775042895,1.0049138453526758,28.614341186549485,77.20968446442
21.36,-0.000722998644561039,-0.02573589672292766,1.016886543905112,28.614341346833054,77.20968526243341
21.380000000000003,-0.012836889963808891,0.006762562891977707,1.0351371395980873,28.614341514662293,77.20968605843136
21.400000000000002,0.02490798010510611,0.045944401755009565,0.9975706891902069,28.614341683849926,77.20968685405607
21.42,-0.005132187778904329,0.0010209330558893013,0.994487587723029,28.614341852136747,77.20968764992865
21.44,-0.04397952907160027,0.014365083101094772,0.9961018954262686,28.6143420199385,77.20968844593412
21.46,-0.013373725231036701,-0.015164312064620256,0.9759021750775823,28.614342182596797,77.20968924332378
21.48,0.0014536108748428676,-0.017479079606927805,1.0018142937677912,28.614342346321855,77.2096900404301
21.5,0.006951155668207855,-0.02681052376564991,0.9676248446852842,28.61434251996578,77.209690834808
21.520000000000003,-0.01401414486171826,0.0018460130350573306,1.0239149682207724,28.614342696368887,77.20969162839666
21.540000000000003,-0.008987814685041924,0.03663875709720179,1.0256673813130885,28.61434286823741,77.20969242327541
21.560000000000002,-0.010357472733251358,0.012741818938183847,0.9826992006058225,28.614343038615896,77.20969321857031
21.580000000000002,0.012118590393917288,0.0034158141672939917,0.9784899881577843,28.614343218264537,77.20969401121366
21.6,0.0261709043990532,-0.008278073183581357,1.0175548641708212,28.614343405626173,77.20969480153653
21.62,-0.01526571492762281,-0.009845873101571413,0.9691881093853528,28.61434359609028,77.20969559089652
21.64,0.02757258415032106,-0.016707309270328107,0.9816604491741231,28.61434378152887,77.20969638180772
21.66,0.002980805410384336,-0.01430100013058401,0.9786199769179784,28.61434396958387,77.20969717191687
21.68,-0.003777311829753244,0.010151955196357238,1.0071068541847246,28.61434415397618,77.20969796314543
21.700000000000003,-0.006553891761294447,0.04862916444367515,1.0073946173841484,28.614344331956868,77.2096987562769
21.720000000000002,-0.020088392016289324,0.01727743051511878,1.0038386933022807,28.614344506004443,77.20969955054018
21.740000000000002,-0.017806894062508082,-0.010278828990597781,0.9965692751885162,28.614344677201057,77.20970034560708
21.76,-0.020804969517103394,-0.015318489340313015,1.0117452726250582,28.614344861257305,77.20970113693717
21.78,-0.04116463908350114,-0.016688050603982343,1.0777223697830114,28.614345052580116,77.20970192602765
21.8,-0.029208342528401245,0.04578883962042055,1.182772332711175,28.614345241514503,77.20970271586454
21.82,-0.011628895587164227,0.01825732275085024,1.242457930188999,28.614345436165532,77.20970350389808
21.84,-0.08337627991941968,0.00823425951127497,1.2697204509542948,28.61434563163675,77.20970429166815
21.86,-0.08634740393267788,0.022920338416592637,1.330972897255486,28.61434581838429,77.20970508217961
21.880000000000003,-0.07076396702807679,0.014119782314749975,1.375355039809382,28.61434601258084,77.20970587035865
21.900000000000002,-0.11727400923077708,-0.043422256190947285,1.388557232838795,28.614346204978286,77.20970665911001
21.92,-0.12851002000797218,-0.020748363882326846,1.4440817767525054,28.614346388206375,77.20970745068946
21.94,-0.139251693200564,0.02313491247571236,1.4380105295125691,28.614346584782577,77.20970823810266
21.96,-0.09601335368175797,0.043510913078865364,1.4023130505848203,28.614346786746,77.20970902374478
21.98,-0.10317423221652743,0.026816082161089598,1.3886961224530268,28.614346994381847,77.2097098074658
22.0,-0.10713440938451312,-0.000827045225196202,1.3293024175483155,28.61434719911175,77.20971059217823
22.020000000000003,-0.08183641891198476,0.010487660001914872,1.3040239564011091,28.614347405874238,77.20971137619881
22.04,-0.036382876463897096,-0.01889651086511909,1.2191413913338125,28.614347608850625,77.20971216150211
22.060000000000002,-0.04577465741121793,0.008775408035363738,1.1124847035856473,28.6143478196868,77.20971294411365
22.080000000000002,-0.0028982354483090157,0.005277458456460096,1.0511414255961014,28.61434803370756,77.2097137256027
22.1,0.007455759762309733,0.0002408697112640342,1.0238665522417079,28.614348251095947,77.20971450588466
22.12,0.0016317521904593455,0.01363033603135366,0.9950432294212905,28.61434846867579,77.20971528609738
22.14,-0.0017280744916151939,0.0033408432040323904,1.0059606921042523,28.61434868509311,77.20971606672954
22.16,0.011943820266237914,-0.05672116412764658,0.9954021083272836,28.614348906104816,77.20971684568957
22.18,0.004297758410734666,-0.012001361631350078,0.969940420464677,28.614349126654826,77.20971762481939
22.200000000000003,0.002302395379153165,-0.013462152855219874,0.9768412183736142,28.61434934613345,77.2097184043417
22.220000000000002,-0.04039635520944868,-0.002936426318046799,1.0201459392675278,28.614349580143188,77.20971917835988
22.240000000000002,-0.00782382682269469,0.006272879033976462,1.0192561782486003,28.614349812667278,77.20971995295882
22.26,-0.032584055240776205,0.008496180326224869,0.9712181949198815,28.614350044667166,77.2097207277617
22.28,-0.02322025441865104,-0.004202027602938588,1.0226123941495524,28.614350261240062,77.20972150833789
22.3,0.018525857851400537,-0.002280863259930327,0.9886704682440063,28.614350476430747,77.20972228940997
22.32,-0.004771041916920285,-0.04703232138154852,1.0028049199431495,28.6143506928923,77.20972307002623
22.340000000000003,0.031393600957107075,0.021347441382295683,0.9987700484412997,28.614350900145613,77.20972385387866
22.36,0.012805304244151279,0.0035015030742235986,1.0118390900341263,28.614351111375672,77.20972463635238
22.380000000000003,-0.015408802714589491,-0.0033896105027608325,1.0156322910030673,28.6143513283276,77.20972541679197
22.400000000000002,-0.009908692843884678,-0.0059874792325476794,0.9915281631836463,28.614351547572355,77.20972619639969
22.42,0.011194056925337495,-0.02967336137168879,1.0210193862580554,28.614351763145766,77.20972697733481
22.44,0.009184171490058594,0.03948512432148598,1.0267839157703198,28.614351965109286,77.20972776297694
22.46,0.01754930971056888,-0.012954053866295013,1.0067509957504621,28.614352165166054,77.20972854925185
22.48,-0.04537956865176271,-0.03178657600230544,0.9786067988454477,28.614352367243644,77.20972933485592
22.5,-0.03315442906222728,-0.0035485184000645814,1.0085460962719888,28.614352572932816,77.20973011924279
22.520000000000003,-0.01381533724053204,0.0006804451945826341,0.9896075729271899,28.614352791060476,77.20973089925702
22.54,0.011623732275635191,0.022535634848130152,0.9926809973521277,28.614353020439157,77.20973167507198
22.560000000000002,0.014171522667461254,-0.0028849947185573973,0.9812525001339454,28.61435324996311,77.20973245083117
22.580000000000002,-0.05845835811413281,-0.005127330940277415,1.0279407457802094,28.614353484678315,77.20973322457215
22.6,-0.019295433412926916,-0.015317996299398538,0.9978698654236615,28.614353719368918,77.2097339983228
22.62,0.009495418749614444,-0.02993823040596393,1.0267469504620295,28.614353958099183,77.20973477046816
22.64,-0.022123590830180787,-0.026516438549392972,1.0143201527076116,28.614354202452603,77.20973554032759
22.66,0.003995990610140453,0.011057836401642871,0.9840585599185165,28.614354455547577,77.20973630651352
22.68,0.00773616417054129,0.009131063565535927,0.9844657267781779,28.61435471352059,77.20973707058545
22.700000000000003,-0.011339302368222537,0.01930994538833305,0.9964783886606561,28.614354957425277,77.2097378406295
22.720000000000002,0.00015412234102790446,-0.003418341517340023,0.9991265458595934,28.614355203922713,77.2097386096015
22.740000000000002,-0.003972252874524015,0.030232269177986142,0.9914463547338149,28.614355452432637,77.20973937773252
22.76,0.008904099246868689,-0.01846964455420347,1.0217541841098887,28.614355701615267,77.2097401455807
22.78,-0.005716560120859723,-0.008746199692950594,1.0016780264789795,28.614355944871747,77.20974091589078
22.8,-0.03761299370592378,-0.0021039618226472564,1.005355442686574,28.614356186036872,77.2097416870537
22.82,0.010210382010688648,-0.0022921244990823948,0.9784332742377221,28.6143564284367,77.20974245771411
22.840000000000003,-0.0015642776492089346,-0.01647677289753609,0.9641371375251802,28.614356672307586,77.20974322777207
22.86,0.010068848967736346,-0.019868376358286182,1.0173364201710617,28.61435691883675,77.20974399673088
22.880000000000003,-0.017834977328288103,-0.047024340544268795,0.9799910975967959,28.614357177649975,77.20974476043403
22.900000000000002,-0.006262628468516099,0.03135752988498626,0.9943426495735249,28.61435744043129,77.2097455223768
22.92,-0.02941336171814777,0.0003270705058338975,1.069994136242234,28.614357691381716,77.20974628947756
22.94,-0.018925126297842234,-0.00722730979937018,1.1435454668876255,28.614357932694915,77.20974706058038
22.96,-0.040077425145259006,-0.015869614922572904,1.1955651685541455,28.614358181100798,77.20974782875508
22.98,-0.03810985278273854,0.0018366989208257905,1.246346262493285,28.614358436115737,77.2097485941145
23.0,-0.08294419785891002,-0.003184561019057972,1.301005561542865,28.61435867851183,77.20974936477646
23.020000000000003,-0.11539150649530153,0.0346139405369513,1.314943922097495,28.61435892860201,77.2097501322417
23.04,-0.11787956189011785,-0.009719270299384528,1.3836570037560005,28.61435918897527,77.20975089525645
23.060000000000002,-0.08211553035613824,-0.006283746826147537,1.399086312257344,28.614359454745927,77.20975165585263
23.080000000000002,-0.0739187372833494,0.015280269775311337,1.3969070688873144,28.614359721766984,77.2097524158803
23.1,-0.12345310527274021,0.013260762260100539,1.3775073395561994,28.614359985333145,77.20975317747124
23.12,-0.10034456248710195,-0.024099343951338587,1.3709538783914699,28.614360255918832,77.20975393586123
23.14,-0.10287165438788097,0.010638254747356801,1.3351141610820123,28.61436052118158,77.20975469668745
23.16,-0.02820419608267822,0.024218185609958667,1.2835899826408788,28.61436079089731,77.20975545547945
23.18,-0.045707894853708915,0.028886194482465367,1.2041522916423624,28.614361062035698,77.20975621361325
23.200000000000003,-0.054446855349436926,-0.02462217271241121,1.138221617594952,28.61436132332919,77.20975697621971
23.220000000000002,-0.03778683757380382,-0.0006556473656297657,1.0729551850724275,28.614361572464077,77.20975774408804
23.240000000000002,0.028263165035020993,-0.021779729199372086,0.9866890497482067,28.614361817079498,77.20975851383955
23.26,0.012088643235530773,0.017185047166865922,1.0034714490906387,28.614362059749485,77.20975928438968
23.28,-0.00010835300295966791,0.00308668514536221,1.0010905779892887,28.614362313272988,77.20976005039181
23.3,-0.009362515088027708,0.02403706176520459,1.0176007213828664,28.614362556134246,77.20976082086374
23.32,-0.008844241544994554,0.010695458225219688,1.0274741303177182,28.614362798404752,77.20976159157696
23.340000000000003,-0.02851710785628596,-0.018183559853570525,1.005284435309597,28.614363039808627,77.20976236264299
23.36,-0.014915833016812574,0.0016391628077146404,1.0134141519153064,28.614363281760777,77.20976313348599
23.380000000000003,-0.009902931047149871,-0.014971502682295142,0.9997447412527187,28.614363524572358,77.20976390397824
23.400000000000002,-0.0034906740338440235,-0.021472038352302287,1.0152692929630667,28.61436378377112,77.20976466751176
23.42,-0.0023832730242130703,-0.010250074579214608,1.0169353433048145,28.61436404816379,77.2097654287309
23.44,0.01840997516081402,0.003841214267980415,1.0280936847284212,28.614364314780087,77.20976618894298
23.46,-0.015356798776439242,-0.01934860201913285,0.961634778451949,28.61436458683104,77.20976694665246
23.48,0.02731424784522117,0.002455035868510915,1.0114560007163382,28.61436486100013,77.20976770337062
23.5,-0.0031466525814531476,-0.026978234378895665,0.994641206372552,28.614365142462713,77.20976845660616
23.520000000000003,0.006453003873663536,-0.03800835148826348,1.0094095018657678,28.61436542502342,77.209769209308
23.54,0.020239378233635835,0.03569648215488716,1.009917666589782,28.614365709449714,77.20976996109755
23.560000000000002,0.010156766469559812,-0.008153005752713325,0.9840695105460199,28.61436599342579,77.20977071310791
23.580000000000002,0.014302298235308692,-0.004045612704308243,0.9665318252561458,28.61436626520968,77.20977147094176
23.6,-0.012431272643587133,-0.007310726869206426,1.0065701396344355,28.61436653302337,77.20977223060751
23.62,-0.003732091546668454,0.010195700087892277,0.9920896723907434,28.61436680359449,77.20977298900429
23.64,0.014166035680065532,0.003243977861455838,1.0137013647486655,28.614367064567247,77.2097737517533
23.66,0.014620915928065088,0.017824556670163267,0.9966085901355775,28.614367330784738,77.20977451214674
23.68,0.0031127446409986333,0.005616463566832229,1.0146600573589737,28.61436759303273,77.20977527432798
23.700000000000003,0.014009813296247783,-0.0004463560348345664,1.0066411991580735,28.614367849579224,77.209776039023
23.720000000000002,-0.01670130549950747,0.020215288349295406,0.971643261942123,28.614368118916797,77.20977679798933
23.740000000000002,0.013089743804245076,-0.007451959222456082,1.0001838157832372,28.614368388313718,77.20977755692833
23.76,0.01822279397823585,-0.0010785257498388944,0.9999955449859954,28.61436866049992,77.20977831457482
23.78,-0.00013982529690704073,-0.005039110046741517,0.993473484825764,28.61436892884228,77.20977907399846
23.8,0.003344084620877018,0.027372579162044913,1.0110773660335308,28.614369198624548,77.20977983275982
23.82,-0.04084381827243463,0.006688960672493124,0.9824138268845021,28.61436947179195,77.20978058994794
23.840000000000003,0.02753159242860594,0.0013195672473403064,1.0308171404515158,28.614369754067656,77.20978134278857
23.86,0.006793722031472791,-0.04354295437686208,0.9724436689489718,28.614370030798185,77.20978209829593
23.880000000000003,0.011538148231920339,0.007152419497968053,0.9718900929100526,28.614370311391568,77.2097828519522
23.900000000000002,0.006562840554455514,0.014038135991464596,1.011732721365507,28.614370599721823,77.20978360180956
23.92,0.009113650647934929,0.018326599395066107,1.0430141039197736,28.6143708910608,77.20978435015637
23.92,0.0006821249105703478,-0.02058713507170876,0.9987594480263061,28.614370890186983,77.20978516879038
23.94,-0.0068311472017239675,-0.007755376585058366,0.9878399466680072,28.614370881900673,77.20978598737057
23.96,-0.029571954565133184,-0.005456565786883909,1.0127400832331637,28.614370882828226,77.2097868060045
23.98,-0.0005061843171518687,-0.020784834298017706,0.9757510634798074,28.614370877748136,77.20978762461866
24.0,-0.02781562494247558,0.012811540051700585,1.0072779352348589,28.614370875888554,77.20978844325053
24.020000000000003,-0.017971736870342495,-0.0005782059872031645,0.9500561938897719,28.614370883228904,77.20978926184245
24.040000000000003,-0.017667726523466754,-0.027624894842442488,0.9979865949711582,28.614370894107278,77.20979008038326
24.060000000000002,0.02826400619385211,0.0004833011922786828,1.0194373431216395,28.614370904538827,77.20979089893162
24.080000000000002,0.0055839295523262625,-0.009501705573059922,0.9926085330063296,28.614370913244834,77.20979171750615
24.1,-0.0003456800822699225,-0.020310158094842858,1.0193332615318444,28.61437092733295,77.20979253598344
24.12,0.005955786773444924,0.012164329787619688,0.9998781837228249,28.61437094297333,77.20979335442415
24.14,0.014892502536452292,-0.0001646641131018149,1.0290244441165661,28.61437096861882,77.20979417253734
24.16,-0.04372782867631493,-0.006578429700161555,1.0519793810440161,28.614370999346857,77.20979499042328
24.180000000000003,-0.0051364788184541325,-0.02859319571344225,1.0364571346342462,28.61437103985078,77.20979580775662
24.200000000000003,-0.01015847108102822,0.004393301838614747,0.9979080558689698,28.614371080923522,77.20979662505313
24.220000000000002,-0.013726901404200319,6.391543727755618e-05,1.000676207715935,28.614371128003615,77.20979744192914
24.240000000000002,-0.01748269338217509,-0.04258305142221886,0.9816936750430465,28.614371160196775,77.20979825974194
24.26,-0.04484448497868303,0.03948282558808111,1.0235139337338701,28.61437118964063,77.20979907768917
24.28,-0.011000312548071916,0.02504569252157038,1.0287435111276917,28.614371230757477,77.20979989498281
24.3,0.001006366729619083,-0.002077134360739363,0.98818475393565,28.614371277227434,77.20980071190415
24.32,-0.00107063758047405,0.019601030256877008,1.0082593358277019,28.614371318658662,77.20980152917718
24.340000000000003,-0.05677069879080328,-0.007635787097745684,0.9896062815564729,28.6143713583349,77.20980234656321
24.360000000000003,-0.07957640521669843,-0.006840712741074997,0.9807784276151583,28.61437140927888,77.20980316313833
24.380000000000003,-0.11853363941920597,0.012516749603883364,1.05905965064441,28.614371465864572,77.20980397923131
24.400000000000002,-0.17583144695031344,-0.007655035566082023,1.0061210346588039,28.61437151784047,77.20980479572205
24.42,-0.2073158656914693,0.007545938270286445,1.0708824308930094,28.614371567155136,77.20980561242696
24.44,-0.24608840515023261,-0.02619338345687898,1.0452223896013362,28.614371612337987,77.209806429442
24.46,-0.3037490691888892,-0.027516739359933103,1.0575693765609404,28.614371659528885,77.20980724630971
24.48,-0.3266191295011999,-0.00026457429194095693,1.081046316314888,28.614371712860486,77.209808062687
24.5,-0.40087246682809846,-0.026920103698625724,1.0819564171455927,28.61437177533232,77.20980887822265
24.520000000000003,-0.4012398487755686,0.012073062103536083,1.0926534898241211,28.61437183100312,77.20980969439726
24.540000000000003,-0.37860410325450067,0.01159762116756854,1.0562353976943322,28.614371872738836,77.2098105116502
24.560000000000002,-0.3546641403109773,-0.03876606269500021,1.0790038116343534,28.614371912487062,77.2098113290317
24.580000000000002,-0.3764826581914679,-0.0070247026826926375,1.0831930207405518,28.61437194551889,77.2098121468011
24.6,-0.37960865587202675,0.016129863817157326,1.0773264140941672,28.614371984285466,77.20981296424377
24.62,-0.40530487424409006,-0.01933386509020595,1.0720574467361896,28.61437202320169,77.20981378167721
24.64,-0.356423592307548,0.0018476761934432873,1.1038352874871342,28.61437206256968,77.20981459908259
24.66,-0.3598533887797477,-0.016916421520028847,1.085613592814948,28.614372099174954,77.20981541665455
24.680000000000003,-0.40445388653492537,-0.019882324106903538,1.0682557565397475,28.6143721352231,77.20981623425862
24.700000000000003,-0.353623897503165,0.0021287619836785313,1.064503808420105,28.614372151327668,77.20981705268767
24.720000000000002,-0.38950101482800553,-0.032903412384224826,1.0371824738490667,28.614372161686727,77.20981787123723
24.740000000000002,-0.3739756066809148,-0.003784016450613512,1.0741176753840345,28.614372162708776,77.20981868987103
24.76,-0.3427692415331728,0.01064560303326764,1.080731972952282,28.614372161784516,77.20981950850498
24.78,-0.40120198826445275,-0.022529827307126635,1.0456693429908663,28.61437217613717,77.20982032697631
24.8,-0.3757873852191811,-0.017854899608185502,1.0869392565577614,28.614372187268515,77.20982114551272
24.82,-0.39163059254040733,0.01508475601070543,1.0656032040400238,28.61437219052925,77.20982196413891
24.840000000000003,-0.41117554863256794,-0.03826127592570317,1.0602208317152162,28.614372183776,77.20982278273739
24.860000000000003,-0.3869255470630496,0.021978201054051634,1.0649194844288286,28.614372177505807,77.20982360134086
24.880000000000003,-0.40217482078449746,-0.03218523343185359,1.0721922925453886,28.614372181549598,77.20982441996252
24.900000000000002,-0.3756100345310469,0.005272815269177735,1.042471670303175,28.61437218767225,77.20982523856743
24.92,-0.35087360580553795,-0.0024056900685468134,1.0867336866386403,28.614372204212774,77.2098260569852
24.94,-0.37701499443165726,-0.006308514299948346,1.0939280002666623,28.614372211504648,77.20982687557768
24.96,-0.4004679326668259,0.009978160434751769,1.0905457055411856,28.614372215534942,77.20982769419942
24.98,-0.3998727375929625,-0.014452565185699592,1.0602943863301777,28.614372223247752,77.2098285127869
25.0,-0.3649818457959609,-0.006054663315531038,1.070829032133814,28.61437222562741,77.20982933141703
25.020000000000003,-0.3512636854700782,0.0032646490982261747,1.062461210200237,28.61437221744932,77.20983014999864
25.040000000000003,-0.36478181805751814,-0.016186278273639765,1.1234333266197087,28.614372203636545,77.20983096848204
25.060000000000002,-0.42502953459891457,-0.004105546172239091,1.0682421978481447,28.614372175459426,77.20983178648717
25.080000000000002,-0.3975443546811234,-0.023229261404291567,1.1295158538221273,28.614372153642282,77.20983260474446
25.1,-0.3683192344914677,-0.004142091810495578,1.0622644863958126,28.61437212483708,77.2098334227212
25.12,-0.3276436644200981,-0.022326738956314814,1.0830854799999428,28.614372106512022,77.20983424108964
25.14,-0.4211628091411521,0.01286865703139175,1.0812213169310543,28.614372074584967,77.20983505891598
25.16,-0.35840461022914677,-0.004101871416072155,1.080294752560595,28.614372037431533,77.20983587645586
25.180000000000003,-0.39044137879562624,-0.024473057678825124,1.098266976412815,28.61437200295872,77.20983669414808
25.200000000000003,-0.38345838432945173,-0.03101861242530243,1.0718616915036878,28.614371976784184,77.20983751223955
25.220000000000002,-0.3779518465921368,-0.00019846860972405828,1.1122523733204326,28.614371954487623,77.20983833048007
25.240000000000002,-0.3146471967373085,0.0027418721710113464,1.0579015107833236,28.614371934055065,77.20983914878374
25.26,-0.28608394027395595,-0.016381326232245332,1.0460943402316236,28.614371912069704,77.2098399670352
25.28,-0.26038907542624057,0.005150868073013981,1.0336981277419408,28.614371890206687,77.2098407852909
25.3,-0.218472810086024,0.02403670711865898,1.0254443055868125,28.614371872895212,77.20984160368796
25.32,-0.16551701098984775,0.024399483445206753,1.0530489366085256,28.614371847269474,77.20984242180197
25.340000000000003,-0.12501355114482662,0.03515659215686572,1.0313138622142177,28.61437183385066,77.20984324029386
25.360000000000003,-0.10265042990504233,-0.023196132075305794,1.032614014994208,28.614371816312826,77.20984405868468
25.380000000000003,-0.024075484141527655,-0.002864173475670911,0.9756963225669534,28.614371797440725,77.20984487703699
25.400000000000002,0.0350266321012476,-0.012257899908413262,1.0150769530033492,28.614371778618864,77.20984569539078
25.42,0.008898178974780614,-0.021181481204629527,1.0386662099934176,28.614371755270554,77.20984651359323
25.44,0.004003464799860165,0.003918276693177443,0.9992770187269466,28.614371736719036,77.20984733195505
25.46,0.024013605047425814,-0.03735685739434484,0.9817616211696439,28.614371723697946,77.20984815045527
25.48,0.00604199572541551,0.03714822710249333,0.9871516775667121,28.6143717127575,77.20984896899502
25.5,-0.012438314177028953,-0.021490229293875382,0.9810778693135196,28.614371705600966,77.20984978758905
25.520000000000003,0.0389086781123813,-0.029561584217478263,0.9808693816521309,28.61437170014741,77.20985060620009
25.540000000000003,0.0002127082684025727,-0.003908304938031887,1.0308433284318135,28.614371689519732,77.20985142474518
25.560000000000002,0.0029036183131916937,0.0018884305914801853,1.0506153634620656,28.614371678098586,77.20985224327642
25.580000000000002,0.017273152478145603,0.01742803939664819,0.994525811885807,28.614371666463892,77.20985306180374
25.6,0.01120389676553952,0.006757808689920134,0.9982393845555853,28.6143716531677,77.20985388029824
25.62,-0.017597137041411227,0.015242713182805791,0.9946081704400085,28.614371642244294,77.20985469883829
25.64,0.009812798104897187,0.022549520737601636,0.9680993857253418,28.614371624829438,77.2098555172325
25.66,0.004904921675955995,-0.016901571441765913,0.9902087739537012,28.614371603352208,77.20985633550146
25.680000000000003,0.012081406105932897,0.035189605315442525,0.9974167616718889,28.61437158183505,77.20985715376905
25.700000000000003,0.009521841958913067,0.0012942213639106765,0.9528839377868418,28.61437156845432,77.20985797226176
25.720000000000002,-0.010243558285498264,0.01564080640726936,0.9672855099260862,28.61437154566697,77.20985879048473
25.740000000000002,0.01665064150375291,0.0010072486866856676,1.0138070861184603,28.614371518106854,77.20985960851714
25.76,-0.010736220148404304,-0.014372352286291433,1.0155008021345335,28.614371486474624,77.20986042635835
25.78,0.00050531853922342,0.0003312333320697844,1.0085105696581131,28.61437144264799,77.20986124346923
25.8,0.0013828200576286632,0.00991625072141262,0.9918446294303093,28.614371393833697,77.20986206021315
25.82,-0.012691313357945672,-0.001013336732569507,0.9857458869160636,28.614371345367474,77.20986287698398
25.840000000000003,0.039983104616853636,0.011125678850374547,0.9848203249491292,28.614371300563317,77.20986369402607
25.860000000000003,-0.015520440124722059,0.02449350406298403,0.9940859335530559,28.61437125970195,77.20986451133633
25.880000000000003,-0.040002351635969574,-0.00655809376338652,0.9741889938503392,28.614371216862576,77.20986532851516
25.900000000000002,0.018138267419699105,-0.0072174613903757635,1.0099331033013403,28.614371167090688,77.20986614518408
25.92,-0.008542827110978223,0.019212862273434845,1.0175932095697793,28.614371110310188,77.2098669612595
25.94,0.027130698854210187,0.018520720677463458,1.025332741906074,28.6143710634245,77.20986777815001
25.96,-0.005009470571995263,0.01303704070595031,1.030093546042393,28.614371009910613,77.20986859451182
25.98,-0.0011927386653977799,0.006327354858628832,0.9423129990016972,28.614370958520553,77.20986941105068
26.0,0.05374813082360121,0.0026052795934971484,1.0257419539402646,28.61437091134883,77.20987022791982
26.020000000000003,-0.0029632110524734573,-0.009564747101772821,1.006229817559267,28.614370861552462,77.2098710445868
26.040000000000003,0.0012695582177306508,0.015416234965013627,0.9802249270253447,28.614370806110664,77.20987186078165
26.060000000000002,0.020371746583075608,0.012937253035802808,0.9867537747974143,28.61437075950897,77.20987267769326
26.080000000000002,-0.04522428523990726,0.01991632112612823,1.000859635795646,28.614370711348514,77.20987349448754
26.1,-0.10074449106279987,0.03241548171522266,0.9959480013106201,28.6143706748185,77.20987431206386
26.12,-0.151607977030791,-0.015851669984601625,1.0200467378271034,28.614370632605976,77.20987512928501
26.14,-0.2096789648144007,0.023381081198656898,1.0278245006149465,28.614370598356142,77.20987594698938
26.160000000000004,-0.24934244686337745,0.015203279693631536,1.0130420316831745,28.61437056273713,77.20987676461786
26.18,-0.27264158322104287,0.014322700402453844,1.0590147764080609,28.614370529748484,77.20987758238952
26.200000000000003,-0.3165178662497558,0.019172991520117155,1.0868774956536578,28.614370500855593,77.20987840036224
26.220000000000002,-0.3969026977527966,-0.019907014018578455,1.0661338881298352,28.614370486332213,77.20987921882967
26.240000000000002,-0.4087600559988538,0.02405338916507351,1.0829720311957236,28.614370481862803,77.20988003744844
26.26,-0.41652555216752907,-0.01830729683597206,1.0702731738095932,28.614370477933708,77.20988085607081
26.28,-0.4391076795337018,-0.025739561482878537,1.0913015669583328,28.61437048068888,77.2098816746994
26.3,-0.4188492647782942,0.00739983718824344,1.0983323711018649,28.61437048573381,77.20988249331384
26.32,-0.40528617409726464,0.03146730367795136,1.073272218333341,28.614370496432823,77.20988331185772
26.340000000000003,-0.4266393625220602,0.0170830627576651,1.0735109068857553,28.61437050913142,77.20988413036451
26.360000000000003,-0.43204839011472906,0.018121383051849457,1.0961155291006257,28.614370530463713,77.20988494863838
26.380000000000003,-0.44911589098558985,0.01524258239678718,1.076692879131965,28.61437055521613,77.20988576678725
26.400000000000002,-0.43884169797897327,-0.0032694239105074095,1.040134739098609,28.61437058189303,77.20988658485764
26.42,-0.43268080312606155,-0.00980759603859386,1.075568819840625,28.614370608357852,77.20988740293697
26.44,-0.4579004866302707,-0.02480437267261171,1.079351050116755,28.614370647923288,77.20988822032996
26.46,-0.4519429907416572,0.013020823969819533,1.0662931480581355,28.614370687121152,77.20988903774592
26.48,-0.4175734906302916,-0.006503631317294097,1.0789079711133662,28.61437073429517,77.2098898546149
26.5,-0.44199621985181503,0.023540731111792557,1.1015160588717285,28.614370791260754,77.20989067067357
26.520000000000003,-0.4688139211601008,0.0060123489946566164,1.06618306525034,28.614370839401037,77.20989148746939
26.540000000000003,-0.4407041859219246,0.004812644385925093,1.0679667934623764,28.614370882309135,77.20989230464353
26.560000000000002,-0.4404464936128131,-0.030905899555715606,1.0848210267486191,28.614370921263948,77.20989312207458
26.580000000000002,-0.4290805668224592,-0.0027757611199198803,1.082370193762906,28.614370961803,77.20989393940566
26.6,-0.42482105460527325,-0.000241373586134887,1.0747369242519025,28.614371006508804,77.20989475645474
26.62,-0.42012724409368757,-0.04793853261206871,1.0616774938301674,28.614371040542423,77.20989557417084
26.64,-0.4375391181784507,-0.002909219673018353,1.0669844618103683,28.61437107360797,77.20989639193847
26.660000000000004,-0.43598478859810286,-0.00026257646472148687,1.1282371975864385,28.614371113124967,77.20989720933451
26.68,-0.45632563830471606,-0.0017746189599872422,1.056128162876965,28.61437115977827,77.2098980262423
26.700000000000003,-0.44189494879478447,-0.016858116729290117,1.0669708892908587,28.61437120419976,77.2098988433115
26.720000000000002,-0.44896145160523687,0.019158827319717794,1.0892468025770645,28.61437125111726,77.20989966019965
26.740000000000002,-0.42054991995891355,-0.0031007593187998275,1.1390799751410534,28.614371290622884,77.2099004775964
26.76,-0.38684402064693135,-0.03698483737395455,1.0796444917315138,28.61437132961107,77.20990129502539
26.78,-0.4237003346729987,-0.022467693026079923,1.0848175301971925,28.614371377211747,77.20990211186225
26.8,-0.40847606887873095,0.03859415399847105,1.0557153956201741,28.614371411460386,77.2099029295667
26.82,-0.4168247408663933,-0.005313641952882481,1.0592576140222627,28.614371453033083,77.2099037468304
26.840000000000003,-0.46104234520926946,-0.042848019145146486,1.0822762360757239,28.614371503369913,77.20990456345439
26.860000000000003,-0.43112107306973935,0.004987637181525209,1.0929332175983313,28.614371554308253,77.20990538002998
26.880000000000003,-0.4543488195071648,-0.023413995664558995,1.0678142119069842,28.61437160190708,77.20990619686698
26.900000000000002,-0.4620101410908628,0.02481112575361705,1.0646380808485705,28.614371655953114,77.2099070131833
26.92,-0.41153692747310633,-0.02676621620194384,1.049833550319811,28.614371705013614,77.20990782990808
26.94,-0.40180654315015313,-0.025157003483778556,1.0993934197358834,28.614371757611714,77.20990864634712
26.96,-0.498556197878888,0.021755211294460168,1.088327687485552,28.614371792670774,77.209909464007
26.98,-0.3960313956954634,-0.021265282207179836,1.090706142587083,28.61437182533601,77.20991028179552
27.0,-0.3322673407641169,0.01037647510862877,1.0631301884793805,28.6143718657882,77.2099110991322
27.020000000000003,-0.2952243797200556,-0.01229277116208174,1.0697139152696202,28.614371911287407,77.20991191612445
27.040000000000003,-0.23605520963902804,-0.003957340623317244,1.0364798189859918,28.614371953249165,77.20991273336237
27.060000000000002,-0.18890682915207244,0.007474791214911287,1.0238454614736043,28.614372001035978,77.20991355018514
27.080000000000002,-0.13671028448620817,0.01604493018494135,1.0185948803677978,28.614372049369674,77.20991436696615
27.1,-0.07951157564881388,0.0314911422952704,1.007304943823331,28.614372083571418,77.20991518467315
27.12,-0.03670556169771641,-0.020434649356920662,1.0198588819123346,28.614372113179744,77.20991600261269
27.14,-0.006336548824087829,-0.015538822610385148,0.9687070509544152,28.614372138516643,77.20991682073837
27.160000000000004,0.01935382950235189,0.0027695252205086254,0.9987663671680417,28.614372149600573,77.20991763927562
27.18,-0.03642004547904704,0.00623647616613931,0.9656368792698133,28.614372166137425,77.20991845769348
27.200000000000003,0.01966442122335686,-0.02446509293362007,1.0244158416901483,28.614372182793264,77.2099192761082
27.220000000000002,-0.0030086425789736864,-0.013227412620442315,1.0124569928817335,28.61437220162823,77.20992009446161
27.240000000000002,-0.016627169159903445,-0.019401064502097692,0.9836073949674474,28.614372224963162,77.20992091266456
27.26,-0.023823817375386795,-0.010012289880770497,1.006108444585924,28.614372250131208,77.209921730797
27.28,0.021573726110026278,0.004298382365367143,1.007905641791208,28.614372278571704,77.20992254879032
27.3,-0.005600012796290962,0.009277750967107036,0.9700463890568267,28.61437231173736,77.2099233665527
27.32,-0.023176517349939706,0.024924474345859027,1.002714348052748,28.614372347023927,77.20992418419989
27.340000000000003,-0.019935734963321232,0.00853276038889949,1.0111743710271301,28.61437238700562,77.20992500156662
27.360000000000003,-0.009589190320083221,-0.02765342188084915,1.0072557701095433,28.6143724246609,77.2099258190767
27.380000000000003,0.025276110153482384,0.0014168762254639419,1.0158781213198345,28.614372469165794,77.20992663614003
27.400000000000002,0.016295606320774907,0.0015820073682351293,0.9839250874403346,28.61437250637471,77.20992745367663
27.42,0.007154948834340674,-0.024172632497885507,1.01438778480787,28.614372538373924,77.20992827149932
27.44,-0.003963971144931521,-0.011759832668628492,1.0281197096706576,28.614372567170605,77.20992908947646
27.46,-0.030507600665375025,0.012905659700996178,0.9987244749229313,28.614372599260825,77.20992990729452
27.48,0.05518903111964293,-0.020426878381549315,0.9964317293406174,28.614372631034644,77.20993072512861
27.5,-0.010540025797439288,0.016729788390148288,1.0012216439428707,28.614372663706376,77.2099315429168
27.520000000000003,-0.01182739694776082,-0.01363244132935622,0.9791003543576585,28.614372696184564,77.209932360715
27.540000000000003,0.0008183855608478758,-0.002086774382802353,1.0114097856598054,28.61437273827286,77.20993317794448
27.560000000000002,0.03306536676371437,-0.025713951960767156,0.9923682105823187,28.614372779610935,77.20993399522365
27.580000000000002,0.0015374001042658845,0.00025216673708553276,1.008637229697303,28.61437281861628,77.20993481265158
27.6,-0.005835755334374129,0.0013752404487929974,1.0211690237216433,28.614372847255517,77.2099356306359
27.62,-0.03779751991213621,-0.01692970187076752,0.9990249761307227,28.614372883123046,77.20993644825029
27.64,-0.005948113133139582,-0.007276745048460657,1.013976869599886,28.614372927496486,77.20993726532289
27.660000000000004,0.0004119551756467601,0.0034172503927476306,0.9763642084878866,28.61437296481379,77.20993808285309
27.68,-0.015317683129689766,0.014196824095996506,0.9964298155622172,28.61437301297903,77.20993889964701
27.700000000000003,0.008702702239644804,0.001744840103571354,1.0095088758478796,28.614373050702664,77.209939717153
27.720000000000002,-0.014532579358299587,0.04615377239830844,0.975919653785886,28.61437307993367,77.20994053511016
27.740000000000002,-0.014996579058707927,0.010116888924558006,1.028687864086999,28.614373104990804,77.20994135324703
27.76,-0.0006237016228255769,0.020842189536290336,1.0157078936635746,28.614373140942156,77.20994217085665
27.78,-0.013617538664766558,-0.031208988514270196,0.988222975853887,28.614373178037997,77.20994298839992
27.8,-0.004483249146555412,-0.006544999021080292,0.9995726312861454,28.61437321551048,77.2099438059209
27.82,-0.04106140985564788,0.01488008208463393,1.0085495284941333,28.61437325090695,77.20994462356194
27.840000000000003,-0.10354528436466812,0.0076254462413552935,1.0097698210804298,28.614373282326955,77.20994544141378
27.860000000000003,-0.12701787441254198,0.029368496964728787,0.9924911194325935,28.614373319126145,77.20994625897445
27.880000000000003,-0.20406825460627778,-0.012980364851894046,1.0230863625581388,28.614373348307776,77.2099470769339
27.900000000000002,-0.24544846139060808,-0.029009696094939343,1.0584570745970878,28.614373373752006,77.20994789505527
27.92,-0.2860303677579565,-0.009638887631342711,1.0554957326726149,28.614373395528908,77.20994871331395
27.94,-0.3145958920240949,-0.043380043572271924,1.0798860566366077,28.6143734189107,77.20994953151518
27.96,-0.3708681880489915,0.020697241807008653,1.0513753037863471,28.614373439504323,77.20995034981362
27.98,-0.4278876052138677,-0.04061528439043035,1.096916870135702,28.614373475485312,77.20995116742155
28.0,-0.418633376759762,0.015272869338736459,1.0929938693354229,28.614373508612157,77.20995198518598
28.020000000000003,-0.41506614482577503,0.00438948779359164,1.066599032737387,28.614373529833966,77.2099528034636
28.040000000000003,-0.38765142769287736,0.03283341255468709,1.0828562651247433,28.614373545445787,77.20995362190503
28.060000000000002,-0.3978427801726078,0.009847207461198442,1.066644947176945,28.61437355628588,77.20995444044652
28.080000000000002,-0.4365294079783127,0.052947850012238416,1.0908148325665001,28.614373561571853,77.20995525905902
28.1,-0.3907050650416437,-0.04142502246714381,1.1130711242798692,28.614373558167284,77.20995607768447
28.12,-0.4352597563774241,0.012415696707823217,1.0842548588815404,28.61437355619437,77.20995689631602
28.14,-0.39261119986464343,0.050436246779830295,1.0627621995584708,28.61437354714142,77.20995771488569
28.160000000000004,-0.4026353212185574,-0.030783145179419717,1.0735574686164828,28.614373534801317,77.20995853339963
28.18,-0.423546971236192,0.023755312426521714,1.1284616312238187,28.614373521997855,77.20995935190433
28.200000000000003,-0.3983464163405954,-0.00973907458707125,1.0539026111921928,28.614373499491414,77.2099601701374
28.220000000000002,-0.4114764899250417,0.00864958231542296,1.0662077199983908,28.614373481924805,77.20996098852743
28.240000000000002,-0.4117053435532523,0.015193340772838643,1.082554247748079,28.614373469026436,77.2099618070302
28.26,-0.4255284729106051,-0.02661434938498322,1.1091682986600262,28.61437347306375,77.20996262565191
28.28,-0.4103585784848091,0.010307738923784568,1.0518411921179553,28.614373483777655,77.20996344419557
28.3,-0.4444067617029188,-0.016377579573530247,1.062332648656793,28.614373497654526,77.20996426267756
28.32,-0.4535018409600508,0.011972612744777159,1.041799002034866,28.614373511891348,77.20996508115154
28.340000000000003,-0.4005642000025904,0.008764873165485259,1.072127988864516,28.614373522902483,77.20996589969008
28.360000000000003,-0.40971532406032624,0.05797831846898353,1.0583618529293743,28.614373527581044,77.20996671830736
28.380000000000003,-0.4167683516580063,-0.01322835910978141,1.101080732509309,28.614373541811318,77.20996753678148
28.400000000000002,-0.40305294514264667,0.001647041207276774,1.0503879900676598,28.61437355525347,77.20996835527289
28.42,-0.4119610632358147,-0.029904493239045298,1.108445596713024,28.614373575759164,77.20996917357421
28.44,-0.4005348545875742,0.027430440665759125,1.1074648716899438,28.614373605817566,77.20996999149246
28.46,-0.3958719807550376,0.0028228750615824066,1.0711868606771477,28.61437363354773,77.20997080951743
28.48,-0.45159135348203827,0.020223406482433707,1.0296328474763012,28.614373660548015,77.20997162757408
28.5,-0.46674522577861444,0.021543412058746596,1.0899308777761392,28.614373684004736,77.20997244577252
28.520000000000003,-0.4096493043998771,0.0009308956287551899,1.1035177555666156,28.614373703296874,77.20997326411212
28.540000000000003,-0.40841202105797114,-0.00944621362222879,1.0539992490218693,28.61437372605351,77.20997408233622
28.560000000000002,-0.4136989839456606,-0.00048563602337483056,1.0657791575552187,28.614373740948302,77.209974900795
28.580000000000002,-0.4281067425703479,0.02531994746381936,1.0843239461578833,28.614373762441677,77.20997571906342
28.6,-0.4299082064761971,0.008079206444364714,1.0693403584632655,28.614373791516357,77.20997653702781
28.62,-0.41501347698057994,0.008462555397461177,1.1188737665401778,28.61437381773155,77.2099773551176
28.64,-0.42061433191899916,0.050505551794247414,1.0793983095968318,28.61437384240484,77.20997817326962
28.660000000000004,-0.39585454710052526,0.022163737129553825,1.0890344685317135,28.614373872893385,77.2099789911672
28.68,-0.40758177047171196,-0.008158495495956075,1.0983652022231052,28.614373909359976,77.20997980874722
28.700000000000003,-0.4119303489132617,-0.014992302003964716,1.0451464452981685,28.61437394309982,77.20998062647914
28.720000000000002,-0.34531758729289497,-0.01714925499519458,1.0768370238900127,28.614373975043616,77.20998144430465
28.740000000000002,-0.3077584704335374,0.021069644048911984,1.0513172031277458,28.61437401443923,77.2099822617083
28.76,-0.2720761990526226,-0.024275362947770565,1.0393609239807295,28.614374058447925,77.20998307880652
28.78,-0.2474854090685719,0.0003878117621158981,1.0352422995637216,28.61437410898797,77.20998389541424
28.8,-0.16543591861565468,0.020409632848144545,1.0330779235093186,28.614374174712026,77.20998471061814
28.82,-0.1251436096073712,-0.018159737615758502,1.0138053883933482,28.614374230667657,77.20998552676751
28.840000000000003,-0.10022136856241452,0.030711875309649406,1.017721503451492,28.614374284914792,77.20998634306655
28.860000000000003,-0.04038022304172893,-0.03975337631042621,0.9872075440185968,28.61437433085763,77.2099871600266
28.880000000000003,-0.024096551669427133,0.011828230583721153,1.0201708059420316,28.61437437899206,77.2099879768229
28.900000000000002,-0.04293209335219466,-0.003926594317331535,0.9950530915271424,28.614374434094046,77.20998879304763
28.92,0.01427216334129962,0.005456075502217357,1.0181795829093996,28.61437449545984,77.20998960869225
28.94,-0.008380972359515659,0.008319310903848232,1.0267672894841007,28.614374563090475,77.20999042369378
28.96,-0.021370485521581255,-0.0017340206685174367,1.0352710809970593,28.614374634431496,77.20999123828472
28.98,0.00513400612870353,0.0024558144250160677,0.9985428354454937,28.61437471683127,77.20999205152036
29.0,-0.013690977072577935,-0.010712678801506835,0.9605952340575759,28.614374801991065,77.20999286438696
29.020000000000003,-0.004137426126273216,-0.002386215973566428,1.0075563814528092,28.614374891249756,77.20999367668273
29.040000000000003,-0.0444402821747358,-0.0008215757866441239,1.0008463041412399,28.61437497427851,77.20999448983535
29.060000000000002,-0.0016587461959351932,-0.03914641105795101,0.9973636660300254,28.614375053470955,77.20999530348438
29.080000000000002,0.017996840045460254,-0.0037125560815561816,1.0082232351105536,28.614375135395,77.20999611678239
29.1,-0.009343057696915397,-0.009929874558190723,1.013766636882454,28.614375213920024,77.20999693051536
29.12,0.008958691324946692,0.010233575567871562,1.0020939053752682,28.614375300264705,77.20999774321974
29.14,0.017463907637662902,0.012660016887457905,0.995323491399969,28.614375395611873,77.20999855461727
29.160000000000004,0.00463797959876718,0.03021168330301308,1.0168203320560307,28.614375491629822,77.20999936591214
29.18,0.012570530794387849,0.03405450950481047,1.0244604101424273,28.614375586920033,77.21000017731835
29.200000000000003,-0.015655163206981564,-0.024285610750333454,1.0331337131573535,28.614375683208593,77.21000098857161
29.220000000000002,0.00458519525494381,0.030679453749967535,1.0146359778823597,28.614375769831927,77.21000180123752
29.240000000000002,-0.012249310464203442,-0.05001165317518384,0.9856218649887685,28.614375851549834,77.21000261456246
29.26,-0.009993522938602145,0.00018138093010233177,1.0524046516961951,28.614375925874,77.21000342880723
29.28,-0.007858256955114327,0.00299866148771578,0.9844584687991783,28.614376004151588,77.21000424257113
29.3,0.021892957051050863,0.013884759569418958,1.001321053989295,28.614376080053223,77.21000505662705
29.32,0.013880994277385024,-0.0073976302799185455,1.0374549273689546,28.61437616340769,77.21000586973645
29.340000000000003,-0.03842765809063208,0.005187522068156158,1.0046991628043107,28.6143762519802,77.21000668212969
29.360000000000003,0.02179170798702577,-0.004067706946145787,1.058513587139565,28.614376338190745,77.21000749485256
29.380000000000003,0.027980430081755922,0.031073501860018685,0.9935487579017391,28.61437643074493,77.21000830666962
29.400000000000002,-0.0010330844097285277,0.001239265373471427,0.9890416620579849,28.614376528935253,77.21000911762704
29.42,0.0034859368450865097,0.025999643345856617,1.0080674298359775,28.61437662405873,77.21000992905864
29.44,0.011565110423346008,-0.017720224331737006,0.9862497056870291,28.614376724620858,77.21001073963882
29.46,0.032259650695579276,0.025018824122924093,1.0271748363278745,28.61437681833166,77.21001155128369
29.48,-0.023633585706064334,-0.018402549187164188,0.9867752360583916,28.61437691356894,77.21001236269797
29.5,0.0013845351419462851,0.018697597582830947,1.0134717618999036,28.61437701003712,77.21001317392354
29.520000000000003,-0.011634683727342722,0.002428372609393637,1.0122258227564789,28.614377104715622,77.21001398542268
29.540000000000003,0.028806259295817465,0.006474504514886721,1.0123355965946237,28.614377200353648,77.2100147967758
29.560000000000002,-0.03759453501449447,0.04850310155381034,1.0296826791202025,28.614377293997112,77.21001560843075
29.580000000000002,-0.10985827660853587,-0.009854252704260215,1.0052228747325327,28.614377394173953,77.21001641907284
29.6,-0.12181204068515865,0.020547990612844846,1.0307839753045251,28.61437751367592,77.21001722630999
29.62,-0.1903641031095009,0.006746695880492,1.0305513044543648,28.614377643178056,77.21001803154326
29.64,-0.21783316642877817,0.03908387811673185,1.0722028211082983,28.614377775897594,77.21001883609647
29.660000000000004,-0.3284624586577523,0.03584946271585211,1.061940577210811,28.6143779051516,77.21001964138148
29.68,-0.322394747584404,0.028445753522423286,1.1016151164079249,28.61437801911638,77.210020449657
29.700000000000003,-0.3854198690424424,0.009034488016027721,1.1028120370149246,28.61437813728747,77.21002125714833
29.720000000000002,-0.37225270429904017,-0.02978270468721536,1.0573065841309843,28.614378260092558,77.21002206374193
29.740000000000002,-0.45747697523881703,-0.0009163427633696067,1.0789248732461327,28.614378380509464,77.21002287080263
29.76,-0.4161114573289766,-0.036758170080975885,1.0845275564091912,28.614378499355873,77.21002367816536
29.78,-0.42202842692789505,-0.024191810148132143,1.0776309797667278,28.614378616389672,77.2100244858716
29.8,-0.4339602209461921,-0.010204221968187948,1.0691423179767725,28.614378735236187,77.21002529323431
29.82,-0.42804061756321204,0.014743540212196395,1.076883847265718,28.61437886809666,77.21002609775734
29.840000000000003,-0.42330205419788025,-0.023676115473132295,1.0930245145170583,28.61437899956321,77.21002690257745
29.860000000000003,-0.4514592470454374,-0.02327303974452161,1.0981582465662656,28.614379131365787,77.21002770732625
29.880000000000003,-0.4232737466407799,-0.056827486891869,1.060482620674212,28.614379274376653,77.21002850958787
29.900000000000002,-0.42939480536605673,0.03172378629951487,1.0508436277156796,28.61437941329021,77.21002931278313
29.900000000000002,0.014594740640744485,0.012092953763144324,1.012930319368758,28.61437923056832,77.21003010451466
29.92,0.011160065117595288,-0.04762321271476329,0.9914196948569495,28.614379047034834,77.21003089600255
29.94,-0.008138010541417473,-0.01979798794912491,1.0106074708622492,28.614378862160287,77.21003168708535
29.96,0.004418566027072401,0.016993240076728963,0.9804350115297987,28.614378673270732,77.2100324769364
29.98,-0.017957968468386796,-0.0183698569431405,1.0406324888840914,28.614378487681723,77.21003326780209
30.000000000000004,-0.027709664608120008,-0.027127461714734815,0.9976197794026359,28.6143782945904,77.21003405633364
30.020000000000003,-0.0019791473627502176,0.0256821411123128,0.9906156434890143,28.614378106203233,77.21003484634038
30.040000000000003,-0.030042733000583292,-0.03176439358699188,1.0197997150809779,28.614377921506573,77.21003563747708
30.060000000000002,-0.002669383627730505,0.01555929591378725,0.9982854299624819,28.61437774878266,77.21003643211547
30.080000000000002,-0.0010394578602689918,-0.00726584877186793,1.063314405571969,28.61437757445521,77.21003722629936
30.1,-0.016347139273575707,0.014046124099078525,1.0233012532872696,28.61437738955149,77.2100380173733
30.12,0.038817486389200434,0.005331801466002876,0.9905318948221117,28.6143772063712,77.21003880896734
30.14,-0.011972849153682541,-0.04146386139419434,1.0014854445006143,28.614377010955103,77.2100395967554
30.160000000000004,0.004244369367124075,-0.006298840509400633,1.0013256907238095,28.614376823089994,77.21004038692341
30.180000000000003,-0.0038187163371906146,-0.004883429360095455,0.9788943043211367,28.614376644659657,77.21004117992402
30.200000000000003,0.018789708144769487,0.00818145949996303,1.0256709895753529,28.61437645658052,77.21004197002597
30.220000000000002,-0.006690719662571143,0.006370373692324349,0.9914085691167571,28.614376269674707,77.21004276048913
30.240000000000002,-0.025341164952429888,-0.004903266864227677,0.9950538107063093,28.614376089537885,77.21004355298895
30.26,0.008298250181713348,-0.022682488481915,1.0043726300382667,28.614375907573084,77.21004434494668
30.28,-0.030056690857709213,0.00962223331179699,0.9816868207011454,28.61437572329684,77.21004513621057
30.3,-0.016962605439380784,0.017423178769585754,1.0042267559718248,28.61437553246307,77.21004592545493
30.320000000000004,-0.010207176068841155,0.006616553755838689,0.9899426497059248,28.614375343922955,77.2100467154143
30.340000000000003,-0.00945031381210369,-0.004389225645314523,0.9904689633068163,28.614375164804006,77.21004750821342
30.360000000000003,-0.006928720349987544,-0.0074087834748300845,0.9967571773908726,28.61437498758937,77.21004830156768
30.380000000000003,-0.008520351014385755,-0.018354649807760776,0.9853009544436108,28.61437481051183,77.21004909496166
30.400000000000002,0.0025128341580618998,0.0049680773923559,0.9687058432100654,28.614374625600288,77.2100498860332
30.42,-0.013596620299005253,0.003834118649620294,1.0034760865965322,28.614374451185206,77.2100506801921
30.44,0.008699611133562603,0.016724186728845184,0.9542088940005813,28.614374279396433,77.21005147509347
30.46,-0.016834905482362935,-0.012458352742236667,0.9549303153414345,28.614374105561403,77.21005226941737
30.48,-0.02538756150775972,0.002384089608018018,1.0008945414996344,28.614373920970554,77.21005306058609
30.500000000000004,-0.0226270345991815,-0.0263219902496655,0.996362595062887,28.614373741029848,77.21005385314369
30.520000000000003,-0.008228764821005655,-0.006789180024528463,1.005186463775776,28.614373566754352,77.21005464734235
30.540000000000003,0.019420586138077078,-0.01123514366043102,1.0132873832794926,28.614373387846257,77.21005544020323
30.560000000000002,-0.0005503665637104296,0.021152719592448993,0.9604546996014698,28.614373224832843,77.21005623749903
30.580000000000002,-0.009217918877818764,0.034127208587803916,0.9877060081259819,28.61437306578793,77.21005703583421
30.6,-0.0008058077841655341,-0.023527038781078674,0.9910465740835712,28.614372902606235,77.21005783308533
30.62,-0.02419865413422409,0.018153489826833288,1.006245567066944,28.614372736956838,77.21005862967581
30.64,-0.03412731459816403,0.013611173718360167,1.0045648239517904,28.614372569893867,77.21005942588314
30.660000000000004,-0.019753183815959224,-0.010980160729229436,0.9918992361809186,28.614372414316865,77.21006022510456
30.680000000000003,-0.02097573206650554,-0.015035176268537145,1.0008831152244062,28.614372267699377,77.2100610265209
30.700000000000003,0.04798508559114195,-0.015288617541305652,0.994502762407988,28.61437211164925,77.2100618256226
30.720000000000002,0.03843440602866012,-0.007547733867081045,0.981746032420583,28.614371956261284,77.21006262489172
30.740000000000002,0.03822764403948788,-0.007175773889172859,1.0010785889757634,28.61437180240654,77.21006342454562
30.76,-0.024324499413519364,-0.003056829478098756,0.9571156859788541,28.61437165409926,77.21006422555841
30.78,0.03509528712644821,-0.010198990957737986,1.004905894645011,28.61437150566179,77.21006502653991
30.8,-0.014251192090774497,0.01611922338965481,1.0282470526105245,28.614371360660027,77.21006582833762
30.820000000000004,0.03289803532940692,0.010175747948829646,0.9930614510432929,28.614371209632044,77.21006662869047
30.840000000000003,0.008772934700147365,-0.0034646527418692357,1.041240096244114,28.61437106601625,77.2100674308118
30.860000000000003,-0.019849890538322947,-0.010788789778889809,1.0120609288034519,28.614370916527005,77.21006823153942
30.880000000000003,0.03310004004944074,-0.011322732721907416,1.0291680431217813,28.614370755499788,77.21006902935878
30.900000000000002,0.03229557653426488,0.008775028988198794,1.0077159602951646,28.614370590148436,77.21006982602958
30.92,-0.021215636168083748,0.001123500224081655,1.0110314478939137,28.614370433439788,77.21007062496403
30.94,0.006512936813713073,0.003974956655143707,1.0028646733941742,28.61437027097732,77.21007142240572
30.96,-0.03873929772586547,0.01716791387466893,0.9686440950219188,28.614370111944393,77.21007222074397
30.980000000000004,-0.00790126490158369,-0.0010863878226831936,0.9606932685386882,28.614369956581193,77.21007302001932
31.000000000000004,-0.007758761437530496,0.027403502014484576,0.9951739497364877,28.614369800269593,77.2100738190547
31.020000000000003,-0.00817987938910436,-0.040048046074778444,0.9879459286095457,28.614369645692726,77.21007461852786
31.040000000000003,0.03223559526541521,-0.026302568468253837,0.988588000851242,28.614369494374337,77.21007541880952
31.060000000000002,-0.02671765331943356,0.03620173017165257,0.9747158768103299,28.61436933824035,77.21007621788995
31.080000000000002,-0.004477428415495321,-0.007954896578291331,1.0221711998787162,28.614369181296063,77.21007701676437
31.1,0.015096395134003656,0.005925185387535236,0.9793763026197767,28.61436903778735,77.21007781891056
31.12,-0.026304846143545925,0.025062436291730758,0.9780827524410286,28.614368887082044,77.21007861934233
31.14,-0.017669466062981934,0.006864987072646654,1.0007673939348978,28.614368727962514,77.21007941765818
31.160000000000004,0.022304477082235426,0.018260241752643677,1.0216686663570342,28.614368564630865,77.21008021486942
31.180000000000003,0.026899336423046837,0.012312403338925899,1.016966405726393,28.614368396680376,77.21008101083439
31.200000000000003,-0.008665488497531917,0.019658403345971315,0.9870078989267403,28.6143682302839,77.21008180722276
31.220000000000002,0.01715011183562564,0.00986042774896059,0.9957524146549818,28.61436807226312,77.21008260582175
31.240000000000002,0.03113534577478022,0.01462257780162187,1.0328060747766457,28.614367912997302,77.21008340409975
31.26,-0.008143615204637208,-0.011598670948325538,1.0221213588350202,28.614367742901813,77.21008419947344
31.28,0.015832974447384508,0.010461621584642604,1.0175333690976196,28.614367570902232,77.21008499431561
31.3,-0.008456108477627532,-0.0008092309850291538,1.0077051582872583,28.614367387333488,77.2100857857928
31.32,-0.02706451137221436,-0.0017410890094696346,1.0020033556344703,28.614367191911054,77.21008657357874
31.340000000000003,7.232537892499789e-05,-0.03358357540730588,1.0401714544235316,28.614366996737623,77.21008736144476
31.360000000000003,-0.00488892327866798,-0.008432295841063527,1.0225714839467634,28.6143668047737,77.21008815033335
31.380000000000003,-0.018532380280160462,-0.002687608972601555,1.0024420305082233,28.614366615783133,77.21008894015296
31.400000000000002,-0.00678560858763637,0.03111325459023666,1.014464644883969,28.61436642766931,77.21008973024412
31.42,-0.004536047131424375,-0.005586364490970015,0.9950148320905133,28.61436624631962,77.21009052238483
31.44,0.005573637972464866,0.0056574640990244155,0.9679123891586158,28.614366061100487,77.21009131336292
31.46,0.020790055542979108,0.027506772756248736,0.9795520708445206,28.614365869246548,77.21009210228621
31.480000000000004,0.02081446705547336,-0.024753387907903063,0.9907855041017731,28.61436569024108,77.21009289511852
31.500000000000004,-0.001730568740125032,-0.0076598718186981765,0.9894908014430647,28.61436549884712,77.21009368418677
31.520000000000003,-0.01093967902090805,0.01759280225814313,0.9855383375146747,28.61436531111342,77.21009447439523
31.540000000000003,0.026797427047716826,0.049386036877215406,0.9864475485891855,28.61436512542906,77.21009526523177
31.560000000000002,-0.0019938054541592414,-0.03970116465684903,1.0261221280001052,28.6143649376086,77.21009605541347
31.580000000000002,-0.011942160203458379,-0.0023459733828992734,1.036652998192808,28.614364755610808,77.21009684736127
31.6,0.0034032311544305266,0.012564154513613798,1.0262471463525815,28.614364577723986,77.21009764052022
31.62,-0.03651591970772472,0.016821267073401473,0.9568521435714542,28.61436440562838,77.21009843533538
31.64,-0.009393678011817442,0.04492224328289567,1.0215581257580435,28.614364233543867,77.21009923015367
31.660000000000004,-0.010748183094141684,-0.01290304529353356,1.0147301109864735,28.614364065518952,77.21010002609823
31.680000000000003,-0.01579191631785375,-0.004700044239960576,0.9992554387547697,28.614363894860837,77.21010082131549
31.700000000000003,0.0076010964837794565,-0.03256176902441023,0.9900604828292949,28.61436373340265,77.21010161902176
31.720000000000002,0.021550830611931242,0.002562368408218322,0.993901704359279,28.61436356883522,77.21010241590311
31.740000000000002,0.03385110884133667,0.010222993594757257,1.019799737820037,28.61436341216235,77.21010321484661
31.76,-0.00991430086706494,0.041840807733221255,1.007713659805496,28.61436324840736,77.21010401194512
31.78,-0.005655668858093524,0.03407931765554874,1.0243912615741662,28.614363078970666,77.21010480750122
31.8,-0.013594340951474613,0.030324229382070716,1.0162935183481314,28.614362924512406,77.21010560700408
31.82,0.010762477072349421,-0.013906103854870636,1.0288103970688187,28.614362764146627,77.21010640499622
31.840000000000003,-0.03735035409542801,0.008526461403128483,1.0126793059424872,28.614362622119643,77.2101072074845
31.860000000000003,-0.007783816027629669,0.007783281746321076,0.9772554604360035,28.614362488357216,77.21010801181345
31.880000000000003,0.005829690030002123,0.009342185448467582,0.9679985463775814,28.61436234730742,77.21010881452533
31.900000000000002,-0.012462323130311086,-0.0008516576969437287,1.0129208250978274,28.6143622100732,77.21010961809499
31.92,-0.008579638225338797,0.022618482159505106,1.0120116717232124,28.61436206184669,77.2101104191271
31.94,0.019827463827296558,-0.007118167886026812,0.987657067464164,28.61436190864631,77.21011121894395
31.96,-0.0011356127137003929,0.00658857794656958,1.004946088235061,28.61436175846069,77.21011201950239
31.980000000000004,0.02389363643117062,0.029064265537251936,0.9909113183837361,28.61436161230731,77.21011282102866
32.0,0.03274683722186814,0.043071530613217134,0.9901366613792282,28.61436145559328,77.21011361996167
32.02,0.010613467331266273,-0.016574194223158357,0.9713348360517826,28.614361302240187,77.21011441974053
32.04,-0.005815381383402874,0.011012373911873007,1.0008955538409572,28.614361161973147,77.21011522263038
32.06,0.03163297288531571,0.009087151108033117,0.9896624614213112,28.614361028254784,77.21011602696882
32.080000000000005,-0.050530248819494805,0.024397656884250087,1.0075673614333471,28.6143608936658,77.21011683111881
32.1,-0.03103296703480661,0.0326718208091359,0.9649337737248114,28.614360764625747,77.21011763644822
32.120000000000005,0.015407053275912495,-0.006669346474369815,1.012037677493175,28.61436061872421,77.21011843803402
32.14,0.04948528914086014,-0.001511232441876843,0.98969460286776,28.614360477378074,77.21011924067824
32.160000000000004,0.013650739921729773,0.001464522588254082,0.9786677642569297,28.614360340432114,77.2101200443117
32.18,0.0036952730638604714,0.009573895282462577,0.9912017965864856,28.6143602104431,77.21012084944303
32.2,-0.009329480266531118,0.016537455440852056,0.9680358478311168,28.61436007423013,77.21012165323812
32.22,0.011124181044101487,-0.007506148451372169,0.9941815371651674,28.614359939986198,77.21012245746294
32.24,0.02316191610817102,0.03714003668572478,1.0024638702030926,28.614359800000397,77.21012326041647
32.260000000000005,0.01497485754332478,-0.03658449774788407,1.0014534924736735,28.614359651884147,77.21012406147503
32.28,0.0012563619879408943,-0.023884384070273584,1.0091992037794177,28.614359501213556,77.2101248619152
32.300000000000004,0.020670111073211737,0.012153335657000061,0.9886466446230437,28.614359348375903,77.21012566182208
32.32,0.0061006760462874315,-0.003285015313938633,1.0155874164931524,28.614359203979742,77.2101264637615
32.34,0.010200884131802531,-0.011320541077005718,1.0053233699751631,28.6143590702613,77.21012726809991
32.36,0.019415161634268065,0.01918999222227433,1.0163186741953574,28.61435894712253,77.21012807462735
32.38,-0.018681770749736357,0.01625163651814622,1.033182078765301,28.614358823470862,77.21012888105295
32.400000000000006,-0.00044784016670845403,0.024983799448954402,0.9689753791817528,28.61435868353983,77.21012968401885
32.42,0.002277070219890602,-0.02071231773343521,0.9923474483244928,28.6143585476061,77.21013048787526
32.440000000000005,-0.02401460925288052,0.016252239445820785,0.9847430169348382,28.614358404447096,77.21013129010245
32.46,-0.02179426822415959,0.016042572856774483,1.0427648451764895,28.614358257590776,77.21013209146196
32.480000000000004,-0.012517234833287141,-0.020149472856743077,1.011945860985768,28.61435811049637,77.21013289276479
32.5,0.0208326023829787,0.0007864873926489067,1.0057432552575138,28.614357965113076,77.21013369447274
32.52,-0.003913780828783221,0.01937648643116396,1.0239195645737909,28.614357822758656,77.21013449688569
32.54,0.002599275700487262,0.026843563790979103,1.0002485210583505,28.61435768356615,77.21013530001812
32.56,0.006168330484620708,-0.002936356391644819,1.0093333214267086,28.614357540108102,77.21013610217598
32.580000000000005,0.012623295099675481,-0.021975519009191386,0.990878987418841,28.614357390595856,77.21013690289793
32.6,0.010022743505819774,0.030644534505276242,0.9727107422360339,28.614357244065395,77.21013770433483
32.620000000000005,0.0013496183156654655,0.0007955641016561167,1.0179492724110597,28.614357100615933,77.21013850649467
32.64,-0.002768265226909261,-0.037779891102219826,0.9808036160919358,28.61435696126842,77.21013930959222
32.660000000000004,0.021890717216885857,-0.00479207699385511,1.014971955587153,28.6143568148768,77.21014011106203
32.68,-0.00985767356714677,0.022656343975955336,1.0216726880863525,28.61435666230463,77.21014091103464
32.7,0.027202674623614722,-0.024386286680624668,0.9551110312479237,28.61435649938107,77.21014170835414
32.72,-0.01141627860477555,0.0023443801670365296,1.0208963688331667,28.6143563421447,77.21014250715393
32.74,-0.005673360732708429,-0.006545479529807138,1.0050914611086719,28.614356189242798,77.21014330704485
32.760000000000005,0.01416636461870573,-0.0007494897655304455,0.9806043232159544,28.614356024745152,77.21014410394484
32.78,0.04730575902976619,-0.008724887051924075,0.965204594038509,28.614355851000344,77.21014489829422
32.800000000000004,-0.03872372827348896,0.01006320604149137,0.9985834885848466,28.614355684173287,77.2101456945656
32.82,0.017316157097682524,-0.0044522792009843186,0.9964281810829031,28.614355523607294,77.21014649250544
32.84,0.009452659187036964,0.013137269663023452,1.0218408051407197,28.614355361267634,77.21014728997947
32.86,-0.009067162708391382,-0.00735210025242525,1.0012948451647168,28.614355190247156,77.21014808509564
32.88,0.007183541682251383,0.022371598303025663,0.9782461451434658,28.614355025544903,77.21014888194078
32.900000000000006,-0.024018137384408434,0.0002590269538259792,0.9689253109157961,28.614354860235075,77.21014967862266
32.92,-0.015857745068502543,-0.024146740111121216,1.0029287933914959,28.614354687317658,77.21015047320627
32.940000000000005,0.008559786899906286,-0.017121187938580744,1.0000848068923767,28.614354515815805,77.21015126818789
32.96,-0.020166021076321004,-0.02315824842059162,1.0264083161208377,28.614354344846845,77.21015206331843
32.980000000000004,0.003020026463653753,-0.022020205405094,0.9901630438624234,28.614354163974053,77.21015285560053
33.0,-0.0132763371813495,-0.026264265036076196,1.0083735698719087,28.614353986008094,77.21015364873635
33.02,-0.00906749417370361,-0.021720372391316377,0.9973445258473771,28.614353799227853,77.21015443923785
33.04,0.02151638154169479,-0.00010950164864940016,0.9459535031175156,28.61435361348615,77.21015523005683
33.06,-0.023302245109565082,0.014769293155993868,1.0143209277823166,28.61435343529062,77.21015602312576
33.080000000000005,-0.0006761872666889103,-0.027052391014600302,0.9914780408283167,28.614353253222117,77.21015681505239
33.1,0.009570579790745529,-0.016091824230696532,1.0131823852471056,28.614353075442082,77.21015760824231
33.120000000000005,0.0051607759439744995,0.016061129612632674,1.003384861746439,28.614352905827428,77.21015840374912
33.14,-0.011833278769796911,-0.0031588065062297718,0.9802245714432848,28.61435272252562,77.21015919530647
33.160000000000004,0.0073058009728581876,-0.03422067158431121,0.9965153829825528,28.61435253631171,77.21015998598133
33.18,-0.020594136933429902,0.0007554855449474519,0.9993726739703487,28.614352352312704,77.21016077732877
33.2,-0.009738689791477694,0.007240643816732751,1.0036802802587022,28.61435217040379,77.21016156930297
33.22,0.03181393657497587,0.006285872074195159,1.0102465441369488,28.614351977874264,77.21016235801257
33.24,0.01278754386024166,0.04491921838525228,1.0006102971102306,28.614351774256818,77.21016314310053
33.260000000000005,5.5229788496654914e-05,-0.015063582559057407,1.0349242140938035,28.6143515743974,77.21016392944057
33.28,0.008998849421541846,0.02200228891931225,1.0168107695524824,28.614351372712477,77.21016471517555
33.300000000000004,-0.016123997268145767,-0.00048804695632219077,1.0199196936019532,28.61435117356205,77.21016550174896
33.32,0.005626080574001154,0.009366558004830022,1.0164984369857626,28.614350969115183,77.21016628655717
33.34,-0.009027200940239661,-0.0130291492060968,1.0015284129747877,28.614350767107357,77.2101670721845
33.36,-0.01159908348423527,-0.013457751605584057,1.0146370461119854,28.61435057846177,77.210167862111
33.38,-0.002477984430101764,-0.0250171978725705,1.0249762079670919,28.61435039697806,77.21016865421177
33.400000000000006,-0.012026975188555063,-0.02936009158135374,1.0025204269499233,28.614350208260014,77.2101694441158
33.42,0.002823247754686631,0.013423202959687837,1.0210151044332858,28.614350024539014,77.21017023554703
33.440000000000005,0.008330100542288704,-0.010727658896999939,0.9739552725711211,28.614349835367214,77.2101710253102
33.46,-0.005456988112138612,0.05090171486098997,1.0219802225801131,28.61434964362145,77.2101718142675
33.480000000000004,-0.05703435913271153,-0.009471948894416151,0.9845811250726286,28.61434945681516,77.21017260476098
33.5,-0.01737192803859889,0.013454505445794403,0.9739120155129298,28.614349271083956,77.21017339558313
33.52,-0.021633181215807002,0.0011028756981368943,0.9944180500050435,28.614349089697843,77.2101741877129
33.54,0.007405886127509569,-0.0365058958760628,1.004147576650028,28.61434891095761,77.21017498062272
33.56,-0.01459273297744382,-0.02691961122366156,1.0066949126415774,28.614348744670384,77.21017577704056
33.580000000000005,-0.010017140034791682,-0.030210221901743394,1.0258097894408584,28.61434857918684,77.21017657367558
33.6,0.016794676972361106,0.02937845204644789,0.9888556734283844,28.614348417752513,77.210177371388
33.620000000000005,-0.015610798775587147,0.025970299010447687,1.0328801714244635,28.614348255782218,77.21017816895942
33.64,0.004057277186698197,0.03855412013736364,1.0329227636858904,28.614348090124373,77.21017896554743
33.660000000000004,-0.012356063725157174,-0.04440848974482333,1.004512525764055,28.614347920129664,77.21017976094893
33.68,-0.009420996116755218,-0.027386963406821636,0.9834497766237725,28.614347754099548,77.21018055743636
33.7,-0.023271145096337546,0.012095846730352336,1.0498161090640081,28.614347592577484,77.21018135512573
33.72,-0.010425683402460788,-0.015351072725866416,1.034497437015902,28.61434743211726,77.21018215309313
33.74,0.01015412560377284,0.01388503277753626,1.0038091636601258,28.614347264004007,77.21018294901334
33.760000000000005,-0.01930108992989685,-0.008907541347400032,0.9727555420879574,28.614347099485112,77.21018374590759
33.78,-0.014310579774373996,-0.010954818723518061,1.0124101553481164,28.614346939756512,77.21018454406543
33.800000000000004,0.043799326351816895,-0.03631868717076413,0.9882016628989293,28.61434678774958,77.21018534417757
33.82,0.005134036301071341,-0.011534987717378757,1.0174800964008044,28.614346632179306,77.21018614340048
33.84,0.006768013243449641,0.0074133904030233636,1.00459005307075,28.6143464786535,77.21018694313622
33.86,-0.012523827230371857,-0.01975927765949189,0.9680792310662523,28.614346332194383,77.21018774458996
33.88,0.020844003705524007,0.0013738845282627971,0.9764007483448891,28.614346191346296,77.21018854734768
33.900000000000006,0.024099275147799304,-0.020935374129634778,0.9847564595245244,28.614346045786323,77.21018934901394
33.92,-0.012099387490866935,-0.015488804098143476,1.0328179763680607,28.614345899213127,77.21019015044061
33.940000000000005,0.021373357050729912,-0.01409985540760945,0.9870013281080436,28.614345757351586,77.21019095296673
33.96,0.02679628771531223,0.00929273143904498,0.9545249606457371,28.614345611446137,77.21019175455149
33.980000000000004,-0.041379808162840856,0.01716497674884513,0.9959681765402693,28.614345458265696,77.21019255437317
34.0,0.017193146663423302,0.036762588208227406,0.9947729296470967,28.61434530048143,77.21019335303266
34.02,-0.015283876733858072,0.015585118747041384,1.0317962200531687,28.614345141247945,77.21019415131886
34.04,0.026510418492619744,0.007275881158320218,1.0302912970047542,28.614344970283184,77.2101949464505
34.06,-0.016012221499613833,0.03549794796056187,0.9738247538895147,28.61434479008966,77.21019573893335
34.08,0.012139601612576694,0.005490573479224896,1.0078683767208787,28.614344609460918,77.21019653128762
34.1,-0.03519036047569851,0.012287210433912586,1.015834999851233,28.61434442182124,77.2101973215249
34.120000000000005,0.02231068319568947,0.019128662513928977,0.9975769595333432,28.614344229667843,77.21019811035346
34.14,0.001469395251422132,0.003473974178334657,1.0035215721454627,28.614344041212956,77.21019890033898
34.160000000000004,0.025826161243284268,-0.0013621116690905022,1.02211205403779,28.61434384168337,77.21019968678765
34.18,-0.014330247361639868,-0.0033302951520492734,1.0058547958041903,28.61434363053411,77.21020046928962
34.2,0.004264416005865056,-0.011456012676560306,1.0134096130491643,28.614343411171912,77.2102012488544
34.22,0.03038153849185767,-0.00992203022353894,1.02813780351177,28.6143431875005,77.21020202682865
34.24,-0.0005151531279236498,0.021240591419524123,0.9910685949528832,28.614342957380753,77.21020280235871
34.260000000000005,0.008593147568319602,-0.02193585002947511,1.015922497698318,28.614342729541406,77.21020357876195
34.28,0.0139866407816316,0.002756217930694749,0.9911115848244423,28.614342494248614,77.21020435227517
34.300000000000004,-0.031041037052395345,-0.0004745638421178735,1.0214706868143772,28.61434226773382,77.21020512918116
34.32,-0.010421948808607973,-0.028502969028814346,0.9875721272766637,28.614342043443877,77.2102059069243
34.34,0.022757553647183855,0.016763670115720646,1.0086903370194675,28.614341836346128,77.21020669083
34.36,-0.0409525073620589,-0.0267263884818825,0.995441460537924,28.614341626496074,77.21020747378535
34.38,0.02236155052915067,-0.014904957826336409,1.011740578219585,28.61434140958004,77.21020825423781
34.400000000000006,-0.011774346962642748,-0.0017118497027777243,0.9831043246579292,28.61434118139495,77.21020903050928
34.42,0.04110543990657753,0.029799332128857128,0.9944488549580414,28.614340954675928,77.21020980733795
34.440000000000005,0.00873752701407513,0.010415634600216597,0.9989472642131528,28.614340726377037,77.210210583566
34.46,-0.016010540876942744,0.006218026827005413,0.9785097636238859,28.6143404981763,77.21021135983149
34.480000000000004,0.01958930580200707,0.027033230754862206,0.9878475922694383,28.614340257689108,77.21021213126896
34.5,0.028664657814909563,-0.005285124299930071,0.9672074831998421,28.61434001495594,77.21021290179311
34.52,0.012083807382225316,0.039964483235289366,1.0075434048490737,28.61433975972132,77.21021366705737
34.54,-0.00891833897634873,0.01007156187512755,1.0158841142118489,28.61433949614285,77.21021442864264
34.56,0.028765566254183576,0.0026708802226318835,0.972172167459769,28.61433922753799,77.21021518794565
34.58,-0.0185782368870574,-0.035934171418571685,0.9765774323540548,28.614338962648016,77.21021594894023
34.6,0.0214306531904399,0.01951945434914018,0.9808237691693931,28.61433870501282,77.21021671315994
34.620000000000005,-0.04816652592341439,0.010749237924512394,0.9745327572695992,28.614338446779637,77.21021747711771
34.64,0.002352701708466271,-0.004450616809876082,1.0079871121013475,28.61433818789334,77.21021824078859
34.660000000000004,-0.011163801467720452,-0.010099766220508802,0.9861635228359722,28.61433793682585,77.21021900783951
34.68,-0.027447617795294685,0.04026895639047231,1.0050039594766338,28.61433767848378,77.21021977174951
34.7,0.026097717523112456,-0.015937767908211564,0.9850496568640089,28.61433741890934,77.2102205351172
34.72,-0.04294479002576258,0.006976971570572944,0.9931922978941634,28.614337155402932,77.21022129673482
34.74,0.027676325790514707,0.0006931647316930188,1.0207698456114462,28.61433688057728,77.21022205314367
34.760000000000005,-0.030655470847946828,0.013768170959854081,0.9768900616814153,28.61433661091476,77.21022281196004
34.78,0.02106707517884018,-0.03844739844056656,0.9887629243417487,28.61433635518402,77.21022357700932
34.800000000000004,-0.015586367292518789,0.013451266971545606,1.0083532704847713,28.61433610339396,77.21022434375281
34.82,-0.03907428058126736,0.0319967593898513,0.9936296162662432,28.614335839997832,77.21022510541991
34.84,-0.009056412065653389,-0.03804428582551153,1.003773097091859,28.614335576545415,77.21022586706175
34.86,0.011277094731696564,-0.018967514139250893,1.000034727112375,28.614335314361472,77.21022662927136
34.88,-0.017967316198994134,0.011305932219389182,0.9698653311932749,28.614335055638396,77.210227393014
34.900000000000006,0.00520488368928532,-0.002676882488447264,1.0279816556312817,28.6143347969583,77.21022815677551
34.92,0.013795884973218387,0.013593478597421936,0.9980132712977198,28.614334542107773,77.21022892220581
34.940000000000005,0.029860649719502558,0.014887072682170013,1.0318954737659953,28.614334290565782,77.21022968905496
34.96,0.001265035741009391,0.00450332931351027,1.0067615637052876,28.614334031994275,77.21023045286418
34.980000000000004,0.023314849249969124,0.035256283558365124,1.026333220629196,28.614333756138894,77.21023120878645
35.0,0.016985513249151814,0.015049848628514205,1.0204455265260828,28.61433348588433,77.21023196732943
35.02,-0.0018473035141796288,-0.026513651516468423,1.0245776385308807,28.614333219203665,77.210232727512
35.04,0.022942507105023095,0.014015332471847367,0.9955442919540565,28.614332956249637,77.21023348937727
35.06,0.017881209305384164,-0.0006525060109911243,1.035742387523905,28.614332682688172,77.2102342463805
35.08,-0.003321970211808708,0.01095112283084629,0.9905600659411591,28.61433240409474,77.21023500099865
35.1,0.014269271291170386,0.02336223746983108,1.0072537676857898,28.614332127205603,77.21023575643032
35.120000000000005,0.0054341502027241756,0.03230877375191324,1.017262624623064,28.61433185365222,77.21023651343734
35.14,0.010961236936725542,0.0016852913348614537,1.063444936263316,28.614331569748984,77.21023726548314
35.160000000000004,0.03765479765015933,0.016767766330206737,1.0218786386790377,28.614331285574096,77.2102380173958
35.18,-0.016085152431051297,-0.02160411782185721,0.9894783735039164,28.61433100165749,77.21023876943505
35.2,0.005093950849896935,-0.009272464581858162,1.0053871441566873,28.61433073207005,77.210239528286
35.22,0.0006121408258990958,-0.011253493255477824,0.9730738493716588,28.61433045718971,77.21024028466901
35.24,0.01576471264399241,0.020682087262416698,1.0293984344507763,28.61433018235706,77.21024104107451
35.260000000000005,-0.00903778381539916,0.03454495806253193,0.9374643756570171,28.614329906815442,77.21024179714524
35.28,-0.01132836301228499,0.06378508621601231,0.9965503426110286,28.614329630590223,77.21024255289223
35.300000000000004,-0.0012869359985559123,0.017225683543329887,1.0439139852981747,28.61432934814017,77.21024330564772
35.32,0.009500914632186866,0.022483901052194298,1.0151956601347396,28.614329080512587,77.2102440653983
35.34,-0.009142093477744423,-0.034608922918979504,1.0097955806331027,28.614328820883618,77.21024482874188
35.36,-0.05309116731089669,-0.03576007836837851,0.9761638424218344,28.61432854817898,77.21024558614613
35.38,-0.019043018853672586,-0.01737609747051599,1.0266167887996573,28.614328283650007,77.21024634730357
35.400000000000006,0.028289506378118553,-0.02508598710654968,0.9817116305670494,28.61432802422729,77.21024711073812
35.42,0.0309385107913054,0.010234701945455203,0.9818771820033871,28.614327756441376,77.2102478704163
35.440000000000005,-0.009925388678036507,0.03471945723889832,1.0265817366388306,28.614327488320626,77.2102486299412
35.46,0.03594953553811924,0.0002390781248122763,0.98104694024694,28.614327219804018,77.21024938928463
35.480000000000004,-0.006531543765591757,-0.013114341126207,0.970730484354487,28.614326940719266,77.21025014366712
35.5,-0.0306994196609135,0.006106942935795274,0.9807190292776173,28.614326665445844,77.21025089986459
35.52,-0.006121153407904993,-0.014382854484930697,1.0037835403237474,28.61432639373774,77.21025165773342
35.54,0.014508085132652003,-0.010862011590450825,0.9899505952870079,28.61432611697782,77.2102524132265
35.56,-0.0113060435489142,-0.0038999654638263537,1.036334017199711,28.614325839159164,77.21025316821516
35.58,0.012067021148261749,0.007760120976872071,1.0006839242678414,28.614325554540283,77.21025391990983
35.6,0.005337946413573622,-0.03333412195701229,0.9751963430108518,28.614325274181013,77.21025467367883
35.620000000000005,-0.005728528274171457,-0.04059235871141097,0.9626400551196276,28.6143249925044,77.21025542681026
35.64,0.015526720176190256,-0.01719056450084338,1.0180094928580803,28.61432471131089,77.21025618017592
35.660000000000004,0.024582515829109416,0.010446760857003039,1.0060049769537163,28.61432443270691,77.21025693478896
35.68,0.0036350120999175217,-0.025303117716357706,1.0121675571463828,28.61432416261939,77.21025769340908
35.7,0.01179415342620011,0.03668572580882259,0.9914612759643239,28.61432389533615,77.2102584533169
35.72,-0.0291291511021412,0.017041198323692046,1.003083983369218,28.614323631651395,77.2102592148543
35.74,0.027830395053064217,0.013385859491916176,1.0238129109810643,28.614323359610943,77.2102599725684
35.760000000000005,-0.01065990860711551,0.017104206740947453,1.0001106294403577,28.614323083801956,77.21026072851257
35.78,-0.01723400719962584,0.008530437624236862,0.9770540993087844,28.614322805046832,77.21026148305316
35.800000000000004,0.017735187732032618,0.010139109257997695,1.014455550057082,28.614322527497862,77.2102622381705
35.82,-0.00767592108319973,0.02483981316730835,0.9930209446368062,28.614322255872114,77.2102629960776
35.84,-0.01388476277423265,0.020000761840393202,1.0193239247393664,28.614321982765617,77.21026375329389
35.86,-0.005872096236413339,0.006008534121615153,1.0005094352113062,28.614321700259968,77.21026450602226
35.88,-0.024320789950708323,0.03847033423916237,1.0172363321688311,28.614321423437328,77.21026526148547
35.88,0.009075533616168618,0.0422263937074674,1.0062084829102813,28.614321073011553,77.21026597620013
35.900000000000006,-0.009065078441718314,-0.013431273160632829,1.001506098760692,28.614320724859613,77.21026669235532
35.92,-0.00011037155773264097,-0.00032218051378828154,0.9996474068638556,28.61432036914488,77.21026740367154
35.940000000000005,-0.0031130725314490503,0.016830719849355743,0.9765308668064263,28.61432000077483,77.2102681065798
35.96,0.008995987307187899,0.04369069521260714,1.0462100380588197,28.614319626271172,77.21026880526962
35.980000000000004,-0.0031226848787840908,0.031038074452068107,1.0030510936110273,28.61431924748862,77.21026950095987
36.0,-0.010062511032781487,-0.002807752645335283,1.031439597168703,28.61431887019979,77.21027019770257
36.02,-0.03153765908297043,0.007855630991179863,1.0163415111555603,28.61431848934228,77.21027089192127
36.04,0.0044026118147661554,-0.004160276533405511,1.0121900952003626,28.614318118020435,77.21027159281125
36.06,0.012212127798028573,0.021848767181539,1.0122116057298798,28.614317738910763,77.21027228827025
36.080000000000005,0.0012507609860367033,-0.002387290548418573,0.9888966899762913,28.614317355974507,77.21027298100347
36.1,-0.0014575184987365417,0.03404586531429393,0.9881977109426685,28.614316969344063,77.21027367106889
36.120000000000005,0.029733722061831815,-0.03860948453158244,0.9979960238299964,28.61431657322159,77.2102743541129
36.14,0.032418890482870555,0.012266409306495571,0.9967448800799324,28.61431617758811,77.21027503752455
36.160000000000004,0.02143068255264495,0.014956898883700805,0.9509567150925979,28.614315772524954,77.21027571373021
36.18,0.006694697594734693,-0.05037065963573104,0.9996861395647858,28.61431537323668,77.2102763943781
36.2,0.0019411078071225206,-0.03269335089006095,1.0114193492941868,28.614314978459046,77.21027707843166
36.220000000000006,-0.02107058284827906,0.026290999200702454,0.9739503861253628,28.614314585946104,77.21027776417424
36.24,-0.03811765782130205,0.01038320846727315,0.9786102887958914,28.61431418982255,77.2102784472174
36.260000000000005,0.02741691826527632,0.015839557361958613,1.001301166619058,28.61431379386151,77.21027913038283
36.28,0.0022811258268286517,0.0335741593714761,1.008222287132061,28.614313397002103,77.2102798128715
36.300000000000004,0.06783486887773016,-0.006926841556266293,0.9966574047109285,28.61431300516895,77.21028049911837
36.32,-0.01167609980564598,0.03341946587116719,1.006910981431828,28.614312621576378,77.2102811913802
36.34,0.008539291129382561,0.05851288379122341,1.002659560081606,28.61431223963378,77.21028188482485
36.36,0.020439956230702924,0.02531057253567406,0.9923071055232533,28.614311863916242,77.21028258266844
36.38,-0.013056720995881512,0.008664652010792103,0.999290795729699,28.61431148185528,77.21028327602848
36.400000000000006,-0.005392652249356115,-0.0011128975790250246,0.9993755078044555,28.614311103604983,77.21028397209436
36.42,-0.003887135374854837,0.004200581680497255,1.0004500736445776,28.614310716530184,77.21028466183643
36.440000000000005,-0.00813760995387431,0.003504352095616758,0.9970184077758886,28.614310329958947,77.21028535194485
36.46,0.007977712259508727,0.0005491141004182081,1.0068183819476086,28.614309946731552,77.21028604446907
36.480000000000004,0.0010967798870974107,-0.0220397315558944,1.0189573394934273,28.614309568616953,77.21028674063061
36.5,-0.040731150994939985,0.00852848422296581,1.0086955995425608,28.614309188437673,77.21028743533147
36.52,0.002204822358265143,0.004650994696464573,0.9538243980018425,28.614308805977696,77.21028812840598
36.54,0.00747702229915097,0.027315148980403662,0.9722665851844331,28.614308416350042,77.21028881628035
36.56,-0.00081301647672835,0.011415639615148193,1.0118418143576808,28.61430802715712,77.210289504474
36.580000000000005,-0.2206090576010339,-0.014627177472424794,2.017600505547818,28.614307635031935,77.21029019050434
36.6,0.00695910065446188,-0.02192591712222919,0.4059387946946166,28.61430723739901,77.21029087240849
36.620000000000005,0.0004708954802097384,-0.0001125193411966406,1.1846195897730776,28.61430684237527,77.21029155627762
36.64,0.01818905965961295,-0.01736599866981565,1.0165022698612036,28.614306454455605,77.21029224540347
36.660000000000004,0.045329610368766024,0.002898960149760382,0.982509547286634,28.614306058095227,77.21029292826829
36.68,-0.0028666145446872037,-0.01353314831970826,1.0224535905371022,28.614305663462186,77.21029361243005
36.7,0.021073997629899272,0.025554357544344666,0.9852263639118645,28.614305266020967,77.2102942944792
36.720000000000006,0.03677811329791146,0.011714091580363331,0.980660093001815,28.614304879308712,77.21029498448505
36.74,-0.004615071065020999,0.019853779086216734,1.001611699069872,28.614304499281793,77.21029567929403
36.760000000000005,-0.02345036713718801,-0.0032924773411099314,0.9706535624092093,28.61430411949831,77.21029637427573
36.78,0.008766312408007699,0.003965804093777139,0.9810398560223657,28.614303733440583,77.21029706475701
36.800000000000004,0.02694645613766089,0.018353488686762065,1.017365685403421,28.614303343315076,77.2102977522651
36.82,-0.0057065302704045456,0.007318756169511241,1.0290364382988555,28.614302945737766,77.21029843421131
36.84,0.021912568452603542,0.014167091268206141,0.9954590341320791,28.61430255739211,77.21029912302573
36.86,-0.01718756162109191,-0.013615241067881971,0.9900910210641364,28.614302162723614,77.21029980716094
36.88,-0.004940321655800383,0.01715579065904671,0.9695310558677384,28.61430177573414,77.21030049696506
36.900000000000006,-0.0018479586437017898,-0.011698895059769423,1.012690119264499,28.61430139280982,77.21030118970674
36.92,-0.002783992356118203,0.041720295540063644,0.9911609968399022,28.614301017597004,77.21030188790255
36.940000000000005,-0.0171903382706658,0.0038976822138625444,0.9757916213197063,28.614300640204345,77.21030258457216
36.96,-0.00670792624156363,0.02209289245216592,1.0055553061367124,28.614300259495664,77.21030327889666
36.980000000000004,-0.03934538141315618,-0.008838495997728912,0.973621274585431,28.61429987983487,77.2103039739653
37.0,0.013859318052306642,-0.004288091845747233,1.003045831293484,28.614299502317177,77.21030467054699
37.02,0.0007225466413280253,-0.005271255115335994,0.9921595097413592,28.614299130499635,77.21030537109577
37.04,0.022996117627671647,-0.03520476871531285,1.003839139687121,28.61429875684149,77.21030607037261
37.06,-0.001790785018792748,-0.05273101982263944,0.970942173649586,28.61429838290314,77.21030676945506
37.080000000000005,-0.035966958613028004,-0.005764175259355727,1.0039644125819582,28.614298015133866,77.21030747277128
37.1,0.006380089388757552,-0.037767467659976905,0.9644620005408804,28.61429765097344,77.21030817852
37.120000000000005,-0.013244420998689298,0.005721655067322577,1.0054246366121145,28.614297289566625,77.21030888610306
37.14,0.021380904585756207,-0.0031812048893725747,0.9982120932317419,28.614296914026383,77.21030958407037
37.160000000000004,-0.004234414838363992,-0.056369074471230775,0.9625284975382351,28.614296533069204,77.21031027821795
37.18,0.040304005408931746,-0.010647682941584883,0.9997319743468343,28.61429615770077,77.21031097630517
37.2,-0.017883465667963342,-0.0004996874967333654,1.0139676889706526,28.614295777852185,77.21031167124063
37.220000000000006,0.0049255052020743565,0.028223584794759584,0.9911219313314994,28.614295392704026,77.21031236238068
37.24,0.011972333031118405,-0.009136463594408185,0.9739788570951157,28.614295004540445,77.2103130513282
37.260000000000005,-0.006606272576276883,-0.03283130273725523,0.9914163135266361,28.614294610789806,77.21031373614929
37.28,-0.02665996250967002,-0.035390304433928134,0.9546626477817473,28.61429422048147,77.21031442352266
37.300000000000004,-0.0040045232545454276,-0.010428568526250744,1.0063235907452068,28.614293818947473,77.21031510245396
37.32,-0.036378949683811515,-0.019701797438115867,1.0150387369946028,28.61429340697892,77.2103157732243
37.34,-0.013969118190976477,-0.004128596948912076,0.990614477149745,28.614292990494455,77.21031644036609
37.36,0.01418027944323191,0.003413806364706867,1.7511335569768203,28.614292562604717,77.21031709807554
37.38,0.020016815749492135,0.010734300421943312,0.44317905863484763,28.6142921335002,77.21031775475721
37.400000000000006,0.00559232173564853,0.011321346608596676,1.3236463713534201,28.61429170545895,77.21031841233871
37.42,-0.008080858753125145,-0.012001822198423367,1.014614316346861,28.614291271784513,77.2103190651132
37.440000000000005,-0.009312511831312514,0.01258888799759238,0.9797144757113826,28.61429082970354,77.21031971052888
37.46,-0.011018194783536044,-0.030552551830007865,1.024733566189437,28.614290389397418,77.21032035751698
37.480000000000004,0.018391734577992057,0.0027302805955903026,1.0123381747425393,28.61428995205515,77.21032100710838
37.5,-0.029691748392884364,0.004265337556306119,1.0047546168065238,28.6142895160069,77.2103216578276
37.52,-0.0169374219467258,0.002512197420551205,1.0062043703763248,28.614289078355515,77.21032230714879
37.54,-0.029788735277321805,-0.020728706575591796,1.021351368068945,28.61428865441943,77.21032296817211
37.56,0.011712720656889924,-0.01855314037661105,0.9627947811523884,28.61428822505971,77.21032362463727
37.580000000000005,0.03028510322472875,0.012930249243247325,0.9969651481537952,28.614287802598923,77.21032428688505
37.6,0.011479464060667955,-0.008361592086424504,0.9772283895289491,28.61428739103851,77.21032495798038
37.620000000000005,0.01292386509276671,0.011794287282453516,1.0082114404420346,28.61428697742146,77.21032562743297
37.64,-0.01050379295999967,-0.012177928189994238,0.9836660023427222,28.61428656065055,77.21032629434255
37.660000000000004,0.00975705788635737,0.057062906742488075,1.0617256226529543,28.614286148339378,77.21032696483961
37.68,-0.015019715968566017,-0.0055895048254051135,1.0150428306748378,28.614285740407205,77.21032763880336
37.7,-0.011500439154118247,0.02387803973847743,0.9767067018343383,28.614285334640172,77.210328314461
37.720000000000006,-0.0007527399926583863,0.04753056108402463,1.019169021195354,28.61428492937323,77.21032899050799
37.74,0.0008441510942138871,0.022211559481269547,0.9918158765219376,28.614284522758624,77.2103296655041
37.760000000000005,0.035846316493542106,-0.007064901676193296,1.0018407679359462,28.614284116938542,77.2103303411204
37.78,0.017330194770675517,-0.0019501491479654968,0.9971620262331582,28.614283704189237,77.21033101126756
37.800000000000004,0.0023155205031717154,-0.0661477455715325,0.963462940027834,28.61428328105651,77.21033167295843
37.82,0.03418883819728629,-0.04681770559755591,0.9879148859896433,28.614282848973183,77.21033232710057
37.84,0.048066170692454016,-0.0003477861017802445,0.9774528061950011,28.614282412948903,77.21033297784061
37.86,0.00039901756393782877,-0.011641934702264925,0.9517308344646613,28.61428197639423,77.21033362811903
37.88,0.007658554086444435,-0.02236020527495751,0.9893905077159343,28.614281539259302,77.21033427789145
37.900000000000006,-0.02477190972409678,0.000681650045447199,0.9947743357660824,28.614281102027206,77.21033492757901
37.92,0.0033047390828028433,-0.011784498250115303,0.9706065283897866,28.614280657943286,77.21033557120788
37.940000000000005,-0.013562686039749201,-0.019420362353993945,1.0215717823277983,28.61428022254691,77.21033622249321
37.96,-0.0377239413150381,0.020083138955829197,1.007440774028046,28.614279786264454,77.21033687300864
37.980000000000004,0.019792634624918804,-0.025786420607240436,1.002050518384341,28.614279347706763,77.21033752153579
38.0,0.002127117432700825,0.013944964965566162,1.01028997707184,28.61427890529818,77.21033816666004
38.02,-0.017382379147038364,0.004796620991996004,1.0109270396615584,28.614278465720993,77.21033881429092
38.040000000000006,-0.03654940642499005,0.027319566913076125,1.0053458743341512,28.61427801621817,77.2103394530199
38.06,-0.012176651245818048,-0.009483169000966572,1.030897332208829,28.614277565637483,77.21034009076264
38.080000000000005,-0.013482856120052957,-0.026922049831667648,0.9580981042465878,28.61427711547208,77.21034072888583
38.1,-0.0022106140385866504,-0.012694451093581945,1.010644717101479,28.614276667257403,77.21034136878836
38.120000000000005,-0.03486272603106308,-0.0008248566462441761,0.9925204482552583,28.61427621122279,77.2103420014807
38.14,-0.017682927748774335,0.019754312909157468,2.0881206646842676,28.614275749051785,77.21034262836842
38.160000000000004,0.012828092081721957,0.01610892813107719,0.3296566960140982,28.614275290015787,77.21034325823803
38.18,-0.026040925427755834,-0.004348174342196825,1.1217524437469886,28.614274830722827,77.21034388786451
38.2,-0.03389493546221787,-0.0015419785456027544,1.028836237502155,28.61427436856662,77.21034451476638
38.22,0.020289629354233663,0.01394972187579712,0.9963410606440932,28.614273899886342,77.21034513535137
38.24,-0.0029795138808032385,0.02110563674005268,1.0083778738177456,28.614273425566168,77.21034575035095
38.260000000000005,0.012792826940004519,0.006537174638881851,0.9874070691969491,28.614272949249816,77.2103463633453
38.28,0.0022096041933222323,0.005762795730540883,1.0026337324282382,28.614272470199474,77.2103469735688
38.300000000000004,-0.0017645455315447491,0.004760640309618614,1.0413066623551033,28.61427198642572,77.21034757893763
38.32,0.02069690174705226,0.005384685167347398,1.0172070628312928,28.614271497598384,77.21034817901553
38.34,0.016808284943531572,0.005407753927909157,1.008524871850228,28.614271012731,77.21034878324794
38.36,0.007694252714650953,-0.01993981305872851,0.9725258580092646,28.614270534186378,77.21034939398612
38.38,0.009065341544426448,-0.03236373671205859,1.0471548460411109,28.61427006254359,77.21035001165183
38.400000000000006,-0.008681668402713763,-0.017539331658270447,0.9755820491792601,28.61426958728224,77.2103506257078
38.42,0.011086642995754412,-0.009289202559908978,1.0014230652585339,28.61426911053661,77.21035123826894
38.440000000000005,0.031069712864488265,0.013144675831905085,1.0092306400255417,28.61426862296846,77.21035183967466
38.46,0.020478393760774174,-0.005418468375259536,1.0126276720112588,28.61426814479251,77.21035245078741
38.480000000000004,-0.03744402893881943,0.004058272165797363,0.9858777020179018,28.61426766289355,77.21035305809346
38.5,0.009036438333065585,0.001408113656147138,1.013410162307231,28.614267187015862,77.2103536715297
38.52,0.010680116981182293,0.009926492752519974,0.9754511564619365,28.614266707467362,77.21035428124524
38.540000000000006,0.022654563782399606,-0.008562805502515411,1.0331595920074426,28.614266229735964,77.21035489280898
38.56,0.024760947359745163,-0.014515999614161666,0.9743168821070625,28.614265752029425,77.21035550439791
38.580000000000005,0.009912473411162158,-0.032947438987119534,0.9896251562020617,28.61426527489697,77.21035611656808
38.6,-0.024772473362208336,0.006646749962010796,1.011422625406121,28.614264800594448,77.21035673158526
38.620000000000005,-0.0022567991542696776,-0.05986496307064051,0.9965873338904285,28.614264321747253,77.2103573420156
38.64,-0.01587378548408138,0.0032707681677635663,1.0303183025389409,28.614263848135305,77.21035795772296
38.660000000000004,-0.02331685946562021,0.017774086652383878,1.0251722832667323,28.61426337472289,77.2103585736294
38.68,0.027936793562524424,-0.002989254346716781,1.009873463312695,28.614262899669765,77.21035918789438
38.7,-0.009278896211958125,0.007305418266174395,0.9856216607081837,28.6142624292175,77.21035980673706
38.72,0.039786924277827034,-0.008615859652613238,0.9974904276748423,28.614261960621775,77.21036042740484
38.74,-0.007693111970910206,-0.00011459073672363148,0.9707879074722411,28.61426149976476,77.21036105554649
38.760000000000005,-0.014284871598323102,-0.003233262488293559,0.9831658025383201,28.614261035705987,77.21036168062186
38.78,0.012036647933760363,0.013896266354486058,0.9951335894410195,28.614260564141897,77.21036229836548
38.800000000000004,-0.0015711208552946496,-0.00568811032374114,1.0175846086674591,28.61426010177342,77.21036292506413
38.82,0.005553989373791336,-0.02376584398605862,1.008495289981097,28.614259642981725,77.21036355516456
38.84,-0.010783547571343886,0.006531759508906547,0.9946049771694643,28.61425919064171,77.21036419128905
38.86,-0.010786652803463281,-0.002544313495583051,0.984825046781561,28.61425874890162,77.21036483700732
38.88,-0.009786586237133866,-0.013943858673627971,1.015288271528322,28.614258309354835,77.21036548466485
38.900000000000006,-0.02084360298913794,0.012923425750867896,0.9884466464586128,28.614257880529664,77.21036614158305
38.92,0.26777191594598854,0.0399315597767166,2.014735057067625,28.614257465147357,77.21036680961568
38.940000000000005,0.0041165958928798966,0.009425378464474108,0.4877794184912162,28.614257048460114,77.21036747659292
38.96,0.00306927313120692,0.015934431303916113,1.1800420032522805,28.61425663066307,77.21036814266867
38.980000000000004,0.013322692086347588,0.0030336060564736733,0.9828864402288854,28.61425621077814,77.21036880703858
39.0,0.007140562680355705,0.028596209963675345,0.9911290022456696,28.614255786883064,77.2103694680958
39.02,0.045281946593108496,0.013047752209485402,0.999956217244245,28.614255352980564,77.21037012067339
39.040000000000006,0.00853094768996351,-0.011134938258830936,0.9938394964358378,28.6142549306122,77.21037078299746
39.06,-0.041032898845265675,0.01192888100294096,0.9865272079404384,28.614254498449682,77.21037143707154
39.080000000000005,-0.009877752983951755,0.008633585778493161,0.9863503041143998,28.61425406235709,77.21037208775199
39.1,-0.01864579002335617,-0.007901844197017484,0.9744070742266666,28.614253626805837,77.21037273890276
39.120000000000005,0.009352228614058307,0.024859878088562725,0.984551174653383,28.61425320074381,77.21037339814981
39.14,-0.008268652753373415,-0.0252955509881954,1.0139757734838217,28.614252764876213,77.21037404902584
39.160000000000004,0.010021726746955988,0.007441337827787361,1.0178292591266973,28.61425232457085,77.21037469601438
39.18,-0.01367600996353981,-0.008632802391683389,1.0058886327579857,28.61425188437158,77.21037534309659
39.2,0.0038819646670461058,-0.032128222389347066,0.9950877490076588,28.614251436951296,77.21037598371996
39.22,-0.010539089034133016,0.0023430156059484767,0.9978697344827205,28.61425099229769,77.21037662683807
39.24,-0.0067884219539058235,-0.008272297097021611,1.0282043695267162,28.61425054846591,77.21037727069239
39.260000000000005,0.004514185287766519,-0.011679407785351415,1.0170933014533365,28.614250108548635,77.21037791802338
39.28,0.009025613503436189,-0.02119474833602679,0.9477478510776174,28.614249671204245,77.21037856761268
39.300000000000004,0.028572743421460274,0.04020392610834434,0.9829580003501888,28.614249238247158,77.21037922100452
39.32,0.0226247668293491,-0.0492029538572477,0.9896149008108056,28.614248797851484,77.21037986791326
39.34,0.018864287102344692,-0.04323697415244247,1.0306242820962483,28.614248369299315,77.21038052506253
39.36,0.008634980519154603,0.010456049609183334,1.0126475718617376,28.614247941749536,77.21038118305852
39.38,-0.009761630835829411,0.009260026711220342,0.9712160162902241,28.614247520627174,77.2103818464113
39.400000000000006,0.012441038556858049,-0.02778863245935441,1.013896031105193,28.61424709942634,77.21038250969941
39.42,0.023880045118499022,-0.0119624634138817,1.0574492260694146,28.6142466737662,77.21038316928322
39.440000000000005,0.023892559347936305,0.012537089167297856,1.016473782293278,28.614246251730687,77.21038383188251
39.46,0.00032328128730814545,-0.005510956610965172,0.9826131609783061,28.614245824079248,77.21038448979274
39.480000000000004,-0.006873761519855675,0.015923120481781343,1.030034642585166,28.61424539910776,77.2103851499525
39.5,0.015839970513783407,-0.0009112490738733194,1.0066992595001696,28.614244969443234,77.21038580615856
39.52,-0.0487102780955287,-0.010442488785903443,0.9865283515606768,28.614244527981054,77.21038645212332
39.540000000000006,0.031933812393960474,-0.029155133744545605,1.0009763151293447,28.614244078532,77.2103870909012
39.56,0.02455951711341161,-0.001308122790970302,0.9951594888733651,28.614243622058215,77.21038772318225
39.580000000000005,-0.005605890128928902,-0.012824686551172835,0.9859874564473594,28.61424316116443,77.21038835128877
39.6,-0.006626303295498848,0.01990864074547807,0.9756495956951292,28.61424269658952,77.21038897586634
39.620000000000005,0.04152054998994444,0.01910622102970218,0.9879648595961634,28.61424222864214,77.2103895971684
39.64,-0.02069140672049964,-0.004908165469515181,0.9989959106802268,28.614241764499504,77.21039022216286
39.660000000000004,-0.005239382288991505,-0.0007277267899986316,1.0159051026878403,28.614241305240288,77.21039085182107
39.68,0.03504304081293204,-0.007421928333108952,0.974481588016301,28.614240853343944,77.2103914883545
39.7,0.2622484085537519,-0.010617963509852191,1.9112945264186325,28.61424039892017,77.2103921225488
39.72,0.00323365096853641,-0.02140973422428582,0.4136559690934456,28.614239951238034,77.21039276293466
39.74,-0.004778221931771682,0.0013500840995756616,1.2331817094508064,28.614239501380474,77.21039340133926
39.760000000000005,0.04120879575425196,-0.005801888726646264,0.9921258204078125,28.61423904355326,77.21039403234923
39.78,-0.010861822206346704,0.02980072976409327,0.9816160311934419,28.614238584228154,77.21039466194506
39.800000000000004,-0.027136302075789348,-0.007050716808911493,0.9825909596676073,28.614238125193133,77.21039529181536
39.82,0.004839730487918713,0.04811450257568514,0.9775516731241377,28.614237663803248,77.21039591944904
39.84,-0.01086037385281512,0.03614902117541015,0.9641675142073757,28.614237196033017,77.21039654092415
39.86,0.0119445603092939,-0.01439358490235926,1.0067467055843244,28.614236731215108,77.21039716526704
39.88,0.008674984099978328,-0.0015060636290977457,1.009892344018729,28.614236268336423,77.21039779147664
39.900000000000006,-0.02339429012337516,-0.031061470510529963,1.033270647986882,28.61423581474643,77.21039842644497
39.92,0.03679744960500082,-0.008400589839027153,1.0117959237772844,28.614235358060984,77.21039905852761
39.940000000000005,-0.012213201872850344,0.007487329411949597,0.9992927448922472,28.61423490481653,77.21039969381603
39.96,-0.010077158764981586,0.004111217288514442,1.0094800214841806,28.614234441534833,77.21040031963877
39.980000000000004,0.011554060028891982,-0.016159772769479434,0.9925303807391347,28.61423398613119,77.21040095292031
40.0,0.032658092070819114,-0.0015287671792818987,0.9829497620266786,28.614233531678554,77.21040158708773
40.02,-0.025720063475048446,0.010011565729656084,1.0129622106195992,28.61423307630846,77.21040222040057
40.040000000000006,-0.009246524317165213,-0.0025517186005254602,1.0062806408359044,28.61423261705535,77.21040285006451
40.06,0.019139125031331975,0.026972493880280057,0.9744641660186151,28.614232154694875,77.21040347677065
40.080000000000005,-0.011453610595148496,-0.0017867144983129378,0.9992402466745637,28.614231680412743,77.21040409180804
40.1,0.003146688376510093,-0.03174889940981282,0.9833594603313786,28.614231198149515,77.21040469873856
40.120000000000005,-0.008274391962169135,-0.032015068121497,1.0184026486484274,28.614230719622192,77.21040530949409
40.14,0.009895865646704152,-0.007513101695446234,0.9914550927786536,28.61423023688914,77.21040591593975
40.160000000000004,-0.02495834324772769,-0.023792641950985318,1.034152872715381,28.61422975118684,77.21040651930117
40.18,0.00633174801219366,-0.032383651467863574,1.0235847606517987,28.614229269452828,77.21040712677679
40.2,0.009711616315450816,-0.008538587788476014,0.9781771972477898,28.614228782339666,77.21040772866051
40.22,0.013620662980140643,0.01593533167057399,0.9866639965363393,28.61422829534984,77.21040833067373
40.24,-0.010486027473937587,-0.00926941764476322,1.0134386884969993,28.61422780961453,77.21040893400065
40.260000000000005,0.02895771476807513,0.006608635492166943,1.0011145942019106,28.614227330966273,77.2104095446332
40.28,-0.041987644619367284,0.028743857860394937,0.9944007678601454,28.61422685945928,77.21041016243316
40.300000000000004,-0.013264489186459756,0.0076625297199650975,1.001107604239463,28.614226382699627,77.21041077497989
40.32,0.04887945447670877,-0.018654276480447568,0.9975064029528726,28.614225906970077,77.21041138856498
40.34,0.0005783907544427483,-0.0004936507007068167,1.020147067511669,28.61422542473777,77.21041199552734
40.36,0.022496802343621808,-0.008755975931531781,0.994301413544958,28.614224943981593,77.21041260400729
40.38,0.003791809274641646,0.010057451454324287,1.0093728677557383,28.61422446544165,77.21041321474996
40.400000000000006,0.03476557745890261,0.0037302461649540344,1.0092783279777515,28.614223978046205,77.21041381633705
40.42,-0.003843816008433515,-0.005654907874059033,1.02486887051474,28.61422348611159,77.21041441311061
40.440000000000005,0.004474630108084331,0.0015978602281628874,0.9985887535431508,28.614222998691947,77.21041501467225
40.46,0.017490550692538517,-0.0064043741199294405,1.0031360752308858,28.614222508602918,77.21041561341299
40.480000000000004,-0.13300038738698713,-0.03195519343602292,1.9536332751289935,28.6142220201865,77.21041621392463
40.5,-0.03690187785771027,-0.03878353693806953,0.5821570187454425,28.614221530672427,77.21041681327539
40.52,0.01036622054404397,0.017479945701158996,1.2901043228994977,28.614221046354704,77.21041741807926
40.540000000000006,-0.017056533268374006,0.02055611910686266,0.9818291978938888,28.61422055833227,77.21041801900638
40.56,-0.001101093153011736,0.003736885459930578,1.013743460042395,28.61422006711626,77.21041861654753
40.580000000000005,-0.010715941590953409,0.01885546882507757,1.0313357300545674,28.61421957846097,77.21041921680693
40.6,-0.044824609061099356,0.034304935738697064,0.9618179649519498,28.614219088772224,77.21041981597249
40.620000000000005,0.021156252971469596,-0.009033200704909851,1.0199603650566895,28.614218598730282,77.21042041476322
40.64,-0.026241757767434724,-0.014635192837194779,0.9991181184946566,28.614218107256825,77.21042101202958
40.660000000000004,-0.0013874756711286429,0.014701013336117529,1.0252484117322362,28.61421761862009,77.21042161230858
40.68,-0.0021435669882803672,0.02794781663087728,1.0052058720382102,28.614217130320117,77.21042221294306
40.7,-0.01590596788339205,-0.013455546347423825,1.0194213593251147,28.61421663584877,77.21042280698992
40.72,0.012775820808273036,0.02949255655230284,0.9979044128842507,28.614216140488793,77.21042340007534
40.74,-0.007308738468618634,-0.007561900261943279,1.0009577656351507,28.61421564777839,77.2104239960178
40.760000000000005,-0.014308103422481788,0.004494583970858714,1.0192630584509381,28.614215152140904,77.21042458880228
40.78,-0.029107510745119018,-0.007260310266523463,1.0490605154695787,28.614214655705453,77.21042518071967
40.800000000000004,-0.018501840955655595,0.0049961306499701425,0.9894512380326708,28.61421415836155,77.21042577164665
40.82,0.008451892303305966,-0.02100322887895889,1.002310746821972,28.61421365437828,77.21042635522865
40.84,-0.039974403284552096,0.02057971838732425,0.9855094742032309,28.61421315069697,77.21042693914882
40.86,0.033559983663876414,-0.03270528979221322,0.9952214584534935,28.61421264230019,77.21042751774193
40.88,-0.0030410148983742165,-0.018685225811046632,0.9897352654476391,28.614212127053666,77.21042808841831
40.900000000000006,-0.017353180139199058,0.025935415520823735,0.9800483189796251,28.614211607364645,77.21042865384337
40.92,0.011902643902605295,0.0452608960760847,1.010155561349802,28.614211082220383,77.21042921268979
40.940000000000005,-0.008360926492031762,-0.010566568201730084,1.0040716422543834,28.61421055624641,77.21042977052278
40.96,0.017800858624796707,0.030679696717268303,0.9821042872184513,28.614210034041374,77.2104303329318
40.980000000000004,-0.021250968539913866,0.025864667712337384,0.9767061034322838,28.614209508146708,77.2104308908618
41.0,-0.019800337777967428,0.00815535144318352,1.0173535345700728,28.614208980704152,77.21043144689254
41.02,0.011915890146907152,-0.00959880366594667,0.9901105012305975,28.61420845751863,77.21043200811785
41.040000000000006,0.023963355812137294,0.02806483944304343,1.0448622736683644,28.614207924569214,77.21043255729256
41.06,0.003909206341426123,-0.003764643716447516,0.9983114370316537,28.614207395870427,77.210433111773
41.080000000000005,0.004614743267664447,0.009301094726473405,1.000876298539235,28.614206867804366,77.21043366703528
41.1,-0.016682227799668714,-0.04323667390013822,0.9954648250944077,28.61420633581999,77.21043421742279
41.120000000000005,-0.010310830465496522,-0.008057607862332604,0.9717949157811623,28.6142058048857,77.21043476912448
41.14,-0.013143957401953057,-0.012213918640895325,0.9717434885040076,28.614205279373106,77.21043532752141
41.160000000000004,0.025907503706338444,0.002523226593435847,1.027745183410048,28.614204755434763,77.21043588783463
41.18,0.027814212459232317,-0.006272726188587724,1.026754982038451,28.61420423046393,77.21043644689242
41.2,0.010408222097827453,-0.010161840062355565,0.9803153650174873,28.61420370839991,77.21043700947125
41.22,0.04021713208743367,-7.821400533389533e-05,1.00996043441838,28.614203190411292,77.21043757691731
41.24,0.01236404075292916,-0.015496650784728836,1.0266511937798577,28.614202668279553,77.21043813941458
41.260000000000005,-0.03572486752224598,-0.03312111922346005,2.0580465593480004,28.614202146579117,77.21043870243089
41.28,-0.0043784085827311735,-0.00894000333715185,0.48071572699860476,28.614201621823806,77.21043926175116
41.300000000000004,-0.003148518746036487,-0.004531021818497423,1.2613384019444125,28.614201090598726,77.21043981308948
41.32,-0.003129162783011345,0.015012299801083913,1.0033016538392832,28.614200558362047,77.21044036316034
41.34,-0.018728684473485028,-0.004111969071665713,1.0246529566663571,28.61420002531487,77.21044091221188
41.36,-0.008816896239245474,0.0078020513513375,1.0079608383850704,28.614199484297618,77.2104414510528
41.38,0.006580888192199201,-0.014470694326850721,1.0117950573661376,28.614198944506192,77.21044199148662
41.400000000000006,-0.011979451161200893,-0.0003556790150140441,0.955623008438979,28.614198404429775,77.21044253155084
41.42,0.011126832467725124,-0.03461294936058493,1.0139993744726763,28.614197860588487,77.21044306669012
41.440000000000005,-0.014812350251861577,-0.012561941802385141,0.9992821316426977,28.614197307334628,77.21044358915951
41.46,-0.015734002752006312,-0.05444099246086958,1.0431836428351142,28.614196755571548,77.21044411367059
41.480000000000004,0.00025457739937945613,-0.023813225678158582,1.0119870687251504,28.61419619584217,77.2104446271121
41.5,-0.04084737780288151,-0.02547058137615152,0.9934674289976941,28.614195638068182,77.21044514330747
41.52,0.021583619561883625,0.0123059467464129,1.0377348381236848,28.61419508467082,77.2104456655796
41.540000000000006,0.014123329064529741,0.007041947748283189,0.9985633649429341,28.61419453259988,77.21044618967014
41.56,0.01632203670805303,0.021364627712036514,1.0055081350689739,28.6141939789864,77.21044671164498
41.580000000000005,0.014877125209272573,-0.02639308223770791,0.9723402207633574,28.61419342255445,77.21044722971638
41.6,-0.0022940111545312115,0.01643173002453609,0.9873783842821594,28.61419286699317,77.21044774899886
41.620000000000005,0.004880474356323502,-0.011538199963797272,0.9856252208236921,28.614192304508556,77.21044825851823
41.64,0.00779539600096409,0.03588425121881521,0.9963495313898569,28.614191743764078,77.21044877052043
41.660000000000004,-0.029022748876970463,-0.0035726015128184374,0.9756183167741328,28.61419117749445,77.21044927457015
41.68,0.004032975825329383,0.032107575199852675,0.9655870072587782,28.614190614966173,77.21044978402695
41.7,-0.007541960398773001,0.05752990253997229,1.0021311927252892,28.614190049601795,77.21045028939355
41.72,0.03693752983467453,0.008467541217640416,0.9706400195775768,28.614189483312106,77.21045079341403
41.74,-0.0038338677358192783,0.0356345614881863,1.0145569137569694,28.61418891942387,77.21045130091619
41.760000000000005,-0.00251483128920783,-0.006621041059766288,1.039409305374471,28.61418836182304,77.21045181735423
41.78,-0.024410011555049186,0.02622826395700396,1.0045446456393483,28.614187806194423,77.21045233654318
41.800000000000004,-0.007823015977451045,-0.0012765214100249626,1.0052612580603222,28.614187245865192,77.21045284913494
41.82,-0.04228541153468839,0.011339929883934173,0.9555827508410671,28.61418668771199,77.2104533647981
41.84,0.03718305499046936,0.010094242761652035,1.0124879311115147,28.614186130259576,77.21045388144398
41.86,0.011673220602744259,-0.0035354029890026536,0.9984948555946299,28.614185578674032,77.21045440619724
