timestamp,x,y,z,lat,lon
0.0,0.009934283060224654,-0.01350356549948763,0.9827301279007014,28.613900709077384,77.20900013316349
0.02,-0.002765286023423693,-0.0028903734143103568,0.9993759302212183,28.613901418878207,77.20900026122814
0.04,0.01295377076201385,-0.015848398419999226,1.000360337440889,28.613902129706617,77.20900038167018
0.06,0.03046059712816051,-0.006159230592780805,1.0094526069168681,28.61390284110376,77.20900049767319
0.08,-0.004683067494466719,-0.03787229333907571,0.9726628327343835,28.61390355271735,77.20900061194052
0.1,-0.004682739138983611,0.004265874147458771,1.0118513454769467,28.613904263466253,77.20900073298989
0.12,0.03158425631014783,2.4109507244484736e-05,0.9459121673679445,28.61390497455277,77.20900085143843
0.14,0.015348694583058176,-0.016341772621363812,0.9874023089527237,28.613905687198596,77.2090009570288
0.16,-0.009389487718699043,0.013184913368648101,0.9902345231509692,28.613906398741353,77.20900107186709
0.18,0.010851200871719294,0.01875140275253117,1.0126665365214247,28.613907111103064,77.20900117991653
0.2,-0.009268353856249245,-0.03215119728737948,1.0004526170535373,28.61390782352035,77.20900128748944
0.22,-0.009314595071405137,-0.015254495571324285,0.9718887389228743,28.61390853550885,77.20900139868506
0.24,0.004839245431320682,-0.015382846995745965,0.9803001374836597,28.61390924730108,77.20900151149938
0.26,-0.03826560489315596,-0.018798062022177292,1.003973600190948,28.613909957967095,77.2090016331786
0.28,-0.03449835665026066,0.01658949683863497,0.9984186531627088,28.613910668113295,77.20900175873413
0.3,-0.011245750584819454,-0.0038765227754560708,0.988417517807285,28.613911379182486,77.20900187731756
0.32,-0.020256622406688476,-0.005290296826212216,0.9903833242097604,28.61391208781523,77.20900201351775
0.34,0.006284946651905478,-0.04007724728813507,1.0139233599431858,28.61391279621428,77.20900215128637
0.36,-0.01816048151042422,0.012708360604184527,0.9896461485426157,28.613913504790755,77.20900228786587
0.38,-0.02824607402670583,-0.02478516789706945,0.9982381751194185,28.6139142121786,77.20900243221931
0.4,0.029312975378431083,0.001198652605326565,1.043398731761611,28.61391491924813,77.20900257858237
0.42,-0.004515526009730713,0.005547538759163834,0.9715263472623216,28.61391562579907,77.20900272815982
0.44,0.0013505640937584767,0.02721317191677302,0.9629631453685068,28.61391632885848,77.20900289774708
0.46,-0.028494963724269136,-0.026176407982382244,1.0156717932959722,28.613917032324814,77.20900306513033
0.48,-0.010887654490503653,-0.060390243116416505,0.9864271387741179,28.613917736254514,77.20900322996641
0.5,0.002218451794197322,0.003676990895073897,0.9936352494451476,28.61391844001504,77.20900339573718
0.52,-0.023019871548446057,0.036010223630217074,0.9843768724373777,28.613919142175877,77.20900357008831
0.54,0.007513960366913439,0.024778927058788747,0.9948039971846497,28.6139198465628,77.2090037323701
0.56,-0.0120127737983761,0.0041931883054925154,1.0319707622419267,28.61392055361365,77.20900387885025
0.58,-0.005833874995865536,-0.009832723712640948,1.0160425691723625,28.613921261407278,77.20900402059917
0.6,-0.012034132244587938,0.01614245193274621,1.0172444702377395,28.613921971139536,77.20900414915599
0.62,0.03704556369017876,-0.019470923994089374,0.9716754588841471,28.613922681344835,77.209004274277
0.64,-0.0002699444947586784,0.009527155387124385,0.9769769252689426,28.61392339098923,77.2090044034617
0.66,-0.021154218579118006,0.010109403183332538,0.9432184268102914,28.613924101615627,77.2090045254408
0.68,0.01645089824206378,0.021204198149977597,0.9838123835783449,28.613924813697505,77.20900463585782
0.7,-0.024416872999420445,0.055193200778221554,1.019134063727713,28.613925525712002,77.20900474683725
0.72,0.0041772719000951085,0.007848319343575341,1.0103389303149675,28.61392623685969,77.20900486480832
0.74,-0.039193402477595514,-0.010179272514149976,0.9955697347409576,28.613926949660506,77.20900496903236
0.76,-0.02656372097796861,-0.0005114862438398887,0.999553994325639,28.61392766168688,77.20900507991286
0.78,0.003937224717382471,-0.035381518097782366,0.9862222891484919,28.61392837289393,77.20900519741863
0.8,0.014769331599908208,-0.013894262621781164,1.0040951776480356,28.613929083084447,77.20900532264851
0.82,0.00342736562379941,-0.00818564876226208,1.0153175655896123,28.613929791882736,77.2090054577263
0.84,-0.0023129656477648107,-0.01048176795869185,0.9676822642517906,28.613930497898245,77.2090056105492
0.86,-0.0060220739117857755,0.00304709744067444,1.005992953756747,28.613931204387004,77.2090057605073
0.88,-0.02957043980734855,-0.01644839864764401,1.0186486974190934,28.613931910731097,77.2090059113471
0.9,-0.014396884167894173,0.02242061334648943,0.9916979942207326,28.6139326176205,77.2090060588349
0.92,-0.00921277541919575,4.141298363941877e-06,1.0140140122424117,28.613933324507343,77.20900620633861
0.94,0.021142444524378315,-0.00018600642277228835,1.056293088889451,28.61393402932632,77.20900636616771
0.96,0.006872365791369228,-0.006557894330258357,0.9979131441402621,28.61393473596866,77.20900651518387
0.98,-0.03526080310725468,0.0031038136771795828,1.0078661410001064,28.61393544371118,77.20900665726353
1.0,0.0064816793878959,0.016501965293352693,0.9852388583267722,28.613936149668927,77.2090068104323
1.02,-0.007701645608326331,-0.017342604314218007,1.003625023252041,28.613936854218412,77.20900697179583
1.04,-0.013538440006119175,-0.013162329781505134,1.009205432499646,28.613937559277648,77.20900713024392
1.06,0.012233525776817357,-0.006074520575533294,1.0038968468054028,28.613938263122723,77.20900729554828
1.08,0.02061999044991902,-0.0269174184694643,0.9796060936058228,28.613938966468545,77.20900746358743
1.1,0.018625602382323973,-0.016385157194429956,1.004127235426509,28.613939667522153,77.2090076436274
1.12,-0.01678435046445277,-0.00952441747089318,1.0292439187743527,28.6139403684578,77.20900782426236
1.14,-0.006184247517024292,0.01748778361425455,1.0089727152902905,28.61394106773023,77.20900801307687
1.16,0.006625268628071279,0.005251226580038499,1.019239743781437,28.613941762379895,77.20900822286822
1.18,0.019510902542447184,0.0038717982273508873,0.9952597605997474,28.613942455915627,77.2090084373885
1.2,-0.0095834847569058,0.017017959243359443,1.0149980047884741,28.61394314935838,77.20900865229848
1.22,-0.0037131795332763424,-0.002747435767987933,1.0055853567643305,28.613943841420063,77.20900887290954
1.24,-0.022126699480120565,0.007809296998577792,0.9809817854062554,28.613944534184558,77.20900909063946
1.26,-0.023924132481613417,-0.0020644350586499246,1.0063704200959775,28.613945222187667,77.20900932715006
1.28,0.016250516447883962,0.005307246987992569,0.9801660667311938,28.613945909815786,77.20900956507153
1.3,0.02712480057141646,-0.011655173152231642,0.9873423945023042,28.613946598011403,77.20900980085423
1.32,-0.001440202431606677,-0.048776343165528584,1.0037865661458474,28.613947287912726,77.20901003007748
1.34,0.020070657957840483,-0.002685583243726083,1.0059448854676025,28.613947975564656,77.20901026790963
1.36,0.007232720500952683,0.0284549627219988,0.9762153506984574,28.6139486613802,77.20901051252564
1.38,-0.012902395092102486,0.018524308044831846,1.0210797154236575,28.613949348255275,77.20901075325315
1.4,0.0072279121101682785,0.019307949691823416,1.0114401255660095,28.61395003390075,77.20901099848702
1.42,0.030760731329319384,0.02472261443612436,0.9859054312877823,28.613950722715742,77.20901123191105
1.44,-0.0007165207821990308,0.0017731518192287488,0.9692483040710165,28.613951411150524,77.20901146678605
1.46,0.03129287311628012,0.003946314148111912,0.9971019084183713,28.61395209864472,77.2090117052092
1.48,-0.05239490208179489,-0.012353037908687003,0.9910811257227768,28.613952782465386,77.20901195696779
1.5,0.01643805008750448,-0.0063214571205409955,1.0022628091410604,28.61395346796931,77.2090122027146
1.52,0.0017409413647634245,0.012315422995422832,0.9927376667768887,28.613954156174977,77.20901243845927
1.54,-0.00598014700931735,0.024077688743376326,0.9598508627850998,28.613954846206138,77.20901266717485
1.56,0.001835215530710046,-0.002788925513619991,0.9922330612339768,28.61395553885917,77.20901288536446
1.58,-0.03975137829201786,-0.009003785297028232,0.9938876177786338,28.61395622889015,77.20901311408075
1.6,-0.004393437756750239,1.0559177131945857e-05,1.0126732204954811,28.61395691572912,77.20901335494192
1.62,0.007142251430234928,0.012024134978582297,0.986036006507779,28.61395760188749,77.20901359830721
1.64,0.029557880894830323,-0.028877096322670836,1.0335734934674514,28.61395828538555,77.20901385120001
1.66,-0.010365404365472949,-0.04592361906274477,0.9617671889869649,28.613958968585603,77.20901410513558
1.68,-0.016169872057863754,-0.011010736989831672,1.0262233499560525,28.61395965199737,77.20901435833082
1.7,-0.010035140871690731,-0.024414248518283173,0.9955136205824379,28.613960336145595,77.209014608932
1.72,0.018308042354041484,-0.010162803952946218,1.017191697446871,28.613961020973367,77.20901485711299
1.74,0.006575022193193689,-0.0029556063763494307,1.0015960296811746,28.613961709091164,77.20901509319027
1.76,-0.010595204075340776,-0.009064968180460268,1.0227911107205094,28.613962396658906,77.2090153313381
1.78,0.010265348662267122,0.02904935068941491,0.9922527607089437,28.613963084310914,77.20901556916999
1.8,0.0019415509869608078,0.006534895292046401,0.9780275914964438,28.613963770387638,77.20901581283381
1.82,0.019372899810657786,0.006009487192216567,1.0284100857454213,28.61396445626401,77.20901605722844
1.84,-0.014041061877547048,0.012444142880868038,0.9977303870823572,28.61396514248855,77.20901630035154
1.86,-0.006553242931955364,-0.022776662355615384,1.0044311694724841,28.613965830546405,77.20901653665541
1.88,-0.007842163062643152,0.020782235748405372,1.024695038280896,28.613966518454408,77.20901677352475
1.9,-0.029270298962642372,-0.0015152857307091977,0.9793608951581113,28.61396720480859,77.20901701617252
1.92,0.0059224055412915215,0.013409612344824252,1.0119098179527852,28.61396789355331,77.20901724986551
1.94,0.005221105443597786,-0.02143714466080311,0.9882021048707422,28.613968582118314,77.2090174842447
1.96,0.0001022691328492178,-0.031075175320321287,0.9973566128871125,28.613969270201956,77.20901772045114
1.98,-0.004691742667502939,0.016357793160500574,1.0014455793076857,28.61396995975681,77.20901795102326
2.0,-0.028307414841008287,0.0075281905219503325,0.9699955627710612,28.613970650489627,77.20901817697387
2.02,-0.00841290645530718,-0.01804103108715021,0.9844232591435913,28.613971340763182,77.2090184047384
2.04,-0.00685429033053539,-0.01739326162549389,1.0270214578482628,28.61397203325859,77.20901862357631
2.06,-0.01604554538443238,0.022508695688295388,1.017723823771696,28.61397272507752,77.20901884517322
2.08,-0.003225714233320183,-0.02378823785734656,0.9987472084534553,28.613973418610453,77.20901905970533
2.1,0.008081017136290768,0.032853459065119266,1.004862469170258,28.61397411010257,77.20901928262192
2.12,0.0377237180242106,-0.018012414692957376,0.9941151498872709,28.613974796831233,77.20901952389092
2.14,0.0034915562566367794,0.012767838512167659,1.0271316677165596,28.613975485357532,77.20901975841761
2.16,0.005151007814455287,-0.006572369514979692,0.9959929484441167,28.61397617277417,77.20901999713084
2.18,-0.0014889183153233444,0.012063748621646862,1.004636841842697,28.613976861695587,77.20902023014703
2.2,-0.03837542430598083,-0.010882280042283851,1.0229206028828413,28.61397754845037,77.20902047131953
2.22,-0.0005302775089843375,-0.0032558581214458845,0.9844525703030819,28.613978237828885,77.20902070257488
2.24,0.0012046041988205288,0.0008183835079144227,1.0311757836899378,28.613978926223798,77.20902093760152
2.26,0.049264842249705725,-0.020043749115629454,0.9693907718051324,28.61397961639362,77.2090211657736
2.28,-0.0038472192956224504,0.014816486908402518,1.032592842622256,28.61398030697657,77.20902139231791
2.3,0.006030946846672249,-0.010264271329431704,0.9925464883209605,28.61398099957323,77.20902161073964
2.32,-0.0006942353941048662,-0.004571998306800371,0.9951460250434944,28.613981690569673,77.20902183564189
2.34,-0.02337356075239064,-0.019886987492170244,0.9621997965763411,28.61398238319438,77.2090220539482
2.36,0.022856456290300413,-0.05124667317590621,0.9909041056524461,28.613983074750735,77.20902227660609
2.38,0.015038660653735483,-0.00382055525200338,0.9792038693794624,28.613983766975583,77.20902249655197
2.4,0.01582063894086094,0.04825230843225832,0.9878470730925305,28.613984459421005,77.20902271559505
2.42,-0.018187749095894778,0.015692085757960477,0.9972537806842224,28.61398515158155,77.20902293580338
2.44,0.028055886218721984,-0.00038520759468789283,1.019155832289458,28.613985845194705,77.2090231499987
2.46,-0.028037021255845618,-0.0052578165841653535,1.0041520670280124,28.61398653841076,77.20902336585569
2.48,0.011737141876005407,0.0004493178562409276,1.0061535330680222,28.613987228645875,77.20902359377136
2.5,0.04380911251619957,0.0109423823035042,0.9780896122230888,28.613987920416886,77.20902381556233
2.52,-0.019810726502613767,-0.0236162563061769,0.9823849182079454,28.613988609858907,77.20902404657188
2.54,-0.011325954592055439,0.022286433893377443,1.0359745003670262,28.613989296185604,77.20902428932055
2.56,0.0019930273017528246,0.014307626308824881,0.9852959793047351,28.613989984228656,77.20902452568042
2.58,-0.010069513082323985,0.01436371451415869,1.033124165041146,28.613990675217895,77.20902475061142
2.6,-0.031013268621322653,0.008769514776194545,0.9951387760223827,28.613991365607735,77.20902497791819
2.62,0.0013712594961205467,0.0003923331538797981,1.0000457587228702,28.61399205707955,77.20902520091654
2.64,-0.0212460742745221,0.013457224719336398,1.0214073032045985,28.613992744772833,77.2090254385936
2.66,0.009471848612703632,0.01183628267482756,1.0254378484387732,28.61399343239345,77.20902567654332
2.68,-0.018388484684676062,-0.007080814218820476,0.9977837487944182,28.61399412166762,77.20902590820194
2.7,0.03099868810035079,-0.01147203545793802,0.9922351389295693,28.61399481322931,77.20902613083835
2.72,-0.01566506584672474,0.0020371259052397337,0.9988815910295558,28.613995502619805,77.20902636204738
2.74,-0.006441230324113512,0.030980403029903746,1.0067591505646423,28.613996193158382,77.20902658876714
2.76,0.016270344347393394,-0.024782141513078018,1.0178260737373952,28.61399688360966,77.20902681583165
2.78,-0.024617286328679103,-0.029350505315048802,1.000084597179883,28.613997572124205,77.20902705040317
2.8,0.004549198692082588,0.003295216824730335,1.0123777259604632,28.61399826162787,77.20902728117389
2.82,0.026142855085648564,0.0010177540371203613,1.0327671946454189,28.61399895122451,77.20902751158384
2.84,-0.03214966469122455,0.0034668332874081644,1.0076261922452956,28.61399964085465,77.20902774186365
2.86,0.003692677170646084,0.0048790639581700055,1.0062330571200955,28.61400032908733,77.20902797750607
2.88,0.005197655884968471,-0.004464045092696102,0.9696217834981986,28.61400101608598,77.2090282177757
2.9,0.015636457435546206,0.029797268772041644,0.9473853972634187,28.614001703547235,77.20902845632217
2.92,-0.02473901421756164,-0.03201807956953031,1.0077675145846035,28.614002390875065,77.20902869536705
2.94,-0.026409132261685526,-0.01656994049560492,0.9981035153743826,28.614003078978318,77.20902893149943
2.96,0.010438831312337953,-0.002065095202980948,0.9897043465017051,28.614003770069324,77.20902915602439
2.98,0.005939693464663721,-0.03286377622308335,1.004870604083727,28.6140044606503,77.20902938257653
3.0,0.005009857006917531,-0.0035170880886414234,0.9987919254160619,28.61400514734464,77.20902962397233
3.02,0.006928964189939514,0.03322940331456036,1.022555605012678,28.614005835884857,77.20902985844606
3.04,-0.013600494431569816,0.0004177297659192358,1.0017222173651796,28.614006525995663,77.20903008684971
3.06,0.004645073943220071,0.0046140181143736695,0.9850615342985967,28.614007217826163,77.2090303083998
3.08,0.0058614494659736255,-0.025203295303451605,1.0198033247791858,28.614007908229247,77.2090305356544
3.1,-0.014287028360527356,-0.01232722816078955,0.9956573785010759,28.614008597730667,77.20903076643386
3.12,0.03731549022289513,-0.00750392760647874,1.0105307336734461,28.614009287552406,77.20903099596782
3.14,0.00947665841823575,-0.006354301935124681,0.990451785876144,28.61400997919486,77.20903121827848
3.16,-0.023826069944052973,0.025632875900075375,0.9870034622900513,28.61401067065674,77.20903144131685
3.18,0.013131072172676594,0.011153821214502492,1.001683364603714,28.614011365097355,77.20903165200448
3.2,-0.01949363340454643,-0.02222915913874064,1.0002565728708737,28.614012059271978,77.20903186382648
3.22,0.01574169207484904,0.0049300955686400975,1.0095965407073366,28.61401275179965,77.20903208253195
3.24,0.023171911580148082,0.009964434969935702,0.9946270849338051,28.61401344667528,77.20903229135014
3.26,-0.01641364636703421,0.02280298077042533,0.9632728043245921,28.614014144278528,77.20903248801363
3.28,0.019267522584886437,0.03161081373136747,0.9913445223282322,28.61401483906807,77.2090326972032
3.3,0.008255618538729966,-0.02030188383655737,1.0158763693428763,28.614015534968043,77.20903290154709
3.32,0.0164412031998898,-0.016217150224206764,0.9940524784151379,28.614016228785424,77.20903311488247
3.34,0.03793585965307895,-0.025151557178292327,0.995072331949709,28.61401692289039,77.2090333270005
3.36,-0.00490776232005741,-0.004680397182139627,1.0197275301181188,28.61401761729602,77.20903353783771
3.38,-0.015074723287149792,0.00932716748892669,0.9857605354548216,28.614018310883537,77.2090337521408
3.4,-0.017790288592510466,0.019746690331782037,0.969143935635142,28.614019006106993,77.20903395945128
3.42,-0.016316205699308767,-0.0015190204728504552,0.9967873776094901,28.614019701088708,77.20903416781087
3.44,-0.001542034188282084,-0.006396950465096879,0.9903165209750252,28.614020396763152,77.20903437314882
3.46,0.006823039496332878,0.0030351598449748075,0.9806750736049349,28.614021094757184,77.20903456800478
3.48,0.005533815986600381,-0.01670285803260046,0.9964924308820262,28.614021792169957,77.20903476554295
3.5,0.016543664980720477,0.04179077443389547,1.0098301129449356,28.61402249003692,77.20903496098862
3.52,0.0002600378375581404,-0.03215322054236117,0.9998142287686437,28.614023188172435,77.20903515518576
3.54,0.029070681543146338,0.0036948115779144894,1.0061396214537248,28.614023888319853,77.20903533974494
3.56,-0.005293136664759121,0.040472124384592786,1.0362681539703085,28.614024585800365,77.20903553697254
3.58,0.05440338333179238,0.00013599689119995538,0.9931424227688487,28.614025281736154,77.20903574115812
3.6,0.012513346955300125,-0.0038007807000298892,1.0055669726928933,28.614025975911396,77.20903595297752
3.62,-0.01714315112832565,-0.007148908456208544,0.9898157327480173,28.61402667065137,77.20903616238061
3.64,-0.021417849961222247,-0.0036078336352481566,0.9830728056022605,28.614027368466044,77.2090363580684
3.66,0.009649448304863707,0.027456969493530603,0.9883018469316446,28.614028062792993,77.20903656924162
3.68,-0.004469255706517018,-0.04423723822659014,0.9904248285695663,28.61402875723308,77.20903677993155
3.7,0.01428000988184184,0.03066867402592651,1.0071895159509425,28.614029453038643,77.20903698469222
3.72,0.009464752491470897,-0.0284791430490029,1.0469815157340152,28.614030148088954,77.2090371927547
3.74,-0.0014565782531374555,-0.005333046584688296,0.9856791312744831,28.61403084096022,77.2090374100435
3.76,-0.0169358743613681,-0.008584888405973237,0.9916674938876907,28.614031533875433,77.20903762715037
3.78,-0.030296944493717292,0.011771065395414395,0.998737539737775,28.614032224297233,77.20903785433123
3.8,-0.008930299041340422,-0.03196248703767495,1.007915976974195,28.614032912518713,77.20903809001615
3.82,0.017127975886469447,0.009243453321638857,1.0052710162390956,28.61403360292731,77.20903831724907
3.84,0.004281874882604079,0.04048619246573705,1.0256819158789623,28.614034294664304,77.20903853917777
3.86,-0.02491477557423976,-0.02726348009185621,0.9514721585892958,28.614034984504105,77.20903876864134
3.88,0.00346361851702364,0.0037941233522079134,0.9522614025960865,28.614035679553687,77.20903897670699
3.9,0.007706347594576736,-0.013239643555932181,0.990082436559797,28.614036374875482,77.20903918358911
3.92,-0.01767714872402266,0.008517744123860716,1.021946003750874,28.614037072724614,77.2090393791174
3.94,0.0030745021189105583,0.0003829555483150412,0.968687039367888,28.61403777138381,77.20903957085518
3.96,0.0011641743689199979,-0.012829738180886192,0.9398473532061249,28.61403847054286,77.20903976021391
3.98,-0.022859405956612462,0.00975744569742148,1.0114235881243843,28.614039170292937,77.20903994671828
4.0,0.007155747206965666,0.036086962195734866,1.0048731444740542,28.614039870936534,77.20904012881772
4.02,0.011215690527364689,-0.0038180758345459738,0.9781958318640114,28.614040573291806,77.20904030214984
4.04,0.021661024863505542,0.014395158842963638,0.9802892079855814,28.6140412719755,77.20904049377177
4.06,0.02107604104069806,-0.025865459157423276,0.9806051256073065,28.614041967396133,77.20904070022235
4.08,-0.027553387359141823,-0.019128727536360177,1.0022107063494787,28.614042664875846,77.20904089745363
4.1,-0.018756500798302458,0.009448125557607547,0.9874736944763398,28.614043359529067,77.20904110722991
4.12,0.010300705344173195,0.0296823205707193,1.0098812783795104,28.61404405491238,77.20904131384356
4.14,0.010275719018244176,0.007112266975713199,0.9429074667419122,28.614044750060796,77.20904152148036
4.16,0.010300953726120958,-0.006261160610463087,0.982862962697444,28.614045445324404,77.20904172861609
4.18,0.07705462981309442,-1.4171891532918344e-05,0.977478920781779,28.61404614177254,77.20904193052218
4.2,0.01141781021386334,-0.02500815467939435,0.9948731864325502,28.61404683644316,77.20904214022369
4.22,0.02271131280361198,0.012090306527107336,0.9892390448301972,28.61404753088148,77.2090423509212
4.24,0.019080035269864046,0.017646661246468184,1.0159568755979154,28.61404822619336,77.20904255784656
4.26,0.01302782502611596,-0.009041806656661608,0.9628132645667988,28.61404892381583,77.20904275442163
4.28,-0.006305384892806912,-0.009400842955190029,1.000909829526615,28.614049622952468,77.20904294388772
4.3,0.015179384409865349,0.00531756459304097,1.011166728464234,28.614050324724847,77.20904312025685
4.32,-0.015456504290751436,-0.00873439472081191,1.037132948731239,28.614051026478297,77.20904329672369
4.34,-0.004736372134800178,-0.0013226522925164491,0.9903646805781305,28.61405173003526,77.20904346361215
4.36,-0.00970727095658207,0.04199443578333031,1.0064891720870504,28.614052433978802,77.2090436283717
4.38,0.0016374827877264511,-0.004940514014919933,0.9639227441487527,28.614053135874666,77.20904380410204
4.4,0.046293171333470176,-0.007166803040424444,0.9521608759137395,28.614053835869967,77.20904398940849
4.42,-0.03734530385183496,-0.012950836112703184,1.016895487515634,28.614054535917738,77.20904417445756
4.44,0.01372520380749027,0.014883839429998736,0.9998887941270386,28.61405523610671,77.20904435881211
4.46,-0.03225431742379303,-0.00362448346436206,1.0235702537959686,28.614055933129784,77.20904455812716
4.48,-0.00943863731578867,-0.01298746076642852,0.972531942220605,28.614056629232234,77.20904476157428
4.5,0.021779011939347323,0.026426080645460242,1.010398042790575,28.614057325916402,77.20904496242098
4.52,0.0012856003819092553,0.028392060090272744,1.0373763568108771,28.614058025043953,77.2090451519306
4.54,-0.021554895558586123,-0.012008471314774102,1.0083941121671454,28.61405872351082,77.20904534457551
4.56,-0.014306074185199365,-0.03733079902721233,1.005531630111821,28.61405942055116,77.2090455438122
4.58,0.013591954978693517,0.020150273796738442,1.000171121616487,28.614060118682367,77.2090457380295
4.6,-0.014607332634342734,-0.01369259651520008,0.9685823708574818,28.614060816314126,77.20904593456181
4.62,0.004329171791639498,0.015812511983255374,1.027111458714207,28.61406151456854,77.20904612820354
4.64,0.0009114367980762757,-0.03940207635423671,0.9877828472038986,28.61406221313461,77.20904632038115
4.66,-0.013032006952116343,0.017851946765986185,1.0100896651276603,28.614062915681185,77.20904649270436
4.68,0.04287888178650651,-0.024223438585615625,0.9687393138685749,28.614063618561534,77.20904666325225
4.7,0.012678380446360224,0.01461528238133049,0.9764108067098444,28.614064319957563,77.20904684155346
4.72,-0.04050285173315214,0.0002854613567286821,1.0287017479844447,28.614065022327903,77.20904701480637
4.74,0.003729086295388553,-0.019078788387932897,0.9930539542208432,28.614065724618257,77.20904718847953
4.76,-0.01323572929536776,-0.00814072625853561,1.029065509520851,28.61406642804107,77.20904735610019
4.78,0.01704866669592448,0.013726369139134015,0.9984353868188296,28.61406713092893,77.20904752660793
4.8,-0.015850414768654012,0.002117889062304685,0.9631620445408429,28.61406783413924,77.20904769538161
4.82,-0.0022947288293379805,0.011688259609449685,1.0178413519946343,28.6140685387101,77.20904785662421
4.84,0.010099745579609144,0.03952881169030971,0.9882021536448878,28.614069241332242,77.20904802854717
4.86,0.01731510388340243,-0.03128483223422103,1.013973776270341,28.614069942522097,77.20904820789757
4.88,-0.024005928141115525,0.03234425149937248,1.0005042173508016,28.614070644651516,77.20904838241304
4.9,-0.006690024716818968,0.0020871187504642587,0.9691376354411426,28.61407134600962,77.20904856090773
4.92,-0.009498906223219123,-0.017975680966462564,1.0032858953074113,28.614072046515506,77.2090487436934
4.94,-0.013066584651474238,-0.026606272514779795,1.043924462843056,28.61407274597631,77.2090489316006
4.96,0.03530908480562194,-0.00378240781554067,1.009859729170289,28.614073448131386,77.20904910598209
4.98,0.008099634219219111,0.018433002238489187,0.9988496449398907,28.614074148709967,77.20904928840588
5.0,-0.025217679086700903,-0.0025509824075506844,1.021506868039138,28.61407485018951,77.20904946628026
5.02,0.018357238941095522,0.03022309860494695,1.0042133693040622,28.61407555222331,77.20904964129421
5.04,0.04244312394025267,-0.02902351380103118,1.004190684605256,28.614076249960533,77.20904983734012
5.06,0.02064930521102294,-0.00024177895692109122,0.9781674965568179,28.61407694717505,77.20905003578444
5.08,-0.030387399319080268,-0.02504786888826238,1.004676960515792,28.614077645057364,77.20905023115907
5.1,-0.009684681457325027,0.007272637652499358,1.020708868328339,28.614078346552034,77.20905040895603
5.12,0.025338222983732454,0.017737747801946008,0.9832787569579995,28.614079045809863,77.20905059784096
5.14,-0.014153389312375616,-0.008415235873621066,1.028489916424939,28.61407974723492,77.20905077599393
5.16,0.008876388562924569,-0.05208427713254268,0.9981658795170975,28.614080450193963,77.20905094612048
5.18,0.015492681068586736,0.003978962935929891,0.9822446097692292,28.614081153644015,77.20905111359276
5.2,-0.01853860943156166,0.008734771034670191,1.0199526415384048,28.61408185494119,77.20905129239785
5.22,-0.0011905071212360016,0.008085895099233954,0.9942641152852346,28.614082555003684,77.20905147737467
5.24,-0.06482534680138145,0.024715643836443084,1.0151902977497222,28.61408325532161,77.20905166109259
5.26,-0.020487752826685798,-0.02142107359298098,0.9941648273548293,28.614083955138994,77.20905184726902
5.28,-0.005051363027863206,0.013604322109008988,0.9988034771294019,28.61408465592502,77.20905202865598
5.3,-0.02495566363929699,0.0238501502495595,1.0098712040866857,28.614085356487987,77.20905221115758
5.32,0.03264822607863271,-0.03557175168013034,1.0058179411518,28.61408605693327,77.2090523942444
5.34,-0.028602827559212653,0.0063930365183795445,0.9600893643909653,28.614086755788648,77.20905258505228
5.36,-0.008800889733939676,-0.01008359662015343,0.9775751251981122,28.614087452991306,77.20905278355067
5.38,0.002614811545721827,-0.0016304534620329178,1.0185881996958164,28.614088149324683,77.20905298596982
5.4,0.02882546578132231,0.006953529670766727,0.997357268221969,28.614088846297367,77.20905318551345
5.42,-0.028717243023588787,-0.009744571282271046,0.9895253739445715,28.61408954195142,77.20905339094118
5.44,0.02326327504309919,-0.013514161583232237,0.9728285196948505,28.61409023777103,77.20905359564001
5.46,0.000204661220391741,0.000683048349760492,0.978405273574483,28.61409093549406,77.2090537917515
5.48,-0.01963017302095902,-0.021744918777256053,0.9595640272007611,28.61409163390571,77.20905398465608
5.5,0.009242069485265415,-0.02171650257770371,0.9979743856259693,28.614092332173968,77.20905417823307
5.52,0.003981193911469401,0.013587465659130066,0.9880312483883791,28.614093028866552,77.20905437904196
5.54,-0.012004337543175893,-0.02297588070317312,0.9806682421802937,28.614093725881492,77.20905457839399
5.56,0.0013960416998003782,0.013326250018184238,0.9986375314966409,28.61409442496157,77.20905476813078
5.58,-0.007706271937235204,0.009251825857079024,1.0072794126170548,28.614095123947028,77.2090549583194
5.6,0.0022703469050249607,-0.03451613457581194,1.041863958644199,28.61409582274261,77.20905514941127
5.62,0.013242613490420933,-0.013551293046713103,0.9697623316087357,28.614096521225235,77.20905534198211
5.64,0.03172033632290704,0.02388218806094745,1.0231876208660104,28.614097218123277,77.20905554186376
5.66,-0.02475630997653698,-0.019623310622793634,1.0194620312203015,28.614097913197277,77.20905574982368
5.68,0.04266066749312533,-0.009288085246187752,0.984418145212466,28.614098609343795,77.20905595307512
5.7,-0.03904175599045004,0.00924121786503793,1.0040647190917207,28.614099306576463,77.20905615143673
5.72,-0.0030357019007116667,0.015667810185651908,0.9908473350132477,28.614100005582724,77.20905634152611
5.74,0.011766344129691532,-0.005030777720889914,1.0037137716083748,28.614100703405793,77.20905653717517
5.76,0.005619837354700653,-0.011950203893832832,1.030182620268091,28.614101398667312,77.20905674432011
5.78,-0.012453990396411875,0.028447397233970155,1.0121121246526263,28.614102094498342,77.2090569489686
5.8,-0.0041624450071455045,0.03477799327595158,1.0101721674646689,28.61410279076108,77.20905715170281
5.82,-0.009860018693176657,0.01957716101563591,0.9913938136009072,28.614103484338536,77.20905736604833
5.84,-0.01178729513888423,0.0017063628513004812,0.9703188667015132,28.61410417695584,77.20905758438536
5.86,0.016992041940420494,-0.016165314432818528,0.9958306357891918,28.614104868730422,77.20905780616212
5.88,0.007140309719300947,-0.016608888131131306,1.0241321630972784,28.61410556277449,77.20905801853873
5.9,-0.013858191905213084,0.010450282105315149,0.9694566428682071,28.614106255537173,77.20905823627645
5.92,0.017991997508665016,0.008367964417773675,0.9788982126364661,28.614106950045922,77.20905844667266
5.94,0.006145990417532186,0.028031971858928587,1.0025253547246813,28.6141076466045,77.20905864808391
5.96,0.016257242376779203,0.013009001850722783,0.9803069043030548,28.614108343772017,77.20905884674244
5.98,0.012592576838472244,-0.03006160603519636,0.9841495310576958,28.614109041949163,77.20905904074543
6.0,-0.016579900218441447,0.021038952354458372,0.9915280283654364,28.614109740502,77.20905923298554
6.02,-0.011203620803939392,-0.01996121254628826,0.972687651916197,28.61411044141404,77.20905941373961
6.04,0.014945872102465237,-0.007679425439047032,0.9805175630756726,28.61411114077246,77.20905960214071
6.06,0.012207405308669298,0.00500400412503389,1.0140685583357463,28.614111838221366,77.20905979951345
6.08,-0.00041803187928296265,0.03991334979567929,0.9738526043553807,28.61411253891191,77.20905998137845
6.1,0.00234654766617564,0.06219837112010722,0.9680425573101032,28.614113238006805,77.20906017104443
6.12,0.0255532979157685,0.012134461182723655,0.9873995004093221,28.61411393842826,77.20906035424954
6.14,-0.0118314277767166,-0.0036639323744077574,1.014639110050197,28.614114637445745,77.20906054428539
6.16,0.010941947623400759,0.010690112969611006,0.9960615638400622,28.614115336577253,77.20906073377618
6.18,-0.004043853048677881,0.01775310851747672,0.9907083784376877,28.614116035660864,77.20906092349612
6.2,-0.004353624064544406,-0.006413352511143834,1.0008871759503122,28.614116735051553,77.20906111174173
6.22,0.021975537039743802,0.035904227118246444,0.965085851342807,28.61411743238782,77.20906130963024
6.24,0.016508326979760596,0.0046014151838280415,1.0098941130755006,28.614118131823858,77.20906149765709
6.26,0.01627019272001277,0.009954861781827886,1.007668700628073,28.61411883024367,77.20906169052337
6.28,0.026109576143086583,0.013318485041089227,0.9918138305180856,28.614119526756493,77.20906189213984
6.3,0.000420076832655181,0.008431732212289114,1.0201184902359284,28.614120221983594,77.20906209943466
6.32,0.013639059425899278,0.016778810009392246,0.9774500780209392,28.61412091279281,77.20906232508231
6.34,-0.006205335131869121,-0.012345063730938464,1.0225581798650714,28.61412160464014,77.20906254656445
6.36,0.006483327049768842,-0.011166035078920611,1.0030898733119051,28.614122294594495,77.20906277558086
6.38,-0.0026028610873536917,-0.0220030846594339,0.9932689482024365,28.614122984761753,77.20906300376333
6.4,0.0019399192998543638,0.008790024612404529,0.9996025272926338,28.6141236724059,77.2090632416251
6.42,0.011903140508738273,0.015578730070242281,0.9978547046837811,28.6141243600661,77.20906347942663
6.44,-0.01636441366466945,0.009155457323037715,1.0244056579283543,28.614125048530845,77.20906371418803
6.46,0.041847745513709206,0.03348984866695075,0.9784664174505797,28.614125734245277,77.20906395917198
6.48,-0.02012034762999404,-0.0001119203765809311,0.984749615217068,28.61412642100859,77.20906420031332
6.5,-0.024283772255754645,0.013374833111850254,1.0207260578414497,28.61412711069386,77.20906443037906
6.52,0.023162217470001356,-0.021834017522786287,0.9880893012963228,28.614127801413776,77.20906465638119
6.54,0.015833253879258716,-0.007741994049488021,1.0180106615466318,28.61412849089231,77.20906488724961
6.56,0.012482396341043103,0.01391075515131555,1.0339887196601742,28.614129177482866,77.20906512902845
6.58,0.012566910185285598,0.01698204221486288,0.9919640994611674,28.614129863837128,77.20906537167629
6.6,-0.0002449354569382925,-0.005879338953283645,1.0136272465315062,28.614130547323924,77.20906562460901
6.62,-0.017945087429716632,-0.0014319850371613365,0.9769261543732028,28.614131233763292,77.20906586694427
6.64,0.0015160911638745268,-0.03035747493361619,1.0150946659613562,28.6141319211389,77.2090661058111
6.66,-0.013543234230242234,-0.007140584016132188,1.0039884797197354,28.614132609116766,77.20906634241739
6.68,0.019502394668355023,0.017807663270395725,1.0094607656432042,28.61413329733213,77.20906657812571
6.7,-0.002941147630042773,0.011504100322131325,0.9870885585592921,28.614133985373243,77.20906681449323
6.72,-0.01650994393585023,0.010013314427624194,0.9667783316886566,28.614134671964315,77.20906705627019
6.74,-0.006427716833059869,0.0009954737436192016,1.01006504129499,28.614135359492682,77.20906729456587
6.76,0.008258629085512486,0.00014126317256352904,0.9587319369504109,28.61413604672955,77.20906753395018
6.78,-0.011274491056079495,-0.013206422789468942,0.9936529901551493,28.61413673406117,77.20906777298121
6.8,-0.01644440791132863,0.013976568404050696,1.0188236373283994,28.61413742330616,77.20906800475278
6.82,0.004873744229838246,0.008419458887787796,1.0038379547174607,28.614138112781976,77.20906823563175
6.84,0.004899331422174456,0.009840376959855986,1.0389668528957963,28.61413880254825,77.20906846538219
6.86,-0.010138863507422595,-0.010520696853351608,1.0205021830516354,28.614139492646537,77.20906869383522
6.88,-0.009420766112366455,-0.04306685839742489,0.9869220322334885,28.614140182681094,77.20906892253791
6.9,0.004640998747152726,0.021943054235073915,1.0005462675970287,28.614140872563524,77.20906915183535
6.92,-0.028961686829946483,-0.009576749120168083,0.9990525859491113,28.61414156330968,77.20906937773341
6.94,-0.028149275487531104,-0.017255515280862412,0.9683564647330775,28.614142251476068,77.20906961362724
6.96,-0.01436888442504872,0.013869578238279874,0.9811920216703129,28.614142942017136,77.20906984033748
6.98,-0.004268943034236945,-0.007840252798382592,0.9887847818604028,28.614143633975125,77.20907006137062
7.0,0.006218151311960092,0.021198727680932436,0.9592755899428813,28.61414432027228,77.209070304228
7.02,0.02950712433899104,0.012340118991533951,1.000949869365033,28.614145008745382,77.20907053895765
7.04,0.017153192464040387,0.013671386464009552,0.9950185631069391,28.61414569994487,77.20907076304917
7.06,-0.0031987705992685424,-0.027319114224010687,0.9665421219737685,28.61414638968085,77.2090709929176
7.08,-0.00038032415805377664,0.02423887970772801,1.0080842573055466,28.614147083459237,77.20907120641775
7.1,-0.02005058729275618,0.005225010624677121,1.0143174548938192,28.614147777676664,77.20907141805793
7.12,-0.0003702627198477986,-0.007385542784924063,1.0045406895772977,28.614148467747814,77.20907164661732
7.14,-0.005773172778402767,0.0028677693468450215,0.9935186364958206,28.614149160836313,77.20907186300549
7.16,0.0064543712067617895,-0.0355247046579664,1.011828843035037,28.61414985755337,77.20907206370427
7.18,-0.01654461887104646,0.008173056229613417,1.0136044072095338,28.61415055683339,77.20907225248268
7.2,0.010386930284823445,-0.02058743016364143,1.0061480713943938,28.614151254596432,77.20907244840944
7.22,0.030654778260051554,-0.02705340571687069,0.9835077549913048,28.614151950380794,77.20907265326382
7.24,-0.002175202969137152,-0.030447183724357823,1.0055320153102236,28.614152647077823,77.2090728540528
7.26,0.00803423444197883,0.022253767499798505,1.0239096130165095,28.61415334255433,77.20907306025923
7.28,0.01380287983422225,-0.012585267873855775,0.9880674188277654,28.614154035447054,77.20907327745948
7.3,-0.008024409437716725,0.030674554198329984,1.0419587867826485,28.614154724821308,77.20907350873169
7.32,0.004481849636208336,-0.010716029261045956,0.9894873813202923,28.61415541469359,77.20907373806877
7.34,0.0002518480156358972,-0.03414715915185894,1.0006481402668028,28.614156109016253,77.20907394926053
7.36,0.0019535219709766343,-0.022330488798973182,0.9865502880798733,28.614156804837396,77.20907415395274
7.38,-0.01546019567710933,0.024716232400138774,1.0044654167184053,28.614157501419133,77.20907435526013
7.4,0.0004902034851788543,-0.0031179635587333505,0.9651555661472945,28.61415819845613,77.20907455451217
7.42,0.009959965824908995,-0.010965745929812018,0.9890791640236656,28.614158895820495,77.20907475227223
7.44,0.029022872155900836,0.003200364517055754,0.9781575759930287,28.614159591198774,77.20907495890809
7.46,0.01918541652170414,0.0100356547233509,1.0027067669578458,28.614160284208854,77.20907517562195
7.48,0.04306364915023113,0.022347976318049217,1.0198889475101782,28.614160977544515,77.20907539098026
7.5,-0.01534695125776099,0.028969984597858524,1.0129201237422911,28.61416166876164,77.20907561500121
7.52,0.017446412734413563,-0.007195372915781715,0.9525668127828222,28.614162359270967,77.20907584183689
7.54,0.003666840114767035,-0.026520953721640764,1.0408413930585576,28.6141630496517,77.20907606917993
7.56,0.043796058664353446,-0.00826930322246552,1.0059055988124173,28.614163738194843,77.20907630364287
7.58,-0.01616596570710303,0.005205610131657723,0.98447001719014,28.61416442658909,77.20907653867246
7.6,-0.01679443684361552,-0.01927517852421222,1.0031425583798188,28.61416511059213,77.20907678978787
7.62,-0.011987852908880443,-0.019143018297900858,1.0035237964500539,28.614165797695208,77.20907702967007
7.64,-0.04247791448619614,0.006875757630997709,0.9866630256609688,28.614166485874033,77.20907726551687
7.66,-0.010515100433615221,-0.000973047031409023,1.0039583333468416,28.614167174314254,77.20907750037166
7.68,-0.01518265323107396,0.0006559399082317302,0.9878505542475938,28.614167861841807,77.20907773867046
7.7,0.0030078757295241526,-0.01516990669400139,0.9919127601461996,28.614168546661666,77.20907798688027
7.72,0.006835119515543189,-0.004608014284115346,0.9862744172848983,28.614169231534667,77.20907823489975
7.74,0.037523416784317726,-0.01848466288536609,0.971346574205207,28.614169919434886,77.20907847179889
7.76,0.019008476763721006,0.017803968222495737,1.0029167294043078,28.614170605558574,77.20907871529153
7.78,-0.011538073113248061,0.020704986694475052,1.0117059887303268,28.614171290048972,77.2090789646778
7.8,-0.01796829342696716,-0.03692375724476188,1.0102976719215275,28.614171978661314,77.2090791988769
7.82,0.009838383430130115,-0.0185902172038482,1.0163985050527047,28.614172667281476,77.20907943304617
7.84,-0.026404664140412842,-0.02993058510180158,1.0064868042002975,28.614173359083278,77.20907965471287
7.86,0.03662917531708708,-0.013000478688137964,0.989345490035662,28.614174052163158,77.20907987113692
7.88,0.02358880241442574,-0.0016687593958072172,1.0167932772886237,28.614174746930022,77.20908008042451
7.9,-0.009383513042094097,-0.028992904393970603,0.9728496492031613,28.614175440187324,77.20908029610995
7.92,-0.03426269058181755,-0.018437196262506263,0.9819865723497504,28.614176133222944,77.20908051271785
7.94,0.02707744748330826,-0.02007914744162997,0.9807159985715351,28.614176828645807,77.20908071915895
7.96,-0.0022907969050523576,0.004145346587978879,1.0216011211827862,28.61417752244684,77.20908093256364
7.98,0.024756326239469235,0.0013868867407250086,1.0188557702828016,28.614178218862566,77.209081134615
8.0,-0.03188855317588734,-0.014434751066745067,1.0097461047409,28.614178914688964,77.20908133928408
8.02,-0.011987500459075458,0.0035364174427879595,1.021438597304236,28.61417961195484,77.20908153749431
8.04,0.00010487399436366332,-0.010933601691745308,0.9824143443517602,28.614180309852333,77.20908173279875
8.06,0.0009396118752948411,-0.005433102206521065,1.0069719023972197,28.614181006876382,77.20908193210961
8.08,-0.009001309429584874,0.03346904180597074,0.9974965114323368,28.61418170297859,77.20908213555805
8.1,0.012456998646949975,0.02680922103580696,1.0169376420776983,28.614182396630827,77.20908234958948
8.12,-0.02135240858765189,-0.025991624738551954,0.9976955153489561,28.614183090437376,77.2090825629709
8.14,-0.00284758970042587,0.01659464835758349,0.9923011422317983,28.614183783666626,77.20908277877332
8.16,0.0024059126342379773,0.01622793108983184,1.0108181703712198,28.614184477718503,77.20908299111697
8.18,0.01028877668117498,-0.022965265775052365,1.0175233833438246,28.614185171429984,77.2090832048991
8.2,0.014232297561777796,0.01637555287509721,0.9866330961030639,28.614185864309977,77.20908342215209
8.22,-0.022492841836757385,0.030758638368251056,0.9987784865729524,28.61418655737713,77.20908363862904
8.24,-0.030682283414712446,-0.022450896124888278,0.9788311873271669,28.61418725375916,77.20908384083107
8.26,0.025553536437970183,-0.018350056420285272,0.9500387796501412,28.61418794954898,77.20908404566144
8.28,0.006646280239591833,0.02035322933687005,1.0040091926282746,28.614188644678652,77.20908425337994
8.3,-0.014969730731131073,0.0054299062165129594,1.0121781071250926,28.61418934103252,77.20908445570778
8.32,0.03102303951045046,0.011029525504790465,1.0052413361817345,28.614190039610172,77.20908464783099
8.34,0.0023134926858571735,0.006811784328009936,0.9610087656449127,28.614190735622643,77.20908485167745
8.36,0.02358594368127653,0.007813918418562884,0.9929830113984706,28.614191430747272,77.20908505941784
8.38,0.001350369628202179,-0.02652944256622166,0.9556330447989784,28.614192126287847,77.20908526534375
8.4,0.041214958497639745,0.020946354132428967,1.0273940221530837,28.614192823838888,77.20908546224771
8.42,0.03510681684886409,0.02339179984855547,0.9782789083576383,28.614193522786906,77.20908565261496
8.44,-0.0049792829695814705,-0.004587814881360556,1.0251080721891979,28.614194219498845,77.20908585333689
8.46,0.01943141901908711,-0.0008695389962772486,1.018917392873683,28.614194915967555,77.20908605515116
8.48,0.01290751899170295,-0.030622150051114443,0.9819881929492787,28.614195613401154,77.20908625259423
8.5,0.027372631150646975,0.010285095120356698,0.9773443009746451,28.614196309942262,77.20908645408403
8.52,-0.01929846921160209,0.011441148834282882,1.0070074043277268,28.614197007900767,77.20908664910537
8.54,0.013721029199968787,-0.00124382033998622,0.9831135192563386,28.614197703211286,77.20908685603698
8.56,0.021168489736991754,0.022487067197410053,1.0020496928431641,28.614198396000788,77.20908707366415
8.58,-0.03517478972846229,-0.006681544619598811,0.9903434481838617,28.614199089674123,77.20908728760688
8.6,-0.023665170253315503,0.011292118517872006,0.9643768317106873,28.614199784514465,77.20908749657777
8.62,-0.04078464355520201,-0.020393286773842313,0.9553906396175108,28.614200483919042,77.20908768475655
8.64,-0.005388136688891155,-0.0004710430174847624,1.004533684969892,28.614201185694274,77.2090878611112
8.66,0.014350845115919247,-0.003487085158056717,0.9887688450733875,28.614201889480196,77.20908802674246
8.68,0.030047141041920564,0.004506158440818832,0.9889382036617174,28.614202593068903,77.2090881934574
8.7,0.0014818956083955037,-0.007390538576667172,1.0139172767818756,28.61420329713132,77.20908835755678
8.72,0.03257231091142584,-0.002629451913433356,1.0234688455326488,28.61420400306801,77.2090885108518
8.74,-0.02760202916429783,0.016520943428830127,0.9945491055727638,28.61420470938028,77.20908866188523
8.76,-0.0340676487871031,-0.008735284744764349,0.9931880258618028,28.614205415013526,77.20908881698256
8.78,-0.0011109539779323755,-0.032131542014773584,1.0100028606622777,28.61420611991827,77.20908897632052
8.8,0.007681308978786145,0.03499167808410841,0.9728612886060085,28.614206827352866,77.20908912037673
8.82,-0.0006538949618818623,0.027629081573809732,1.0044630610949539,28.614207534949088,77.2090892633992
8.84,-0.04134884200079753,-0.025845253902112373,1.011037719436443,28.614208244214396,77.20908939525803
8.86,-0.0017824007902557681,0.013794156104903888,1.0136046041683526,28.614208952407093,77.20908953439687
8.88,-0.026089390010097066,-0.010059495411026862,0.9612649459499507,28.614209659620233,77.20908967985724
8.9,0.01339345097660077,0.005269744306621192,0.9847728946038212,28.61421036795157,77.20908981807729
8.92,0.007331964921936966,0.005884482580269875,0.9824347349435306,28.614211077191623,77.20908995011227
8.94,-0.018797595726547104,-0.00468815600632644,1.0019977390881842,28.614211786958776,77.20909007841921
8.96,-0.010277338346733871,-0.01567531331172793,1.0096148915953598,28.614212499083077,77.20909018848094
8.98,-0.021184270437779033,-0.013810821046325188,1.0299342081489196,28.61421321087875,77.20909030126742
9.0,-0.0012535819454634375,-0.01832383830962485,0.9901006903926386,28.614213922941918,77.2090904118412
9.02,0.019102846410024767,-0.016636444164608896,0.9900485500338158,28.614214634029853,77.20909053027904
9.04,-0.019714520926710874,-0.0013435658009871051,1.022993440377575,28.614215346216913,77.20909063981257
9.06,0.010080930310356888,-0.014315199782215036,1.005931538770606,28.614216058985637,77.20909074432127
9.08,-0.010605152367448816,0.013641041314252398,1.0253530302237595,28.614216773055578,77.20909083658657
9.1,-0.015857456645246883,0.029744923106718547,1.0057745600601968,28.614217487902934,77.20909092067828
9.12,-0.0021406071990911564,-0.01160106482740086,0.9768576676257346,28.61421820357289,77.20909099513942
9.14,-0.020704846448387482,0.004788090010707542,0.9733374329044439,28.614218918556325,77.20909107771631
9.16,-0.011072986106943641,0.009993702206058677,0.9689697550188214,28.614219634028505,77.20909115460418
9.18,-0.02395755785177697,0.009440045418385487,1.0132410366951694,28.614220349416318,77.20909123250405
9.2,0.03929450265832778,0.0015191053583217481,1.0237719364617401,28.61422106505933,77.20909130730045
9.22,0.0007052710394345722,0.014853648367194447,1.0369872428277276,28.6142217814782,77.2090913717423
9.24,-0.013994510159851712,0.009644979053613145,1.0168621066464647,28.614222497991268,77.20909143481057
9.26,0.00427959821468444,-0.02475324844654596,1.0232567715506997,28.614223214159782,77.20909150276756
9.28,-0.0022465609938165966,0.017383121287785464,0.9883996733469264,28.61422393099656,77.20909156086684
9.3,-0.00441939199066446,0.017745816745334844,0.9768716836651229,28.6142246473972,77.2090916255711
9.32,0.012283334000868505,-0.015265722083571631,1.017001586648351,28.61422536425463,77.20909168333878
9.34,0.015150154200946103,0.0007587567089520406,1.008353615044788,28.61422608134863,77.2090917371618
9.36,-0.01061002295221055,0.013666579856221389,1.0021488874868179,28.61422679818179,77.20909179531898
9.38,-0.0115163648128936,-0.0041862763915872315,1.0077474296126598,28.61422751533788,77.20909184805754
9.4,-0.005501033943032881,0.021459560955320235,1.0064637096491642,28.614228232476524,77.20909190110305
9.42,-0.046038423294711694,0.04727744989238722,1.0256763371970712,28.61422894975816,77.20909195157756
9.44,-0.030303821243971046,-0.015719720652699647,1.025899711696339,28.614229666981874,77.20909200310906
9.46,0.027337485348890495,-0.027620892063075497,1.010884407046807,28.614230385079228,77.20909203517692
9.48,0.032899354270025674,0.006076371912097514,1.0169160574512586,28.614231103571434,77.20909205227336
9.5,-0.004980720791127566,0.01443125010252287,1.0102812510484955,28.614231821957564,77.20909207441085
9.52,0.011531139261115328,-0.004617327476895379,0.9907766053593077,28.614232540103494,77.2090921050346
9.54,0.006225003090870722,0.029065213266420687,1.0151312934982628,28.614233258464424,77.20909212820887
9.56,0.06157761616910475,-0.026772115994464975,0.9721100986228147,28.61423397687286,77.20909214938617
9.58,0.022391498228691537,0.013858372460632222,1.0210778310459176,28.614234695223388,77.20909217297523
9.6,-0.002558351829615331,-0.012117216415177868,0.9761095412046793,28.614235413413102,77.20909220223623
9.62,-0.019110808812008516,0.034387558124145935,1.0057160657358946,28.614236131976,77.20909221490372
9.64,-0.03212892640515145,0.039850307063362365,0.9830969208314768,28.61423685060922,77.20909222031825
9.66,0.004069272717344462,-0.015333131755666958,1.0110677796614886,28.614237569254275,77.20909222301022
9.68,-0.015127014905686067,-0.010991142718171603,0.9993214954814418,28.614238287864946,77.20909223145817
9.7,-0.028445074191953485,0.01719175773959604,0.9681048808367334,28.61423900606608,77.20909226035327
9.72,-0.01293145768485053,-0.0077426129957902925,1.0084139926203697,28.61423972432318,77.20909228738293
9.74,-0.0216309600722879,-0.0009082243586447644,0.9884415844633457,28.614240442843034,77.20909230289858
9.76,0.03374283270145129,0.0005077684108482037,1.0176229344162673,28.61424116130228,77.2090923217066
9.78,0.01763279513898901,-0.03839346312395313,1.0000265137746882,28.61424187948074,77.20909235132393
9.8,-0.00015945282633234744,-0.000276754921884745,1.0079084197077608,28.614242597630696,77.2090923818249
9.82,0.02959888277780052,-0.013794555481283477,0.9808486208996957,28.614243315993896,77.20909240490775
9.84,0.0015473661529523662,-0.00986245644799544,0.9882133553714527,28.61424403413001,77.20909243582877
9.86,-0.017225684026565272,0.028872640069376284,0.9908272272779783,28.6142447520702,77.20909247217719
9.88,0.030462481545393147,-0.025130137885585126,1.017134049604851,28.614245470300002,77.20909250013229
9.9,0.010778200873693173,0.016264103734959547,1.0335475417561097,28.614246188430975,77.20909253120783
9.92,-0.02074492308652913,-0.00557925860663617,0.9838965649651424,28.614246906254188,77.20909257043976
9.94,-0.003806773561672164,-0.005595203369916688,1.0215369628931537,28.61424762362023,77.20909261933296
9.96,-0.017512365067695143,0.015807437921034225,0.956606451645486,28.614248341014633,77.20909266768315
9.98,-0.027655994619286722,0.006801025891377809,0.9761162119781542,28.614249058556425,77.20909271310678
10.0,0.01852355095063283,0.011412259944390619,0.9808244308762645,28.614249775554807,77.20909276855815
10.02,0.03818833280940261,0.019363693210657222,0.9729498262111855,28.614250493089763,77.20909281412166
10.04,-0.027971351476382824,-0.006626167663666455,0.9683282322042484,28.614251210442394,77.20909286326952
10.06,0.011259384733811417,-0.012244734690155006,1.008259978242756,28.614251928318783,77.20909290121784
10.08,-0.01301285138243654,-0.02170301053115596,0.9957186460454428,28.614252645799525,77.209092947876
10.1,-0.00974250767529392,-0.016508210599579104,1.0075881079521023,28.614253363383572,77.209092992425
10.12,-0.011847878484777384,0.05898188850617451,1.0138094537224303,28.614254080413776,77.20909304733979
10.14,-0.017279815393596323,0.024893591614735734,1.0053123398634507,28.614254797198427,77.20909310626772
10.16,0.0009704325588965399,-0.027021487324160428,1.0131552635230074,28.614255514562217,77.20909315520377
10.18,-0.016619002328220757,-0.026449159134871402,0.9986093542751546,28.614256231241225,77.2090932157761
10.2,0.005409136515596776,0.00963732123436983,0.9762601322338851,28.614256947009174,77.20909328900483
10.22,-0.0010047621889827392,0.010945295947559339,1.0211562836164159,28.614257662182094,77.20909336942435
10.24,-0.004778960937328195,0.010977676706347288,0.9882177573443774,28.61425837787193,77.20909344363714
10.26,-0.018151273240831958,-0.005099115871073957,0.9812880740247515,28.61425909375778,77.20909351535478
10.28,-0.011535426611366655,-0.0025090852000580043,0.996441642483912,28.614259809551314,77.20909358825828
10.3,0.015107824516515121,0.006557590483187148,0.9817437816140697,28.61426052577749,77.20909365542211
10.32,0.010018343752487615,0.0017178601258666082,0.9916513923602114,28.614261240903332,77.20909373638307
10.34,-0.019551104895971023,-0.0443860074549507,1.0068810784312694,28.614261955925855,77.20909381851966
10.36,0.0019866461085845176,-0.004595992611503876,1.0069668347849225,28.614262672636123,77.20909387861008
10.38,0.015027742467435781,-0.017028128685206274,0.9820433986714874,28.614263389163252,77.20909394147073
10.4,-0.03338810562242744,0.003504228378170241,0.9902458925410251,28.61426410587816,77.20909400148928
10.42,0.010867203847598702,0.0597051800520682,1.021486660095405,28.614264822632347,77.20909406089609
10.44,-0.013252475178916935,0.007349633309486088,1.0099280023546788,28.6142655395739,77.20909411729282
10.46,0.011411973371863187,-0.006270593723447958,1.041501300786971,28.614266256092552,77.2090941802787
10.48,-0.015265183130850337,0.018436030039545043,1.0236025634748305,28.614266971947195,77.20909425239941
10.5,-0.03609764201329038,0.009653757744184253,1.0228858613711989,28.614267687619762,77.209094326828
10.52,-0.03255084875766325,0.008401889809036826,0.972242628990884,28.61426840350991,77.20909439848994
10.54,0.0009616989332276399,0.01213701186431342,1.0152772070326685,28.614269119426,77.20909446981479
10.56,0.005194450034429638,0.04113087129659083,0.9989378639660618,28.614269835329807,77.20909454129946
10.58,-0.018086332502088173,-0.022617768706518313,0.988980363929235,28.614270551714114,77.20909460623804
10.6,0.01277184917554748,0.00947264153622909,1.0033603068106505,28.614271267756386,77.20909467589988
10.62,-0.033230401245379196,-0.01852762259963077,1.0189042306922296,28.614271983509752,77.20909474931337
10.64,-0.0013215959729463314,0.011110252926844966,1.0100166318200843,28.614272698185466,77.20909483527741
10.66,-0.024220323995249135,-0.01837373022972189,0.9824305239731588,28.614273411857546,77.20909493145432
10.68,-0.013036722156043184,-0.008347336272101687,1.0148491782718525,28.61427412609176,77.20909502205471
10.7,0.0009479734263282804,-0.005901798284758127,0.9872482491584808,28.614274839649532,77.20909511932597
10.72,-0.017208267305679047,0.01951633438689418,1.0043336623792858,28.614275553987056,77.20909520886326
10.74,-0.007691110884596507,0.018369088878848278,0.9939329986504574,28.61427626776027,77.20909530406131
10.76,0.02012585618428881,-0.02491434752892769,0.9956226749652874,28.614276981955697,77.20909539505762
10.78,-0.011537837390462975,0.0010986822199969745,1.0153248595008102,28.61427769693112,77.20909547772452
10.8,0.01671384224130284,-0.014191597094983452,0.9791961256036821,28.614278411700507,77.20909556267192
10.82,-0.02259413709315236,-0.02517009821350669,1.0389039014855386,28.614279128208512,77.20909562581483
10.84,0.010596083558305656,-0.004340341008487409,0.96357827861411,28.61427984557721,77.2090956746574
10.86,0.02883137241315801,-0.006169655769116394,0.9880466463349029,28.614280563020884,77.20909572204948
10.88,-0.04943289000254579,0.04853432972691045,1.0074042377988348,28.614281280430014,77.20909577011531
10.9,-0.015937905109409536,0.008659196507213923,1.0116862833287061,28.614281997990087,77.20909581516267
10.92,0.011541442543610801,-0.027552350015084746,0.9979904855885658,28.614282716085228,77.20909584729473
10.94,-0.0040609077208598535,-0.011295480083418845,0.9988521859399692,28.614283434387055,77.20909587273542
10.96,0.007422917467426177,0.02042766590858797,1.0082110017065524,28.614284152596017,77.20909590137693
10.98,-0.012079703734316412,0.0417688554573985,0.9953786104508464,28.614284870646546,77.20909593477766
11.0,0.0017317957494579984,-0.031719666244759165,1.0278636251586981,28.614285588701822,77.20909596804572
11.02,-0.00311354470784159,-0.0375984877027809,1.016786982284632,28.614286306371206,77.20909601077373
11.04,0.023355641233196146,0.03741930350743564,1.0174564870201126,28.61428702388586,77.2090960567502
11.06,0.005088416866024263,0.0077922835474180776,0.9806768655325917,28.614287741682155,77.20909609661616
11.08,0.006752053241504043,-0.01736585463752733,0.998412231511886,28.61428845957379,77.20909613418843
11.1,-0.008237539322449347,0.010692581722448706,0.993990681025586,28.61428917785748,77.20909616028513
11.12,-0.00975212448144987,-0.05271495478033755,0.9798879724862107,28.614289896165523,77.209096185497
11.14,-0.008651163756392419,6.751013194321998e-05,1.0072032836789153,28.61429061418302,77.20909621980684
11.16,0.007889042847565936,0.006556423456861705,0.9892470848444037,28.614291331977252,77.20909625972092
11.18,-0.00841968961640526,0.018485402790756597,1.0131080765970046,28.614292049209705,77.20909631109438
11.2,0.005795497137928258,-0.020277919045850756,0.9785961687421134,28.614292766575463,77.20909635999297
11.22,0.04150801597290878,0.0017137432280671808,1.0343808122568363,28.614293483298418,77.20909641988675
11.24,0.01742249406863385,-0.018508492521191747,0.9820733468281587,28.61429420012167,77.20909647820221
11.26,-0.006520470643356823,0.005107675113486342,1.0043860467440087,28.614294916113984,77.20909654852721
11.28,0.024024278443278896,-0.017906926447260482,1.0158371862077613,28.614295632119774,77.20909661867395
11.3,-0.008161507460431029,-0.008162016783204412,0.9885871913959977,28.614296347672155,77.20909669458723
11.32,-0.04076249070355708,-0.01991630789580458,1.017049372868659,28.614297062163686,77.20909678251556
11.34,-0.02016172621834808,0.01302272483647314,0.9754163280439917,28.614297776803184,77.20909686886941
11.36,-0.037415838420517114,0.017169022333133305,1.0290423539836513,28.614298491275424,77.2090969570009
11.38,-0.007030269680826174,-0.004692411399148276,1.0002829852993151,28.61429920469119,77.20909705561452
11.4,0.000368367583791034,0.0007647598992005668,0.9880717718406224,28.614299918221462,77.20909715314718
11.42,0.033528746245505656,-0.028971828292670882,0.9940163645514513,28.61430063282041,77.20909723993539
11.44,0.006538547475283253,-0.005993532960135741,1.0161783853878543,28.614301345622682,77.20909734414685
11.46,-0.004382010576177285,-0.0010040923408348957,0.9883108941629912,28.614302058846846,77.20909744454282
11.48,0.016588111623669785,0.0524158618205995,0.9850128462115445,28.61430277193019,77.20909754622848
11.5,-0.0442227061801577,-0.022239340515483274,0.9955692680483252,28.61430348393399,77.2090976572973
11.52,0.0047122911621713184,0.02928354477504875,0.9764607577446006,28.614304196517907,77.20909776342883
11.54,0.015417303877739336,0.01993717546931616,1.0364108781588364,28.614304910004638,77.20909786137399
11.56,-0.02957172491559683,0.005612728089802728,0.9886721081757055,28.6143056232709,77.20909796138109
11.58,0.022875080864138583,0.035172409683902665,1.016632335723608,28.61430633799661,77.2090980468041
11.6,0.006769928149888283,0.007442109452137258,1.0041894016729556,28.614307052935256,77.20909812988273
11.62,-0.008305758278016025,0.0077831839133585745,0.9803093189903607,28.614307767693045,77.20909821495673
11.64,0.012655637322125697,-0.001062413060350907,0.9998809058157454,28.61430848264984,77.20909829783245
11.66,0.045413857156087915,0.02447137764837255,1.0156800555862149,28.614309198644346,77.20909836812852
11.68,0.003637325101169903,0.021929384676217675,0.9962347732982739,28.614309913564142,77.20909845141739
11.7,0.004964411726006722,-0.012513545749924249,1.0238622589170205,28.61431062840785,77.2090985355494
11.72,-0.009187217990804882,-0.02638494389197535,1.0204303078556374,28.614311342121393,77.20909863132627
11.74,-0.016996887389295837,-0.004059612747913142,1.0183782970931665,28.61431205605116,77.20909872498869
11.76,0.016606716330884914,-0.01600077128795293,0.99080686455454,28.61431277067684,77.2090988114908
11.78,-0.017121676518177344,-0.001270491492307102,0.9784031510443703,28.614313485095526,77.20909890018388
11.8,0.0014313247443878494,0.024748762693682785,0.9877282478927442,28.61431419968056,77.20909898712064
11.82,-0.009553148935302333,-0.0091460331017358,1.0039248188133345,28.614314915114864,77.20909906446455
11.84,0.009579596514927837,-0.0008564676262314976,1.0109157342706472,28.614315629473985,77.20909915377801
11.86,0.0066732421057389656,0.0011604546961679046,0.956568571904791,28.614316344307163,77.20909923802607
11.88,0.020750798885157986,0.016968617644105694,0.999837735967765,28.614317060380255,77.20909930727565
11.9,-0.01020032797709494,-0.04493778667969211,1.0031617845064638,28.614317775582798,77.20909938735265
11.92,-0.005397498705867425,-0.012134005895305935,0.9944491148736889,28.61431849113075,77.2090994633201
11.94,-0.019575274315646148,0.0042256738455894545,1.0258254767803177,28.61431920707083,77.2090995343318
11.96,-0.008885865201522233,0.024001579128537225,1.0084356014850173,28.614319923999812,77.20909959093558
11.98,0.007546009860897044,-0.009838048950124103,1.0262038381616179,28.614320639955114,77.2090996617479
12.0,0.015139772332907038,-0.03753105412083748,0.9956807895929953,28.614321356652457,77.20909972203806
12.02,-0.01844330648355251,0.012394228919322726,1.0187495498501384,28.614322073318743,77.20909978280541
12.04,0.017392118402113205,-0.012707247776512587,1.0327013278905504,28.61432278946835,77.20909985102053
12.06,0.02711275717609902,-0.023793333181807225,1.0262338689854533,28.61432350535905,77.20909992267534
12.08,0.008268698064474018,-0.01248690779426448,0.9781571681314254,28.61432422128715,77.20909999384367
12.1,0.037535916251161316,-0.003690507153116991,0.9949264784491524,28.614324938174676,77.20910005112468
12.12,-0.01547578398207146,-0.012094893290764255,0.9930967058910041,28.614325655445867,77.20910010179145
12.14,-0.02489309406622834,-0.04411132114198139,1.0097850907015264,28.614326372632263,77.20910015399258
12.16,-0.035574404978085575,0.017941323937742643,1.0137270711002906,28.61432709015716,77.2091001997612
12.18,0.02992088622978366,0.025497500825574445,0.9832221465194853,28.61432780759887,77.20910024719188
12.2,0.013087313127081154,0.013030439826790115,1.0013567702783388,28.614328524740046,77.20910030019304
12.22,-0.0011116934182091014,-0.022753713408496332,0.9596014533568773,28.614329241400178,77.20910036105447
12.24,0.005599372526396406,-0.004029830678950359,1.0288389001160378,28.614329958661543,77.20910041190143
12.26,-0.02250978094596753,-0.00013042630458916124,0.9897525151864661,28.614330674769434,77.20910048068245
12.28,0.04891503959233653,0.011975887791238204,1.0011172787968898,28.614331390392834,77.20910055572202
12.3,0.00258442363950455,0.013366809774361617,0.9938070057202387,28.614332106017365,77.20910063074761
12.32,0.002187895892097858,-0.014683475975569916,1.0229205515002684,28.61433282088184,77.20910071465036
12.34,0.01451533247797384,0.0016399111282712085,0.9432498711720524,28.614333533804256,77.20910081778992
12.36,0.009620184634734266,0.009145608092304823,0.9996677931534819,28.614334247955494,77.20910090923519
12.38,0.0044776804855826274,0.02911644644293533,0.997883624850046,28.614334962285753,77.2091009988477
12.4,-0.015809489108906238,0.014090130796494462,0.9909272722481663,28.614335678284853,77.20910106908305
12.42,0.009429367142719915,0.01578113374751038,1.0345245309127127,28.61433639416384,77.20910114088956
12.44,0.03764048992950068,0.0016765325585872187,0.9822534108228845,28.614337109807717,77.20910121567529
12.46,0.026908400923099554,0.028209182904070075,1.0154359235447132,28.61433782547725,77.20910129014176
12.48,0.031863732532787944,0.008195255919189948,1.0071250557741216,28.614338541559327,77.20910135927066
12.5,-0.010224313528623703,-0.01722175820347141,1.0252303850507103,28.61433925873469,77.20910141166812
12.52,-0.019792096405171617,0.028067399402503815,0.9866562183044499,28.614339975733234,77.2091014671168
12.54,-0.002515738401992963,0.013958065450780552,0.9853406220175248,28.61434069194741,77.2091015344465
12.56,0.0011144982457738921,-0.008860880422569646,1.021921398149548,28.614341408498408,77.20910159695318
12.58,0.02188383036941897,-0.009589859347984868,1.0085064261666021,28.614342124800995,77.2091016630512
12.6,-0.033849292594296386,0.005931510902815236,0.9691012530664648,28.61434284192539,77.20910171634617
12.62,0.030591006389212274,0.009263695905351695,0.9892138997107346,28.614343558828377,77.20910177337554
12.64,-0.0031601579715797887,0.003945845312624129,1.0077276530769612,28.61434427592276,77.20910182719193
12.66,-0.0085376213989484,0.006226173468857697,1.0167552844309318,28.614344993356493,77.20910187477891
12.68,-0.02024208750520335,0.03399914749152761,0.986415386936141,28.614345711087125,77.20910191615049
12.7,-0.033097133437315386,0.021430863044697716,0.9417148802036612,28.61434642895515,77.20910195430363
12.72,0.01646341167923829,0.0038127118253004867,1.0104644637147406,28.614347146689838,77.20910199558382
12.74,0.0014663593437680778,0.018826211615349666,0.9755935862011205,28.61434786483823,77.20910202613261
12.76,-0.02579921799482108,-0.02065047807055079,0.9596532240375518,28.614348583087455,77.20910205343252
12.78,-0.025901575441272324,0.007958540998936179,0.9433534815003172,28.614349301346557,77.20910208039311
12.8,-0.006715693985802565,0.036186126994662206,1.0162796172039548,28.614350019822393,77.20910209836002
12.82,0.03338043050578786,-0.004360917907847477,1.0025723490080993,28.614350737898906,77.20910213102782
12.84,-0.005191827027272096,-0.016952678572381696,0.995486872385755,28.614351456194026,77.20910215671307
12.86,-0.030062859062362123,-0.013041777771861215,1.0277804872592553,28.614352174623995,77.20910217692024
12.88,-0.0049148612817188865,-0.021792660746847766,1.0127464936604615,28.614352893193125,77.20910218912024
12.9,-0.00545447139495341,-0.015695238162554068,1.0323260008544384,28.614353611453442,77.20910221603883
12.92,-0.05393773285883143,-0.007410161971800579,0.9721452905566601,28.614354329572127,77.2091022474808
12.94,-0.0010858973303562443,-0.028111340383572842,0.9993089875209207,28.614355047917826,77.2091022712599
12.96,-0.004618690604173559,0.00031236667899206094,0.9676657325010397,28.614355765988652,77.20910230408953
12.98,0.013924127296268367,0.018045543475732943,0.9954123533628907,28.61435648400019,77.20910233856075
13.0,0.036979121898906904,-0.01815512360293841,0.9950276829246665,28.614357201931504,77.20910237513597
13.02,0.022531300590955147,0.030385678472835378,1.0125322727452615,28.614357919969166,77.20910240889377
13.04,-0.0053777738110966115,0.010215841770551895,1.000911277622838,28.61435863820875,77.20910243652092
13.06,-0.022130518174833406,0.020611611712481145,1.0124681427655984,28.614359356362318,77.2091024669114
13.08,0.05146719606499721,-0.013156691077042742,1.014068802662778,28.614360074650637,77.20910249284226
13.1,0.0011843686802897652,0.017090504541332315,1.0430985735476628,28.61436079240688,77.20910253363316
13.12,0.00027858583825892406,-0.02183867800790626,0.9936940668942775,28.614361510559814,77.20910256404309
13.14,-0.00048250174220006555,0.017804950016730176,0.9811795459866725,28.614362228217942,77.20910260701578
13.16,0.003961695215357099,0.0034367867958706244,1.0049216723063281,28.61436294591762,77.2091026490784
13.18,-0.0028872082384788496,0.011065024399695674,0.9839543994572091,28.61436366350365,77.20910269358602
13.2,-0.011473240137604725,-0.023511892112497032,1.0296392153687308,28.61436438073925,77.20910274490244
13.22,-0.010937178824807842,-0.017901396845532096,0.9943356392210954,28.614365098244523,77.20910279106859
13.24,-0.0006550654043199677,0.011944564365067696,0.9886884726425202,28.614365815372746,77.2091028442967
13.26,-0.0108684954226753,-0.018966960084484015,0.9905736855769777,28.61436653350313,77.20910287539002
13.28,-0.014256915653543287,0.009264125841982461,1.0143683484694328,28.614367251811423,77.20910290059274
13.3,0.0021286045538379365,-0.027342756129204917,0.9968450603353703,28.61436797029349,77.20910291823338
13.32,-0.005099544348417105,0.016963484253333362,0.9871666635973924,28.614368688913224,77.20910292561366
13.34,0.030079859771653773,-0.024650466295370183,1.0333070383524707,28.614369407545226,77.20910293123431
13.36,-0.05301939616786024,0.011045998753590466,0.982876603186765,28.614370126152846,77.20910294001271
13.38,0.021830137038449236,0.012512618672920018,1.0007113214806598,28.61437084468858,77.20910295454274
13.4,0.02492170384995258,-0.013935436368591498,1.0130461230322045,28.614371563191504,77.20910297104432
13.42,-0.04146780464816299,0.011640531341694538,0.9673732977916585,28.61437228177494,77.20910298209708
13.44,-0.006853751881606976,0.005208845266671119,1.0096052100281185,28.61437300031768,77.20910299617037
13.46,-0.007428817319915829,-0.010776837123854766,0.978897846490391,28.614373718844508,77.20910301126095
13.48,-0.028150233894356426,-0.02017109368152416,1.01645565561668,28.614374437215858,77.20910303401233
13.5,-0.015556333751817506,-0.03925251383345158,0.9807469797616205,28.614375155410354,77.20910306312078
13.52,-0.022211516909316577,0.006993000945993874,1.0138553806369772,28.614375873597027,77.20910309247856
13.54,0.035045408868472454,-0.03129605542724111,1.0221166613258943,28.61437659198603,77.20910311449475
13.56,0.018713567862949223,0.001906883988826164,1.0172287305126562,28.614377310485914,77.20910313116718
13.58,0.025431101899883176,-0.0052689643216449825,1.005026332964762,28.614378029055406,77.20910314333955
13.6,0.014433441280864703,0.013582855508763909,0.995373981141406,28.614378747655014,77.20910315293126
13.62,-0.022581035424344583,-0.006040909989797284,0.9884716084733032,28.614379466229472,77.20910316471713
13.64,-0.010490405325595474,-0.0065889557269418276,1.0294206938163422,28.61438018471156,77.20910318235673
13.66,0.009787491224558362,0.014637414085765911,0.9860100955966471,28.614380903201468,77.20910319957794
13.68,-0.024442556177838907,0.006701160581682351,0.9792586785286,28.61438162168893,77.20910321693111
13.7,0.014259968603447762,0.006323119143655566,1.0133073787006566,28.614382340153824,77.20910323545716
13.72,-0.0048065079631627,0.009385351796170525,0.98407726393627,28.614383058693058,77.20910324976069
13.74,-0.00749641615099195,-0.030711442464142116,0.9809987300506775,28.614383777317723,77.20910325648929
13.76,0.01421919936406983,0.01513577359973964,0.9711279147566046,28.61438449593535,77.20910324884744
13.78,0.008885266229720796,0.012249375880272046,0.9903418032107897,28.614385214488983,77.20910323551534
13.8,-0.007219323316381599,-0.020333662571529944,0.9983456995220701,28.61438593308995,77.2091032260562
13.82,0.023186596067284963,-0.004881609473484026,1.0048618345532139,28.614386651614794,77.20910321084345
13.84,-0.021621266551997947,-0.0007861457525526238,1.0190261248859898,28.61438737010585,77.20910319368431
13.86,0.012318712138885276,-0.002689935688034654,1.0105379584733158,28.614388088659346,77.20910318034288
13.88,0.011862025159367675,0.006677199331370694,0.9961825556089364,28.614388807264085,77.20910317126358
13.9,-0.006190928786279806,0.02862733563662367,0.9960360864724056,28.61438952574091,77.2091031533481
13.92,0.0065226604448423596,0.021635334553456575,1.0102031493783037,28.614390244338832,77.20910314359368
13.94,-0.025022271527706058,-0.026244383868628124,1.0254514032585713,28.614390962987624,77.20910314306792
13.96,0.01848054038413802,0.012441399806120974,1.002526283989664,28.61439168158533,77.20910313329304
13.98,-0.0036980427288597806,0.026578666390708192,0.9906173829157918,28.61439240008796,77.20910311677484
14.0,-0.01045446041038079,0.007736170413784053,0.9801426799782891,28.614393118712336,77.20910311000628
14.02,0.020980184516737787,0.021819608503719338,0.9710958947117555,28.61439383732721,77.20910310203557
14.04,-0.014086873810855185,0.040245408914015304,1.0133253934408704,28.61439455560974,77.2091030758973
14.06,-0.028169225927271193,0.02047419092213963,1.011559570472791,28.61439527350075,77.20910303830954
14.08,-0.031132583470478075,0.004986171912834577,1.0115472705021333,28.614395991307244,77.20910299868261
14.1,0.012120199026912793,0.02090176948169507,0.9974268110729588,28.614396708660614,77.20910294954867
14.12,-0.025608587049925663,0.0028977566619378236,1.028138694917835,28.61439742582953,77.20910289703683
14.14,0.03509588363968729,0.00047806086569910944,0.9903176301083036,28.614398143013343,77.20910284478965
14.16,-0.04163858815767444,-0.007028284714274651,1.019105384744144,28.614398860791137,77.20910280449375
14.18,0.03392912736580077,0.03126826717664216,0.9992251421002092,28.614399578463157,77.20910276182315
14.2,0.004220349344052368,-0.016368573318840028,0.9878329847064132,28.614400296495653,77.2091027279231
14.22,-0.001934262237407848,0.03064735449356232,1.0118506061463552,28.61440101488004,77.20910270571241
14.24,-0.010898381736178995,0.009997282474807427,1.00819272237368,28.61440173347019,77.20910269524104
14.26,0.007982722287041418,-0.02798612349603883,1.0071394551853385,28.614402452083596,77.20910268710062
14.28,-0.0007526940484969673,0.007352985859828432,1.001625568441124,28.61440317041822,77.20910266289142
14.3,0.02206603764033043,-0.042000530153032484,0.9992421383656633,28.614403888843157,77.20910264245329
14.32,0.002284552973240793,0.012510160336620715,1.0477674398574088,28.61440460741671,77.20910263059602
14.34,0.003006035229237552,0.01770462965977982,1.0236851329039234,28.614405325981586,77.20910261807518
14.36,-0.007272244244277117,-0.011847119113041071,1.0144565378997101,28.614406044628865,77.20910261983562
14.38,-0.0011389124744213492,0.0024709539191116467,1.0022359831640677,28.61440676323629,77.20910262863478
14.4,0.0061560353778411835,0.03908314867500572,1.0201431440119333,28.614407481788216,77.2091026420856
14.42,-0.034203367853132514,-0.010114934085238734,1.010359895527829,28.614408200169464,77.20910266442773
14.44,-0.02696370844211426,-0.02117815174113201,1.0005240950554808,28.614408918481335,77.20910268949781
14.46,0.0148652818804543,0.029633268049251975,0.9939287134946817,28.614409637118598,77.20910269416477
14.48,0.0034173087625588372,0.0392517438106159,0.9983816532467462,28.614410355767358,77.20910269474562
14.5,-0.0036796667270535825,7.391343695694652e-05,0.9365914852824389,28.614411074358514,77.20910270512664
14.52,0.0003686786613078632,0.020229260708167125,1.0042120167859527,28.614411792999835,77.2091027088967
14.54,0.006951634107233421,0.026829518310617622,0.9902304783977928,28.614412511646755,77.20910271083733
14.56,-0.01079519360618723,-0.014849684650767681,1.0318533999656576,28.61441323027225,77.20910270422465
14.58,-0.015566094508046253,-0.009706116707357366,1.000386881416235,28.61441394888695,77.20910271221558
14.6,0.003916905101953631,0.0246174902630947,0.9762207316093008,28.614414667282112,77.20910273396936
14.62,-0.01956745555230064,0.03370028557417019,0.9990023969174376,28.614415385818003,77.20910274848929
14.64,0.008165055114289436,0.011257617203487096,0.9790775782987499,28.61441610433434,77.20910276421483
14.66,-0.03405167208475681,-0.017596287070041086,1.0094681483142494,28.61441682292798,77.20910277437032
14.68,0.020583112746512873,0.03974122223398883,1.0058189472867898,28.614417541453207,77.20910278955935
14.7,0.009451949648260861,-0.01061941795623929,1.0191567926221654,28.614418259901143,77.2091028089199
14.72,0.005120594686277513,-0.006702755623429035,0.9841823641661087,28.61441897818746,77.20910283492277
14.74,0.019653819678910278,0.00684675668979243,1.0006801619245629,28.614419696394048,77.20910286364133
14.76,0.03330948888925153,0.031083208414295484,0.9726995640914673,28.614420413551297,77.20910291635956
14.78,0.02028740130036261,0.017079519531044474,1.0140298956384943,28.61442113114637,77.20910296067765
14.8,-0.03681748462663291,0.008297310007238209,1.0103774236088023,28.614421849301934,77.20910299100689
14.82,-0.02559153933471403,0.009265770602362125,1.0099161004205515,28.61442256755661,77.20910301812013
14.84,-0.012496371553913577,0.0008702933728693216,1.0000323806271387,28.614423286096184,77.20910303240152
14.86,0.0005218210042166757,0.011162790290370126,1.008295457815776,28.61442400474284,77.2091030344658
14.88,0.01035318040938246,-0.050591201553886064,1.032086782166172,28.614424723371613,77.20910302833303
14.9,-0.014514876263069312,-0.005932149181395967,0.9942981148591598,28.614425441920183,77.20910301465148
14.92,0.0037353352895415667,0.00482643869833562,1.0027729036742017,28.614426160321358,77.20910299315692
14.94,-0.015107658647066452,-0.023020281672390144,0.9782774740163718,28.614426878810672,77.20910297590349
14.96,-0.012230356059838965,0.0077264663562311995,0.9826347807680333,28.614427597214114,77.20910295450739
14.98,-0.028133221936964447,-0.004089424419722431,1.0019562658618661,28.61442831558268,77.20910293164225
15.0,-0.018464664922218085,0.0351095139663098,1.0220786709340381,28.614429034102013,77.20910291609557
15.02,-0.027033692112326674,0.03146039450429713,0.9948743835149686,28.614429752495667,77.20910289427717
15.04,-0.019517465059546654,-0.009316111382363258,0.9952816694137575,28.614430470836137,77.20910287029393
15.06,0.02107283593215679,-0.0030167542313339064,0.9918622951099125,28.61443118924881,77.2091028493038
15.08,-0.01898797777663886,-0.001478951312167852,0.9893048665831136,28.614431907168335,77.2091028124295
15.1,0.052647641296747816,-0.009033189523192455,1.0058994291141765,28.614432624111767,77.20910275606369
15.12,0.009866358017617784,0.0039004996805625347,0.9700548470964271,28.61443334122217,77.20910270252492
15.14,0.003696722473897478,-0.015165641377751804,1.0256187915333346,28.614434058555137,77.20910265300596
15.16,-0.017167155603624272,-0.022612306698750525,0.9866915540374108,28.61443477663255,77.20910262036384
15.18,0.014006197588179828,0.012454224478005371,1.014438069708763,28.614435494754368,77.20910258901495
15.2,-0.01151275652475548,0.012590591684436216,0.9746000280521225,28.61443621307765,77.20910256437278
15.22,0.002440196292907229,-0.01608631519319985,1.0133768026109244,28.61443693135727,77.20910253813119
15.24,0.051201690765375896,0.017907108615251993,1.01343889215629,28.614437649702193,77.20910251432166
15.26,-0.0019211979944929974,-0.012631554583306628,1.007684041440118,28.61443836829574,77.20910250415778
15.28,0.022985466525713517,0.005063304760759624,0.9801114295640041,28.614439086537704,77.2091024766111
15.3,-0.014063528502517748,0.01640688025224912,1.0049909637919616,28.614439804873548,77.20910245244872
15.32,-0.000699769809939234,-0.0006722512940742602,0.9763388763053122,28.61444052349854,77.20910244576558
15.34,0.0354160127127102,0.009094818242822688,0.9949447348980763,28.61444124213722,77.20910244139121
15.36,-0.012539341155755349,-0.010328592877751435,1.0205882620191065,28.61444196074139,77.2091024505288
15.38,0.036248971159938574,-0.003929331668561943,1.0159340385414148,28.61444267938181,77.20910245451562
15.4,0.014155038709109509,-0.004117188617606808,1.0003036588508087,28.61444339802331,77.20910245824008
15.42,-0.011249335517885354,-0.014931566930804779,0.9805038684815431,28.614444116663677,77.20910246223899
15.44,0.01264815478111042,-0.0035354832623156417,1.0129117542434838,28.614444835205187,77.20910244808464
15.46,0.019451088992534598,-0.030972365977274933,1.0003876247539605,28.614445553552525,77.20910242436979
15.48,0.012436199244343929,-0.009823074942842094,0.9535936880353916,28.6144462716283,77.2091023916809
15.5,-0.03140449439780913,-0.0056975098673934165,1.0156525965263303,28.614446989915713,77.2091023657174
15.52,-0.014542743516497371,-0.005123595049907602,0.9995153433226062,28.614447708374588,77.20910234689096
15.54,-0.004950372711030095,-0.004829948917415576,1.0240490249596614,28.614448426883246,77.20910233071659
15.56,-0.0014886685820009258,-0.0012352839972025785,0.9780945896231439,28.614449145484517,77.20910232128777
15.58,0.01241344195101356,0.009588830361721278,0.93646592373608,28.614449864071233,77.20910231051528
15.6,0.0035540200186650766,0.01749034148265045,1.0055816771669037,28.614450582719705,77.2091023095819
15.62,-0.026706887174202026,-0.012995304536965343,1.0058312735336394,28.61445130136825,77.20910230872046
15.64,0.0076039570201192645,-0.02406401710778289,0.9661865674478709,28.614452020017108,77.20910230833272
15.66,0.012211714905676463,-0.02084088824486206,0.9804300090826679,28.61445273866253,77.20910230577076
15.68,0.011195808958620797,-0.009744058423898543,1.0551043548743981,28.61445345730651,77.20910230881194
15.7,0.021615614511092437,-0.007038426356330182,0.993887787716924,28.614454175955363,77.20910230840504
15.72,0.01667844309097808,-0.015399921323949146,1.0146191795275243,28.614454894573445,77.20910231599144
15.74,0.009183601584568733,-0.02592233328499789,0.9869868034526323,28.61445561322087,77.20910231430979
15.76,-0.0014033142291729405,-0.009122416549483764,0.9581939420229368,28.61445633180868,77.20910230363232
15.78,-0.03321921867031983,0.0036285324022794275,0.9965948350640819,28.614457050443942,77.2091022985821
15.8,0.008592364382651718,0.011900589316711294,0.9946879087942779,28.614457769075,77.20910229280703
15.82,0.004153753743262223,-0.011148461062166423,0.9920024352266326,28.614458487675645,77.20910228331641
15.84,0.005431576743907469,-0.008259956442868682,0.9977071832898722,28.61445920632198,77.20910228111191
15.86,-0.02553497151640619,-0.018533966176946217,1.0052853654329128,28.61445992494331,77.20910227393624
15.88,-0.02162113080816525,-0.0006287834074955285,0.9969976609749238,28.614460643550593,77.20910226512173
15.9,0.02106305706665807,-0.016968572683816293,0.9747198766410528,28.614461362195797,77.20910226776162
15.92,-0.0007911030771331008,0.011462556264824002,1.0097236958312388,28.614462080720212,77.2091022830006
15.94,0.013630013947452488,-0.03571732983868223,0.9610125648935516,28.61446279894546,77.20910231110715
15.96,0.0005663675226092235,-0.007192593449049248,0.958992850854316,28.61446351723746,77.20910233690536
15.98,0.0005951227899149038,0.0060221467838348424,1.0147836098940313,28.61446423519635,77.20910237277133
16.0,0.018765676119519955,0.0036766903264500873,1.0101404054427072,28.61446495342169,77.2091024008748
16.02,-0.010320894564347479,0.05386067327960993,0.9988520926985193,28.614465671841238,77.20910242155736
16.04,0.0019224155388196673,0.006996000491358151,0.9720910299048986,28.61446639048906,77.20910242300046
16.06,-0.00924550577410085,-0.020081091936840205,0.9858417811865184,28.614467109015138,77.20910243813739
16.08,-0.008689924548646312,-0.0019092849417814606,0.9947450650462699,28.614467827629202,77.20910244620221
16.1,-0.006183442469372788,-0.035524926669329035,0.9680821206285177,28.61446854625165,77.20910245323122
16.12,0.004442675432674257,-0.0016119949859352176,0.9852194268395353,28.614469264900496,77.2091024528081
16.14,-0.009574972433269546,-0.016661121140015174,1.0130466067635335,28.61446998353456,77.2091024580758
16.16,0.025115122511470415,0.018307805511203236,1.0285461072857842,28.61447070218092,77.20910246026847
16.18,-0.01789214604439008,-0.010990805491910697,0.991611304946829,28.614471420791222,77.2091024517796
16.2,-0.003737432883227181,-0.0023353183159049327,1.015129767086322,28.614472139427427,77.20910244690621
16.22,-0.0087946211654835,-0.012711156828088068,0.9617187985882507,28.614472857928437,77.20910243029691
16.24,0.02893955768707466,0.03477702703706663,1.0131890248222721,28.61447357628216,77.20910240683439
16.26,0.003931095530231492,-0.006424855322358234,0.9839210317054504,28.614474294042527,77.20910236613769
16.28,0.020636890789372697,0.036651140869584035,1.0061469123341593,28.61447501122142,77.20910231380289
16.3,-0.02971120746073944,0.01628303524236533,0.9950449516352058,28.61447572848119,77.20910226292669
16.32,0.0053410053173851765,0.009641334546707722,1.0264082801956766,28.614476444725206,77.20910219601005
16.34,0.01779261591246874,0.0073746629463503945,0.9825112870332017,28.614477160020613,77.20910211701658
16.36,0.0016456797855084837,0.00787594596432503,1.0125521259512367,28.61447787531438,77.2091020380038
16.38,0.021309607501307025,-0.0385534515869122,0.9944098507340693,28.614478590220518,77.20910195456284
16.4,-0.010345769002007444,-0.00557766788301513,0.9968338904398067,28.61447930644388,77.20910188735994
16.42,0.028186948803711597,0.01690315942368643,0.9963229221368158,28.61448002362865,77.20910183512976
16.44,0.045977962472385,-0.0009779436694821108,0.9830865379101177,28.614480740388466,77.20910177581098
16.46,-0.007256771208793181,-0.028103796936071502,0.9997180206818665,28.614481457427274,77.20910172104205
16.48,-0.008910050428015437,-0.0010480890115493891,0.9987470355575636,28.614482174806206,77.20910167239474
16.5,0.02906768954235402,0.03408211032510983,1.0048248049681345,28.614482891917174,77.2091016188658
16.52,0.03159144291461425,0.02493783431069439,1.0016901029138572,28.614483608245205,77.20910155312647
16.54,-0.010457200543065367,-0.0012400801873206349,1.0159598909922447,28.614484324566135,77.20910148728679
16.56,-0.008403736341917146,0.019028985541161732,1.0184701723209473,28.614485040786093,77.2091014200368
16.58,-0.0056356921772101444,-0.007330140407361037,0.9789875335634439,28.614485756741992,77.2091013492322
16.6,-0.02688901022068554,-0.03407743173653438,1.0173754500118155,28.614486472965815,77.20910128203568
16.62,-0.018373038929683966,-0.018489319762591088,0.976273271457803,28.61448718872661,77.2091012087161
16.64,-0.020082815335041356,0.03125777537016396,1.0117571177627547,28.61448790369845,77.20910112600885
16.66,-0.015355951302082569,-0.005479861636586084,1.0123947756940574,28.614488618749064,77.20910104419005
16.68,-0.0006936977477356236,-0.0048676795875003615,0.9617736621667499,28.61448933407158,77.20910096551573
16.7,0.004684294650730415,-0.005996763925497611,1.0018595849305882,28.61449004853194,77.20910087725923
16.72,0.031010009856281537,0.03808273179146014,0.9906300777327937,28.614490763680582,77.20910079655982
16.74,-0.01996708081477582,0.03251917830724126,0.9848246948412925,28.614491477462945,77.20910070145062
16.76,0.019686447969531676,0.044375604668962676,1.02701704661398,28.6144921907507,77.20910060164243
16.78,-0.004279776884510179,-0.0031809042080010257,0.9869264171872516,28.614492903810017,77.20910049973818
16.8,-0.000989274193048659,0.005912489774941901,0.983872461417639,28.614493616285756,77.20910039266819
16.82,0.013496389843332075,-0.030332850988415823,1.0015138988001018,28.61449432821901,77.20910028101389
16.84,-0.022454440431245972,0.029538688522365488,1.0137117949259684,28.61449504186151,77.20910018455238
16.86,0.007648194923681012,-0.0233555910253587,0.9971670282797974,28.614495754757655,77.20910008117734
16.88,0.003329044164261122,0.004335511275252582,1.023327410913385,28.61449646965655,77.20909999765585
16.9,0.009849025280162982,-0.021946050552656884,1.010619513239282,28.614497184869116,77.20909991769496
16.92,0.005783372878156362,-0.01177733653477392,0.9564357736053714,28.614497900145995,77.2090998384841
16.94,0.04910600279821788,-0.016745248620994007,0.9894106607298598,28.614498615745923,77.20909976315448
16.96,-0.01275479968502632,-0.012157505213516358,0.988763158012966,28.614499332789688,77.20909970846981
16.98,-0.010619939100036353,-0.010782454062979572,1.0095872190685884,28.614500049321087,77.20909964567223
17.0,-0.012462810528495287,-0.010965375898501542,0.9475036588725178,28.614500765189867,77.20909957373365
17.02,-0.011109542383205093,0.016666678235606143,1.0509801941743544,28.61450148056154,77.2090994956415
17.04,-0.012747742546130354,-0.022097255861250404,1.010620521897884,28.61450219595521,77.20909941781127
17.06,0.023780330622151038,0.004410828540277337,1.0029775360783537,28.614502910063294,77.20909932592956
17.08,0.028410084959797098,0.02435918304611117,1.023631354328383,28.61450362418938,77.20909923422957
17.1,-0.011414925874989526,-0.01026392729026792,1.0468730810562525,28.614504339576293,77.2090991563188
17.12,-0.016647111462084575,-0.014358377814952037,1.017414932891768,28.614505055065944,77.20909907964196
17.14,0.009428311127728082,-0.004610492503605017,1.0189762619294325,28.614505770355517,77.20909900057995
17.16,-0.011044460885619426,0.023594504167214203,1.0026138004892877,28.61450648520239,77.20909891648267
17.18,0.012658636355110216,0.003882152619067154,0.997169484932661,28.614507200683732,77.2090988397053
17.2,0.004058460417025994,-0.010624285892151971,0.990484091119902,28.614507915584074,77.20909875619986
17.22,-0.03031488229994464,0.009677533023760796,0.9834777601657092,28.614508631716003,77.20909868774422
17.24,0.030950104026601234,-0.022045842996728467,0.9862597180060101,28.614509348875867,77.20909863507212
17.26,0.03591755346191044,0.013627190208858959,0.9729888807131404,28.614510066152086,77.2090985844977
17.28,-0.012255773809687724,0.008172146154035352,0.9984825709862996,28.61451078342319,77.20909853382919
17.3,-0.007754031198719683,-0.006156169422777682,0.9663066484554723,28.614511501114624,77.2090984915844
17.32,0.0057173078144981,-0.016771715968944622,1.0038183304828743,28.614512219169047,77.20909845829243
17.34,0.0066891357997405,-0.017733618445669147,0.9992733878391532,28.61451293696459,77.20909841840893
17.36,0.01317088545345661,0.010696346726918205,1.0029387059677337,28.614513654565826,77.20909837422055
17.38,0.040204090775326995,0.024579610049781236,0.9895573685996002,28.614514371591383,77.20909831922692
17.4,-0.003538944549880988,-0.012746154940575896,1.06153720740361,28.614515088808425,77.20909826757494
17.42,-0.015965944890769076,0.009167734071029686,1.0272023180036063,28.614515806311797,77.20909822137044
17.44,-0.027586384560290545,-0.041740540372041376,0.9751091499983056,28.61451652320227,77.20909816413713
17.46,-0.014618600798838382,-0.011692354613143992,1.004657361748538,28.614517239856607,77.20909810318712
17.48,-0.0006625394574759419,-0.0006211786574180391,0.9878398771412535,28.61451795572507,77.20909803124448
17.5,0.03589115727035575,-0.018193668339636673,0.9797104054658518,28.614518670996983,77.20909795197542
17.52,-0.01035222598072343,-0.01873012749579192,0.9731985585775214,28.614519386641472,77.20909787719717
17.54,0.00447575903277797,-0.013355591129377724,1.0086443338151851,28.614520101785224,77.20909779644153
17.56,-0.0003284579214550415,0.005843854566527464,0.9863723952986085,28.614520816712478,77.20909771323561
17.58,0.02376786546896168,-0.003746580368127494,1.0193565204805042,28.61452153035648,77.20909761678851
17.6,0.05053864851747243,-0.04476462466649944,1.0198756442906087,28.614522244157556,77.2090975218617
17.62,-0.010617375458406414,-0.04241400305270132,1.027478287704229,28.614522957921668,77.2090974265749
17.64,-0.009788788850364443,-0.012137303557143509,0.9829522646785179,28.614523671057057,77.20909732536373
17.66,0.020883217541381442,0.009153731721071041,1.0095073122138403,28.614524384023234,77.20909722261727
17.68,0.01363782979252623,-0.05495009685450469,1.012649084332846,28.614525097150874,77.20909712133526
17.7,0.03693414651472067,-0.009994603523032613,0.9905164364979206,28.614525809530335,77.20909701343714
17.72,0.011678563706519278,-0.010524957130348423,0.9845645608521425,28.61452652043391,77.20909689357143
17.74,-0.007185841815741191,0.02776675556416896,1.0321904133155195,28.61452723312143,77.20909678834623
17.76,0.011813096613846186,-0.007700436234257273,1.004549917514641,28.614527945209687,77.20909667798199
17.78,0.022174071611658155,0.007659779694818569,1.0127193550142348,28.614528657203866,77.20909656683291
17.8,0.01640964362394728,0.0028251428017492647,0.9835584797634415,28.614529370147963,77.20909646388785
17.82,0.010145480622145955,-0.04261132959614401,0.9756143106695562,28.614530085836748,77.2090963896617
17.84,0.02133349379178308,0.015364144332634746,0.9886110045101578,28.61453080065922,77.2090963052957
17.86,0.023385911808913456,0.0043079301091257585,0.9975195722522,28.614531515807613,77.2090962245934
17.88,0.027643179820750544,0.010165372793491792,0.978715599863653,28.61453223043684,77.2090961381291
17.9,0.012974197751792853,0.07852475412872653,0.9998031038269923,28.614532944646733,77.20909604728001
17.92,-0.003342361606337087,-0.04168225878997177,0.96622989623863,28.614533658263717,77.20909595057384
17.94,0.002934273728666457,0.034493932995222173,0.9775990515506026,28.61453437087989,77.20909584472349
17.96,0.02413017933016714,-0.005748950388007112,1.0134182249655375,28.614535083457636,77.20909573853797
17.98,-0.016338713419744723,0.0057465780880601855,1.0120758104055578,28.614535794583492,77.20909562039559
18.0,0.0073734661774580235,-0.0009102449060248434,0.9921624646922627,28.61453650665942,77.20909550992815
18.02,-0.007866776246547214,-0.00848472666796087,0.979644713818461,28.614537218788577,77.20909539990689
18.04,0.0005748964586963498,-0.011396658564775175,0.9794519289694797,28.614537931319383,77.20909529331342
18.06,0.025569037252145974,0.006590174711460183,0.9925346350811737,28.614538643406213,77.20909518293723
18.08,0.0038219813603980668,-0.030343473933433583,1.012890369832906,28.614539355132443,77.20909506958317
18.1,0.0009287309631229762,0.015011583350435311,1.0185649138268864,28.61454006714188,77.20909495856101
18.12,-0.027197122819598386,-0.008323888097705078,0.9900693652903606,28.6145407779686,77.20909483810529
18.14,0.014925071320544414,-0.022601386780807156,0.9769301514803044,28.61454148841221,77.2090947147516
18.16,0.012909683622821508,-0.009000257159916274,1.0053568727573268,28.614542197898732,77.2090945844458
18.18,0.043265094466109204,0.025142984337251456,0.983529300587483,28.614542906338407,77.20909444694769
18.2,-0.006155564699060017,-0.010706701740324462,0.9896349472227759,28.614543612073934,77.20909429245492
18.22,0.00438300655327878,0.007169072364192405,1.0265055218087407,28.614544319562548,77.20909414874288
18.24,0.004987673674215105,-0.014619125514309467,1.0165423085713154,28.61454502616836,77.20909399950129
18.26,0.03154906559526949,0.01515843699847239,1.003159486245029,28.614545734250505,77.20909385963381
18.28,-0.001905910647739042,0.013710154775804083,0.9745616199777456,28.61454644360449,77.20909372839502
18.3,0.005580430515406785,0.03697217666592823,1.0042279313494131,28.614547151418265,77.20909358677586
18.32,0.012157930194330785,-0.00351127890998431,1.0212531458157506,28.614547857837007,77.20909343638948
18.34,0.003732182463127162,0.013373096095158132,0.9924873266846893,28.61454856740416,77.20909330665462
18.36,-0.008928672291010565,0.001961350790778891,1.0270222817997343,28.61454927885656,77.2090931910915
18.38,0.0038817998579661517,0.02591743563726029,1.025854905790364,28.614549990276952,77.20909307527293
18.4,0.02147263499719544,-0.014376647752174607,1.0332746566428694,28.614550701956663,77.2090929615405
18.42,-0.020530305988221205,0.014900106257545622,1.006104862530627,28.614551412992373,77.20909284269612
18.44,0.0026593934829375197,-0.0038939459223336337,1.0117478339961203,28.614552124472507,77.20909272735474
18.46,-0.014002416298783465,-0.001283763542169955,1.0282837457666218,28.614552835208173,77.20909260620384
18.48,0.02390093257849685,0.0018350496889674574,1.0089478787413795,28.614553543635726,77.2090924686247
18.5,-0.030463738095675496,0.005044807928533548,0.9899753178441958,28.614554250405348,77.20909232039304
18.52,-0.011178436945431768,-0.0023245808624391636,0.9910291432694428,28.614554957202404,77.2090921723312
18.54,0.007544237501290418,0.004294263663410527,1.0047710990754748,28.614555662484143,77.20909201517239
18.56,0.03131048058468681,0.03156236115124369,0.9741887715610756,28.614556367672904,77.2090918574731
18.58,-0.001315005221459756,0.01970899371230437,0.9971348216927162,28.614557071333234,77.20909169115029
18.6,-0.011103990533863968,0.017383091849937932,1.021930942364605,28.614557773829738,77.20909151856159
18.62,0.0376231413888118,-0.009110790520477415,0.9561749229766944,28.61455847759328,77.20909135280642
18.64,-0.02896027800832488,-0.017784816564566486,1.0306896420358902,28.614559181714778,77.20909118903577
18.66,-0.04397611913240164,0.019106011164755056,1.0224474843740632,28.614559885822377,77.2090910251876
18.68,0.008800289001066648,0.017520935850595883,0.9908047076833905,28.614560591167027,77.20909086839559
18.7,-0.010041084487052224,0.02945341351501964,1.0108678165574363,28.614561297165046,77.20909071546697
18.72,-0.020424656342614266,-0.012079612519384591,1.0000629545381265,28.614562005031146,77.20909057418757
18.74,0.014167128945987068,-0.004590973107206942,1.0245998073687737,28.61456271231943,77.20909042920158
18.76,0.004876014275423977,-0.03278968325050868,1.019653662855399,28.614563419054356,77.20909028075539
18.78,-0.011281572614734567,-0.007849422121217458,0.9719985855363398,28.61456412403397,77.2090901218473
18.8,-0.025606087973417888,0.019931410211588944,1.0117452482692835,28.61456482840867,77.20908995949567
18.82,0.017449146565602893,-0.00932990758456396,0.995887442927135,28.614565534125582,77.20908980489257
18.84,0.01300402355917322,0.012809595904016476,1.001656651410362,28.614566241547156,77.2090896607529
18.86,-0.0019835172755876583,-0.0038100621199562267,0.9854365619806037,28.61456695015121,77.20908952435833
18.88,0.03693273992095332,0.0064811405644312125,1.0349627413824167,28.614567656493048,77.2090893735039
18.9,-0.021401695326523053,-0.022953827796313348,1.0208012363980514,28.61456836422782,77.20908923137331
18.92,-0.03051050341849478,0.0017041889926780213,0.9852045767205406,28.61456906954918,77.20908907444537
18.94,-0.01383816139762489,-0.05982271941801447,0.9733077878617954,28.614569776079332,77.20908892473963
18.96,-0.0009117203271099561,-0.003737923163239697,0.9922865473804431,28.61457048212136,77.20908877207486
18.98,0.0048667889864538365,-0.0326094648743028,1.0086900529218261,28.61457118908748,77.20908862506411
19.0,-0.004824721157126598,0.02411989033093632,1.0048041168789246,28.614571894271304,77.20908846733614
19.02,0.007041107930285936,0.015548147055290226,1.0250626564953649,28.614572601028364,77.20908831902675
19.04,-0.02503078848380888,0.00933341963932162,1.015798394443617,28.61457330580233,77.20908815893932
19.06,0.02887529208146519,0.030420124543187602,1.019391380515058,28.614574009621148,77.20908799348895
19.08,-0.0016430235678513761,-0.018978330416496745,1.0065371080122087,28.614574711955274,77.2090878200448
19.1,0.022345916631762552,0.034947263958311166,0.9722140253957802,28.614575411510398,77.20908763259287
19.12,0.006854506927554083,0.018643831285207694,0.9960860293770619,28.61457611122076,77.2090874458943
19.14,0.009135064383075679,-0.004731105744378921,1.0212017947981733,28.61457681377694,77.20908727362107
19.16,0.011395345604644079,0.022712402943658883,0.9989695414295071,28.614577520116026,77.20908712274992
19.18,0.008954171200346299,-0.022125870248232683,1.010061807372475,28.614578226583458,77.20908697266057
19.2,0.012854455197350878,-0.01649028323055347,0.9936250336950774,28.614578934478125,77.20908683156699
19.22,0.02658305060264863,-0.012171794464794009,0.9794037630291631,28.61457964265836,77.20908669234537
19.24,0.003930423394029403,-0.010579554161280305,0.9975331187190778,28.6145803514395,77.20908655715
19.26,0.014180075151770246,-0.021131152855205056,1.006180948860653,28.61458105981042,77.20908641919294
19.28,-0.0017947138857445344,0.0244616613419065,0.9868862456107711,28.614581768416244,77.20908628281028
19.3,0.028802344308989456,-0.0051770880073966335,0.9952857751028666,28.614582477655325,77.20908615076806
19.32,-0.013527846041185395,0.007050099367137591,0.9812107351602803,28.614583186212027,77.2090860140546
19.34,0.036018808658216314,-0.011407027328273612,1.022384898351282,28.61458389467551,77.2090858767157
19.36,-0.0008031590128868682,-0.03641206601097034,0.9941108848482393,28.614584603068423,77.20908573890527
19.38,-0.028615502042360963,0.0054011471678284415,1.0290551109025237,28.614585312436905,77.20908560776816
19.4,0.0025620882982157855,-0.03824509950839554,1.0305749570108182,28.614586020537885,77.20908546802443
19.42,-0.013621033149497617,-0.0013726809217093723,0.9983790807055651,28.614586728575542,77.20908532786497
19.44,0.01681287097977448,-0.02736630077665621,0.979831025349053,28.614587438836182,77.20908520315145
19.46,-0.013052479586047818,0.03974551998461616,0.9582820424453332,28.614588150323097,77.20908508786434
19.48,-0.008923668664295595,0.018227254443494434,0.9705592585394641,28.61458886311067,77.20908498352219
19.5,-0.03779081461891062,0.0021150758254296085,0.9725233035020268,28.614589575920597,77.20908487937842
19.52,-0.009046126384981534,0.025274133553093374,1.0275693925492302,28.61459028902032,77.20908477784164
19.54,-0.04847758653257914,-0.016926319549314717,1.0023164917445389,28.614591002977562,77.20908468445113
19.56,-0.031678056469714465,0.01086958757340186,1.0077920904818398,28.61459171812701,77.2090846037609
19.58,0.015208293122885947,0.00399620867437427,0.9555915798212975,28.61459243175794,77.20908450718832
19.6,0.015716003173016645,0.0052804016266734,0.9760406714156548,28.61459314421197,77.20908439993092
19.62,0.008509151235699295,0.025447070002135357,1.0177415955289257,28.614593857837818,77.20908430330958
19.64,-0.01933952286258426,0.014649842055596045,1.0057354822476516,28.61459457122607,77.20908420443774
19.66,-0.0009542271228395971,0.005774473256500465,0.9970558944262881,28.61459528401521,77.20908410010948
19.68,-7.205078181136809e-05,-0.033097748724565924,1.0112968471720025,28.61459599559969,77.20908398560638
19.7,-0.023167293783850854,-0.019200925905589274,1.0327159561227164,28.61459670661532,77.20908386660618
19.72,0.03006796603534301,-0.002454178671914483,0.995579150729259,28.614597416096093,77.20908373625967
19.74,0.01754724581151343,0.0018674474855330248,1.0013873960531614,28.614598127814336,77.20908362284051
19.76,-0.004419283476593279,-0.02260407449347848,1.003851938374626,28.614598839510222,77.20908350923945
19.78,0.0005377167798906156,0.04823353351156842,1.04784219270548,28.6145995511482,77.20908339516859
19.8,0.00416765615895105,0.030327881105071456,0.9580128747116194,28.614600263362757,77.20908328586692
19.82,-0.040834697368485814,0.01204236640784967,1.013664460295776,28.614600976467706,77.20908318437776
19.84,-0.004943547650411938,0.001440737225674895,0.9977039550248187,28.614601690383466,77.20908309057667
19.86,-0.013639684959955971,-0.004244179398023034,1.0113354345236836,28.614602405142133,77.209083005512
19.88,-0.02003240019789831,-0.019038369200444712,0.9868525489201055,28.614603119415495,77.20908291531268
19.9,-0.005622005857719098,0.0015496103703772507,0.999020699382831,28.61460383344983,77.20908282269016
19.92,0.035953730536990455,0.005155050802855014,1.01422821158931,28.614604548088344,77.20908273632547
19.94,0.012816857225340197,-0.02483521150963249,1.0622582040208768,28.614605262317074,77.20908264566869
19.96,-0.011423579795655937,0.006683528344897949,1.0161607237880415,28.61460597654174,77.20908255497037
19.98,0.011451655627123173,-0.003105180976494975,0.9830386880393899,28.614606691078222,77.20908246751708
20.0,0.027987108731720042,-0.03815615115754782,0.991524806359546,28.614607406195475,77.20908238645745
20.02,0.01849267365825538,-0.017207700215590038,0.9909317178323229,28.61460811993482,77.20908229093017
20.04,0.0011926073984034826,-0.008272110668432885,0.9640871365473997,28.614608834255314,77.20908220121646
20.06,-0.012938735554111479,0.037753753146803806,0.9933981961659712,28.614609548389783,77.20908210960118
20.08,0.013964466272271799,0.011131062490675163,1.0146565816364348,28.614610263075352,77.20908202374326
20.1,0.007869707708434991,-0.026709631381997827,0.9745153576184641,28.614610978324933,77.20908194421304
20.12,0.017903864400554647,0.00972072578835274,1.020969653021012,28.614611694604594,77.20908187779325
20.14,0.01270343603363939,-0.030946079778767312,1.0097554964216868,28.61461241160779,77.20908182242255
20.16,0.020991054306386703,0.021653821077741466,0.9853153335605792,28.6146131292005,77.20908177805481
20.18,-0.01070470423121136,-0.009422493036357572,0.9971694072532431,28.6146138472807,77.20908174549233
20.2,0.026347881312686516,-0.0018727237747834169,1.0319664361528207,28.614614565441148,77.20908171531343
20.22,0.003951992093847993,0.026515932950843802,1.0146709562701173,28.614615283610085,77.20908168539783
20.24,0.04150521745250531,-0.025743271371685,1.000175673097963,28.61461600198088,77.20908166262372
20.26,-0.013783756361791357,-0.027942363702259825,0.9952463336607803,28.614616720478786,77.20908164584091
20.28,0.03471927606330499,-0.011671986526920098,1.0015321814090332,28.614617438927723,77.2090816265286
20.3,0.003958215669252956,0.020767577020386334,0.989764728841154,28.614618157439406,77.20908161052955
20.32,-0.013028360072288967,-0.030386921509536848,0.9579050098856197,28.614618875946114,77.20908159424324
20.34,-0.009677716681086431,-0.056643111962211376,1.0408435582106945,28.61461959430454,77.2090815709684
20.36,-0.006406946163886404,-0.009023177168179975,1.003106499983988,28.614620312866812,77.2090815582551
20.38,0.008483318928038329,0.011034815998218409,1.0079629453024508,28.61462103143514,77.20908154599363
20.4,0.010456709760709993,0.024005234994776584,0.9988418450024619,28.614621750073177,77.20908155050314
20.42,-0.011474000078771581,-0.00926322724170798,0.9852976639855082,28.614622468680622,77.20908154170598
20.44,-0.00048709184521965684,-0.008228532142320048,0.9962815103810246,28.61462318723393,77.20908152835125
20.46,0.042845407172237275,0.023078014685114945,0.9680121047561138,28.614623905791028,77.20908151526368
20.48,0.03455086340201423,-0.03739483399390841,1.045541729961066,28.61462462443232,77.20908151148657
20.5,0.008726473393480642,-0.007770415503660186,0.9753097600315521,28.614625343081123,77.20908151097966
20.52,0.0007600695633640058,0.0038084777985011547,0.9793606743230564,28.614626061727844,77.2090815130144
20.54,0.002400626534365226,0.008984374425700685,0.991194815912272,28.614626780349038,77.20908150582103
20.56,0.012270359454608333,-0.01019613386381765,1.0257615144970476,28.61462749884908,77.20908148915758
20.58,-0.02045585130396811,0.0006888202341168271,1.000290179985253,28.614628217392568,77.2090814751338
20.6,-0.005147530748466902,-0.04976654706825979,0.9752772840793907,28.614628935701273,77.20908144994624
20.62,-0.03337168147755179,-0.013164968246676968,1.0250867672151467,28.614629653882215,77.20908142040697
20.64,0.007984462452105585,0.009070174251089348,1.0146200125357097,28.61463037218404,77.20908139496608
20.66,0.01294391879405482,-0.01964588068509359,1.010768699144329,28.61463109023182,77.20908136148876
20.68,-0.00966372924598748,0.0011796844317919475,1.0143146848234168,28.61463180865885,77.20908134114623
20.7,0.031479735265800654,0.008937450016053962,1.047887238011649,28.61463252725063,77.20908133082148
20.72,-0.024515313260046825,-0.0068509840171553,1.0437018979007222,28.61463324561127,77.20908130763533
20.74,-0.029287497604196404,0.003409275419931418,0.9862656931399341,28.614633963750908,77.20908127682063
20.76,0.004489036371199441,-0.019254651305692247,1.032477699856223,28.614634681084677,77.20908122731664
20.78,0.02094196605224309,-0.004132225593920933,1.007663363795178,28.61463539805639,77.2090811714194
20.8,0.033678553829157375,0.012204323391784452,1.009981916322755,28.614636115383107,77.20908112178303
20.82,-0.0091776852573788,0.0031394592193686845,0.9661545833671334,28.61463683252333,77.20908106876503
20.84,0.021573616668625912,-0.01173062539127871,0.996592284692236,28.61463754987041,77.20908101951191
20.86,-0.0007701693900141442,0.004484328085815861,0.9837435281932687,28.614638266476174,77.20908095782517
20.88,-0.0034525459988163924,0.014292195812732361,1.0165611762978661,28.61463898349124,77.20908090265426
20.9,0.017673198749733447,-0.04099882557154956,1.0214216100080562,28.61463970022641,77.20908084295024
20.92,0.013046457568268393,0.023181481299117953,0.9585102729796737,28.614640416967948,77.20908078334558
20.94,-0.031527843139684986,-0.0067250947736214395,0.9995593027199146,28.614641133660584,77.20908072298266
20.96,0.029530806994517916,0.008509798664804606,1.022437230095885,28.614641849621503,77.20908065224387
20.98,0.027601827082949032,0.023944938472904558,0.9962664207537311,28.61464256481879,77.20908057210572
21.0,-0.012511254030190589,-0.02743347394460932,1.0145812729000472,28.61464328066342,77.20908049985587
21.02,0.00791607066874818,-0.014188820048550932,1.0070233093525416,28.614643996755408,77.20908043086014
21.04,0.009880603725654776,-0.005770973917514096,1.0068332046390525,28.61464471344391,77.20908037043355
21.06,0.005213475316478143,-0.015675070422488568,0.994573700438634,28.61464543030085,77.2090803126578
21.08,-0.011006103076908403,0.03469873151673617,0.9756683839172858,28.614646147229585,77.20908025604976
21.1,-0.013432467358761031,-0.017135441876535856,0.9775693970514995,28.61464686319385,77.20908018535492
21.12,-0.0005110814198289056,-0.011110935589737332,1.0141870502891064,28.61464757898771,77.20908011245528
21.14,0.023454580385187294,0.004087780632059536,1.0003891651103776,28.614648294764017,77.20908003933236
21.16,0.010872003091888648,-0.024042990521521777,0.9972297551078555,28.61464901165746,77.20907998214732
21.18,-0.007412286641722119,-0.007913614235125276,0.991522199153553,28.61464972887884,77.20907993057352
21.2,0.015433974212966895,0.006349065225003503,0.993896223090385,28.61465044671103,77.2090798915551
21.22,-0.05697085241260151,-0.006657208087650225,1.0209382358897627,28.614651164735072,77.20907985742345
21.24,0.022975314007442068,-0.0018677371779989658,0.9932951183626395,28.614651882527827,77.20907981747477
21.26,-0.03479427557556199,-0.010586642248967418,0.9731787057339686,28.614652600361165,77.20907977848381
21.28,-0.007248818828062643,-0.03028940618361534,1.0148730355108035,28.614653318273355,77.20907974142457
21.3,-0.022393397892522877,0.006431864226784771,0.9959024667227057,28.614654035848357,77.2090796966867
21.32,-0.025893629514418117,0.03509866143294483,1.0006279173106556,28.614654753267093,77.20907964880712
21.34,0.023216535747570387,0.00036803261566876257,1.0321515661279903,28.614655470597825,77.20907959924604
21.36,-0.009354024026237827,0.004505282344950991,0.9995887888529899,28.61465618853463,77.20907956281087
21.38,0.006930077634614316,0.013854455102337189,1.0057836734623744,28.614656905650552,77.209079509368
21.4,-0.0009384115775836814,-0.025386609930933984,0.9764215301740335,28.614657623280042,77.20907946577898
21.42,0.009540816544462429,0.03405029316259211,0.9956066109529808,28.614658340519583,77.20907941453392
21.44,0.0015364378212051073,0.0040465759284560405,1.012190520904172,28.614659057074384,77.2090793520837
21.46,-0.025659844483771392,0.03263713798178218,0.9688925253231752,28.614659774226165,77.20907929926892
21.48,0.0199253363889428,-0.014660659910479788,1.0040169018623142,28.61466049169807,77.2090792524346
21.5,-0.00987513166322625,0.0363612384511565,1.002015821452896,28.61466120962929,77.20907921585683
21.52,-0.03113163797319502,0.015503109880695663,1.0008257491117487,28.6146619277946,77.20907918582846
21.54,-0.00856230321931825,0.011060801717047168,1.0207431779731648,28.61466264635051,77.20907917265656
21.56,0.03001519581268622,0.004680489087062959,1.0066887702969705,28.61466336495981,77.20907916405817
21.58,0.017004434842269857,-0.0049705723614889875,1.029561437967129,28.614664083556416,77.20907915417888
21.6,-0.006973042688157184,0.024010633169477453,0.9801282096881193,28.614664802178538,77.20907914710676
21.62,-0.006985154086368576,0.0028071973969609394,1.002718491344367,28.6146655208223,77.20907915021405
21.64,-0.006432701024347652,-0.039341394071743044,1.001689335727799,28.614666239465496,77.2090791469411
21.66,0.04153495967121682,-0.022343729234140047,0.9786149101248984,28.614666958074693,77.20907913833169
21.68,0.007638709044631067,-0.003716915043854946,1.019125900041827,28.61466767665711,77.2090791271932
21.7,0.008600832943821394,0.006199979663311102,1.0464934661170564,28.61466839487462,77.20907909883117
21.72,0.020605669080636844,-0.0011317697779979169,0.9996598785103233,28.614669113125824,77.20907907159884
21.74,0.00477578318053027,0.024379415795873265,1.0101004217654754,28.6146698307984,77.20907902894027
21.76,-0.005180842916414062,-0.0390220372807725,1.0016903695163066,28.614670548490746,77.20907898671547
21.78,-0.003926996981699566,0.002871758730103204,0.9857283066018565,28.61467126647696,77.20907895156633
21.8,-0.001432025188281279,-0.0363595845077431,0.9635847944439597,28.614671984307865,77.2090789125173
21.82,-0.0007444447301968318,0.015194245909683369,0.9858845303380926,28.6146727026127,77.20907888718699
21.84,0.014552590872739597,-0.0018891742888400551,0.9721608323809654,28.614673420516176,77.20907884990933
21.86,0.0010389177161459887,0.008392199440482364,1.0340820415611824,28.61467413875854,77.20907882237607
21.88,0.014652801544311585,-0.01727765921179532,0.9976978061215352,28.61467485714772,77.2090788003672
21.9,-0.0016143316021716464,0.02558929863315502,0.9930816134190565,28.61467557509959,77.20907876431924
21.92,0.0015727038063218118,0.02083449328117703,1.017783076495756,28.614676293645413,77.20907875045185
21.94,-0.039964013690642154,0.011670886060237752,0.9775649779428822,28.614677012183332,77.2090787360627
21.96,0.01832655349404963,-0.0025903449372688156,0.984662719239909,28.61467773058275,77.20907871449188
21.98,0.006929769517959854,0.011597145705902643,1.0013614453849724,28.614678448644607,77.20907868140866
22.0,0.019960202197193046,-0.014137851359746979,1.0205753798284696,28.61467916664083,77.20907864652582
22.02,-0.057925107563873784,0.017111113180414243,1.0100337009033757,28.614679884597457,77.20907861060098
22.04,0.04176749409561455,0.03298961788647842,1.0049665028503176,28.614680602586077,77.20907857551563
22.06,-0.0027917925631034753,0.021412211199583725,1.0015623547047203,28.61468132047979,77.20907853799481
22.08,0.022163656334750332,-0.01459204939614819,1.0080047171105355,28.614682038567683,77.20907850565308
22.1,-0.020798118542510617,0.007228346345462058,1.0040330581025851,28.614682756540127,77.2090784701408
22.12,0.012255478101251395,-0.025862830875172955,0.9794005545044613,28.61468347377498,77.20907841881073
22.14,-0.021068311263473125,0.011447806223513515,1.000921584432663,28.614684190941734,77.2090783662604
22.16,-0.012475379213916102,0.009012068257250778,0.9785262268216449,28.61468490681545,77.20907829438552
22.18,0.038280627077335726,-0.03739632679064328,1.0016216508580165,28.614685622907906,77.209078225396
22.2,-0.0038136480152669316,-0.023235676878247277,0.9903870411702351,28.614686338372938,77.20907814842151
22.22,0.004348657463594458,-0.005662777934875343,1.0507876324556573,28.6146870539474,77.20907807277854
22.24,0.017401354613775084,-0.006017194942816525,0.9992021123249658,28.614687770332655,77.20907800785326
22.26,0.009913637759452093,-0.024189538708376108,0.9719152086747682,28.614688486144935,77.20907793518869
22.28,0.0030083781028715285,0.007779574587043675,0.9973163957864615,28.614689202593862,77.20907787118158
22.3,0.007299220049324508,0.005029472178810242,1.0103871749127578,28.614689918792543,77.20907780363805
22.32,0.0480683117047655,-0.0038853826395703864,1.0334672789230506,28.61469063592064,77.20907775040754
22.34,-0.0011523759406717078,-0.015115830003167258,0.9882109520012257,28.614691352873322,77.20907769419445
22.36,0.00402198093429935,0.02097414252833127,0.9683514405195272,28.614692069385924,77.20907763111907
22.38,0.021013087920152242,0.03310814226176591,1.0163367402286196,28.61469278626214,77.20907757365441
22.4,0.022110518659159677,-0.009671229676930742,0.972388025882007,28.61469350291171,77.20907751263157
22.42,0.023740606111207603,-0.012243338343096415,0.9912768911698503,28.614694219085152,77.20907744474171
22.44,0.012774604440583693,0.009824153308239925,0.9948475902897801,28.614694934965637,77.20907737295434
22.46,-0.022860098254609672,-0.007160587594939725,0.9986073309339978,28.614695650817943,77.20907730080322
22.48,0.03266863064602192,-0.0027879440132646833,1.0137832891414866,28.614696367455863,77.20907723960309
22.5,-0.02292690786037376,0.014793063034493428,0.9863273143542722,28.614697082920724,77.20907716262654
22.52,0.006052709304780665,-0.03818712175014586,0.9945254149566648,28.614697798401163,77.2090770858381
22.54,-0.015085517000387159,0.026366046497053385,0.9997145929410123,28.61469851428887,77.20907701414427
22.56,-0.0012827669318598509,0.001453610486586827,1.0029919591503758,28.614699230296992,77.20907694402813
22.58,0.006575248206069608,-0.008229862891243604,1.0019565434941584,28.614699947049917,77.20907688460133
22.6,0.006427144309005462,-0.0017846830844289786,1.0087201155044516,28.61470066376386,77.20907682456755
22.62,0.008438415084705695,-0.0007514128995896254,1.0168767901928348,28.61470138037932,77.20907676302713
22.64,0.032274225381172944,-0.03462402606889851,1.0078526823130194,28.614702097302207,77.20907670632306
22.66,0.009070686030279596,0.02989876454906472,1.0090717104701843,28.614702814274178,77.20907665043009
22.68,-0.004883132705812974,0.0008265126454123693,0.9683555366650705,28.614703531049127,77.20907659134897
22.7,0.019281743365767146,0.008860042608947504,1.0010045539833137,28.614704248082223,77.20907653648297
22.72,0.023789409778492813,0.019030995411480855,1.0095901509600322,28.61470496478577,77.20907647628833
22.74,-0.02455215630273985,-0.020423249151206004,1.014578823891409,28.61470568115297,77.20907641110507
22.76,0.01194800139699716,0.009469437980704569,0.9861529845153241,28.61470639720806,77.20907634161411
22.78,0.014023454846217967,-0.005352821817975872,0.9868192145022271,28.614707114022995,77.20907628316591
22.8,-0.005951270067199838,0.016935415504329875,0.988517986494328,28.61470782881372,77.20907619845144
22.82,0.027514136266232392,-0.04254454840702991,1.0107282779978268,28.614708543893048,77.20907611695876
22.84,-0.0030011117406505347,-0.00198188600482538,1.0206776210984843,28.61470925899685,77.20907603574524
22.86,0.002511529069430845,-0.012056413115679232,0.991850797854168,28.614709972801332,77.20907594085149
22.88,-0.0034614364856773924,0.00864525901268311,1.018159246272541,28.614710686860402,77.20907584847664
22.9,0.0003115809516293507,0.009400883747364043,1.002469596183292,28.614711401297185,77.20907575997263
22.92,-0.021925501737904037,-0.014152517896440522,0.9975142844567513,28.614712116179664,77.20907567626884
22.94,-0.028801017651885887,-0.014243477283520871,0.9957723154036406,28.614712828862455,77.20907557100193
22.96,0.03189010126449945,-0.002213307371146589,1.0149322272920431,28.614713542741356,77.20907547683741
22.98,-0.016939226966366558,-0.017932844546304165,1.0065115563357414,28.614714255990997,77.20907537667621
23.0,-0.019827846989126145,0.01683967390904254,1.0455165085529528,28.614714969827507,77.2090752820956
23.02,-0.043067802272074296,-0.007384144008948923,0.9829555071400535,28.61471568425971,77.20907519354361
23.04,-0.012779234953790044,-0.05813976438643283,1.0103620340405994,28.614716397982956,77.20907509786025
23.06,-0.02646179586814997,-0.007496441132436122,0.9894159798037697,28.614717112245394,77.20907500754865
23.08,0.032840303202727385,-0.020770876416879448,0.9826142602602271,28.614717826196905,77.20907491410121
23.1,0.020196341786852683,-0.03262551630921891,0.9997826572593006,28.61471853829615,77.20907480382878
23.12,-0.013763006903554476,-0.02474853276445145,1.0027470495881408,28.614719251477233,77.20907470303611
23.14,0.045048716106886176,0.002188169436659401,1.0583634711012018,28.61471996395113,77.20907459594999
23.16,0.019635309739831887,0.026572816564964623,0.996317083686336,28.61472067559575,77.20907448193276
23.18,-0.006496627670172449,0.0062636894772996,0.9773964254103064,28.614721386831153,77.20907436464898
23.2,-0.049988114297471464,-0.012130067764314793,1.0054602143498876,28.614722098344213,77.20907424957129
23.22,0.045818851451814836,0.009118083903414054,0.9585071992490727,28.6147228097993,77.20907413402942
23.24,-0.02779144933527192,-0.009181806204379835,0.9981608643479147,28.6147235217996,77.20907402293103
23.26,-0.032907974939137837,-0.013892007383262892,1.0003205056459032,28.61472423242968,77.20907390097882
23.28,0.020451408640192806,-0.02308725336465969,1.0158920076589042,28.614724942245406,77.20907377302039
23.3,0.04879504812678546,-0.035036576135034386,1.019472444988557,28.614725651930357,77.20907364412413
23.32,0.027685456370210363,-0.007798474131188907,0.9899286076218456,28.614726363634883,77.20907353059317
23.34,0.011278182401047191,0.0031610697984026373,0.9969877197074013,28.614727075225517,77.20907341613957
23.36,0.011895086833305719,-0.0019324734002977946,0.9846775833877865,28.614727787864595,77.20907331048933
23.38,0.017068311175606154,-0.008319338558947172,0.9774387489038461,28.61472850053938,77.20907320515208
23.4,0.015178571795735302,-0.018914921213935624,1.0061978955876127,28.614729212758583,77.20907309588958
23.42,0.005623828479387516,0.012164923833699371,0.974528289028068,28.61472992473897,77.2090729846257
23.44,0.0020840220790375214,-0.026342638398931698,0.9917074619885627,28.614730636553844,77.20907287199604
23.46,-0.0012518625579904482,0.015520558276869507,0.9800965208020153,28.61473134895259,77.20907276426307
23.48,-0.015079291777333526,-0.020044340378534496,1.0109936637258052,28.614732062584018,77.20907266769514
23.5,-0.005613501537335482,-0.0150487047470607,1.0360286019853298,28.614732776515744,77.20907257405175
23.52,-0.03385913628390771,-0.02933570381231354,0.9739682403439334,28.61473349137299,77.20907249006879
23.54,-0.001966792535894998,-0.010028042937712733,0.9629396303420487,28.614734205485686,77.20907239823342
23.56,-0.01977182214301835,0.019506249169559578,0.9975022622929987,28.614734919257973,77.20907230302595
23.58,-0.02207178634431542,0.01031256176887913,1.0003139559191552,28.61473563240618,77.20907220193185
23.6,0.0035978830230695693,0.0195684422405607,1.004373186135146,28.61473634582992,77.2090721033927
23.62,0.02784004572689199,0.010442850918678716,0.9910735896953131,28.614737058938555,77.20907200193699
23.64,0.01836633212004626,-0.022073396570607386,0.9959872140234913,28.614737772678158,77.20907190641206
23.66,-0.03141001207246354,-0.006615784486551147,1.0073502082108121,28.614738485606125,77.20907180332192
23.68,-0.01979256273140675,-0.015603982582349255,1.0208086178528968,28.61473919857297,77.20907170058125
23.7,0.01881542375976432,0.026611498080780806,0.9608990245936343,28.61473991214248,77.20907160342138
23.72,-0.019649747870766194,-0.023935772928526233,0.9926212112193707,28.614740623798383,77.20907148949559
23.74,-0.004492662999940492,0.01787395378778222,1.0042761758788212,28.614741337415825,77.2090713927936
23.76,0.011001041980491037,0.017859077402175384,0.9816404779077853,28.61474205079004,77.20907129379025
23.78,-0.019366889097272705,0.03659240403432174,1.034623392635346,28.61474276225812,77.20907117835225
23.8,0.002107510122919198,-0.008193731852589948,0.9872918023954252,28.614743473885525,77.20907106419568
23.82,-0.02668050989836409,0.014246443191603243,0.9991741462598543,28.614744185546403,77.20907095031023
23.84,-0.012027352879024273,0.04563303673077686,1.0111204419368458,28.61474489712517,77.20907083576093
23.86,0.00639563868285074,-0.012352833538673932,0.9881743042239621,28.61474560966569,77.20907072925154
23.88,-0.031859874670633385,-0.030700804950647195,0.9630685390439117,28.61474632288516,77.20907062881193
23.9,0.00880949475920798,-0.037600200678155275,0.9914269094616693,28.61474703636411,77.20907053079286
23.92,-0.0003927559785336243,0.014254240577226627,1.0205888111185408,28.614747750223177,77.2090704364334
23.94,0.011049799088342955,-0.03766300416117168,0.9932620974642973,28.61474846399541,77.20907034122537
23.96,0.0044782826812932285,-0.007446381058758457,0.9830713139708205,28.614749179139007,77.20907026046778
23.98,0.027282808599476883,0.008746263740779215,1.0185134441900545,28.614749893155746,77.20907016766928
24.0,0.0025044900529581455,0.003703510736598281,0.993384502079539,28.614750607285558,77.20907007600675
24.02,-0.00858811082250506,0.008508897283683446,0.9897967837269956,28.61475132146754,77.20906998487321
24.04,0.0024459500606456757,0.004445797116017081,1.0029891217932663,28.614752036276542,77.20906990035904
24.06,0.010865960580727758,0.025577316266267865,1.0154150041923757,28.614752750434032,77.20906980897676
24.08,0.0009772014065140865,-0.01904632761477594,1.0476342706346509,28.61475346308424,77.20906970342395
24.1,0.0008118338240776477,-0.013539902769170626,1.0165447221531485,28.614754175878886,77.20906959914436
24.12,-0.014039833756135107,-0.01545318890541648,1.0231967993277669,28.614754888928157,77.20906949714869
24.14,-0.013258018351018964,0.016603836237252204,0.9898806760202429,28.61475560323203,77.20906940726329
24.16,-0.02805210543599387,0.01800797176790127,0.9794826378806105,28.61475631647589,77.20906930704862
24.18,0.03499153486373879,0.009024506386370163,1.0012466269923825,28.614757030688015,77.2090692162221
24.2,-0.0248772647078257,0.023669873337798557,1.002143398305192,28.614757746587436,77.20906914468013
24.22,-0.013858103955918147,-0.023560817347527616,0.9784297451727081,28.6147584622445,77.20906907005798
24.24,-0.014368145311383949,0.033344482231022744,0.9964941094019197,28.614759176996284,77.20906898491819
24.26,0.017898487538888827,0.030464772434245165,1.0079863520343826,28.614759891437973,77.20906889646554
24.28,-0.005898993565840556,0.014712439944914935,1.0072078679003615,28.61476060589053,77.20906880812687
24.3,0.024954841453474676,0.0356359781754212,1.0100857570676856,28.614761320768945,77.20906872437801
24.32,-0.01346981248487737,-0.033132464153555474,1.0058192946027489,28.61476203520007,77.20906863581466
24.34,0.005579883244476039,-0.010488962725253037,0.9898598268145988,28.614762750753854,77.20906855991822
24.36,-0.016706941065195147,-0.014706069213639046,0.9897219874670231,28.61476346552064,77.209068474942
24.38,0.04290298255546777,0.014429586475146866,0.9760209720401225,28.61476417888199,77.20906837581848
24.4,-0.023751968380590256,-0.021002814792042912,1.0356955007837019,28.61476489316266,77.20906828569412
24.42,0.00619641420454055,0.015149902986749711,1.0002690072923859,28.614765605459112,77.20906817708695
24.44,0.01267553761864197,0.02741072287993427,0.995502938884103,28.614766317559457,77.2090680668237
24.46,0.008275981949029964,0.013904058001679986,0.9814241583709509,28.61476703233104,77.20906798189988
24.48,-0.003705753177554166,0.005675020473230022,1.0587131580465556,28.614767747093644,77.209067896878
24.5,-0.0025964139946685234,-0.019757466818014983,0.978533439355542,28.61476846097486,77.20906780273624
24.52,0.0008762294395821919,-0.016937019322507293,0.9914230414878785,28.614769174808526,77.20906770812773
24.54,-0.0029400400325697725,0.024992378105933334,1.0083167367257213,28.614769888599906,77.20906761310616
24.56,0.019277582335898193,0.015586980078106648,1.0120042593148855,28.614770602524374,77.20906751939094
24.58,0.04421046003182703,-0.0007803903875508824,1.0191586411043136,28.61477131697802,77.20906743106364
24.6,-0.011149835700156673,-0.00835819091531781,1.0361521701553853,28.61477203058739,77.20906733428437
24.62,-0.02739605959158156,-0.04051615746222754,1.0101231531092143,28.6147727455288,77.20906725123625
24.64,-0.0017656409670250965,-0.021417048373688775,0.9788793840006667,28.614773460646763,77.20906717018462
24.66,0.05159418675308637,0.03822838174279447,0.9948610974975644,28.614774176262962,77.20906709505566
24.68,-0.016073491359394617,-0.025609111420049336,1.0061566474502777,28.614774891450764,77.20906701480764
24.7,0.03278233610888135,0.003789596424421613,1.0413645208301165,28.61477560748558,77.20906694504608
24.72,0.03355401628152881,0.020148879463903972,0.9720438904315141,28.61477632336061,77.20906687318806
24.74,-0.011071764834159892,-0.02509845336004585,1.0240515301045046,28.61477703940796,77.2090668035937
24.76,0.011379661583705507,0.003694209495621666,1.0035982873909284,28.614777754854078,77.20906672639137
24.78,0.03256793246257076,0.0187583107502131,1.0167566107045896,28.614778469589005,77.20906664106812
24.8,-0.007582554819749742,0.0002499864381450067,0.9979601056672813,28.61477918482248,77.20906656135007
24.82,-0.004071607202047235,0.05736806111333537,0.9831513473974735,28.61477989973848,77.20906647801854
24.84,-0.011633618278972874,-0.03337198517756391,1.0150174555880267,28.614780614003827,77.20906638773673
24.86,-0.02029513461385734,0.021174570597677578,1.0130886205421124,28.614781327744648,77.2090662922236
24.88,-0.012985550901320142,-0.0034560347479292877,1.0194411393147944,28.614782042054085,77.20906620239556
24.9,-0.02447880533524513,0.015438403096733501,0.9997339072924273,28.614782755853355,77.2090661074509
24.92,0.0006816693651845214,0.008826143033984917,0.988003559533603,28.614783469554066,77.20906601154962
24.94,-0.015399464621172837,-0.014663123942199931,0.9688242600995232,28.61478418326742,77.20906591577052
24.96,0.004675718235814954,0.004579927849186805,1.0163874653627882,28.614784895237573,77.20906580442164
24.98,-0.031117912924072545,-0.03715802902796574,1.0084777896488797,28.61478560569273,77.20906568115396
25.0,0.006617604644289141,0.012064950011427876,0.9806843473427208,28.61478631650776,77.20906556060848
25.02,0.016670579232178493,0.005963169319810513,0.9892285265340676,28.614787026523555,77.2090654340985
25.04,-0.03987471285142911,0.012773203372862047,0.9906648237609712,28.61478773767326,77.20906531614226
25.06,0.0074811313969514424,0.021162366501743003,0.9703403113603516,28.614788449790833,77.20906520602347
25.08,0.024553379849465845,0.007352396804194218,0.9836463520678973,28.614789162585197,77.20906510174134
25.1,-0.02419282037382411,0.002961788395965524,0.9773233928638729,28.61478987692736,77.20906501225166
25.12,0.03345144773675407,-0.017621366733225844,0.9917504197622413,28.614790591204002,77.20906492208587
25.14,0.008380380187320903,-0.01424441527298102,0.9852260500334088,28.61479130597921,77.20906483720162
25.16,-0.014100237115168177,0.02373469240354662,0.967459901582665,28.61479202030674,77.2090647475605
25.18,-0.00111538155315412,0.02872670811411957,1.0404518046113895,28.614792736349113,77.20906467789965
25.2,0.011166538250434448,-0.004762208726241082,1.0250508146205846,28.614793453463577,77.20906462443132
25.22,0.0015201078282482301,0.0009200549450654825,0.9844196115696003,28.61479417058361,77.20906457106004
25.24,0.010775119848927385,-0.01809228749987532,1.0054484279330722,28.614794887879412,77.20906452084715
25.26,-0.018413471861587326,0.023455136905348898,1.0083493017964258,28.614795605708107,77.20906448174533
25.28,0.00338721648072156,0.013308336473835574,1.0238217170954695,28.614796323485514,77.20906444144039
25.3,-0.028274289938099606,0.03882434872927498,0.9836278994667984,28.614797041015123,77.20906439576751
25.32,-0.0022245212269740066,-0.01756646154359478,1.0218421356796485,28.614797758867745,77.20906435723995
25.34,-0.018078152829295795,-0.007560157980364344,0.9890418939158613,28.614798476746675,77.20906431935383
25.36,-0.014710598851795332,0.004628918450511446,0.9732827519166277,28.614799194685265,77.20906428296422
25.38,0.024721863504208748,0.012929790754515414,1.0144827311862898,28.614799912332366,77.20906423975305
25.4,0.02182620241188538,-0.004313352750952647,1.0258151684824486,28.614800629222064,77.20906418250702
25.42,0.01218276241814354,-0.01745922180907401,1.0517581794706137,28.614801346228433,77.20906412718958
25.44,-0.02184625529345158,0.017628150578471422,0.9760054946981958,28.614802063644895,77.20906407926573
25.46,-0.006328168993896039,0.014422707250911633,1.0139783937016158,28.61480278096453,77.20906402949663
25.48,0.02426195399958367,-0.0183254820112745,0.9918039751241293,28.614803498837723,77.20906399146966
25.5,0.002834338272798095,0.027108856022109915,1.0156671742104806,28.614804216458147,77.20906394768738
25.52,0.046386590799633885,0.023403974183932075,0.970590208975375,28.614804933633295,77.20906389528584
25.54,0.007866356787887437,0.0026859299449558576,0.9747446044860287,28.614805650777352,77.20906384233507
25.56,0.003840982329800632,0.0015919572475207278,0.9844825035366703,28.614806367882775,77.2090637887096
25.58,-0.006182329284050028,0.011081155422318143,1.0015792809133617,28.614807085329403,77.20906374137537
25.6,0.002670818095645646,-0.017234061405125164,0.9871783746692329,28.614807802432473,77.2090636877091
25.62,-0.003049396727610878,0.0006006295832816435,1.0131810868782685,28.61480852011294,77.20906364522315
25.64,0.01416217353377181,-0.04304767089218361,1.0205378923651582,28.614809238388137,77.20906361882462
25.66,0.01913404633589168,0.017529112910058712,1.011991550824907,28.614809956654206,77.20906359210579
25.68,-0.01571978921015899,-0.03122986444883719,1.0323757527932174,28.614810675157305,77.20906357561395
25.7,-0.026624659071155563,0.030068396568579982,1.0083165325891068,28.614811393467352,77.20906355047606
25.72,-0.03672410746206593,-0.006602401879329006,0.9756620657931967,28.614812111973148,77.20906353413747
25.74,0.010159826538250873,-0.004233339638623538,1.0272675302707668,28.61481283058975,77.20906352637132
25.76,-0.022067332123477473,-0.012554678121690113,0.9878968752878801,28.614813549238427,77.20906352567349
25.78,-0.04305781185904966,-0.005760777478441528,1.0182083699937114,28.614814267887002,77.20906352484823
25.8,0.007771572090619282,0.028370626902960733,1.0314746843311022,28.614814986200596,77.20906349984227
25.82,0.04985999034865581,-0.04975617313070159,1.009133760214608,28.61481570435853,77.20906346958589
25.84,-0.00012141823079786648,0.025539307721763757,0.970076823736707,28.61481642233615,77.20906343420964
25.86,0.01676981548903284,0.006760469622034164,0.9816357566698042,28.61481713997562,77.20906339083433
25.88,0.0016365871709513003,-0.02414043295714431,1.0264548893377028,28.6148178576611,77.20906334845837
25.9,-0.0019777930638228535,-0.02150624786098476,0.9966175462871437,28.61481857518443,77.2090633026576
25.92,0.018381529659755372,0.03352786054416406,1.0015914706988434,28.614819292351818,77.20906325011845
25.94,-0.005805490883773027,-0.018910137598854623,1.0151764883232721,28.614820008990677,77.20906318893253
25.96,0.005347846281438059,-0.02306701021191919,1.0139264572416065,28.614820725226874,77.20906312190715
25.98,0.006433956123920273,0.022746290847294588,1.005575996247709,28.614821442077893,77.20906306403599
26.0,-0.013361809072860975,0.006771057525718285,0.9958266325755907,28.614822158577432,77.20906300076827
26.02,0.01984084699073046,-0.018758511530727977,0.9937466310853529,28.614822874781478,77.20906293329853
26.04,-0.003499195133908173,0.00433249950809238,1.017157976505827,28.614823590707555,77.20906286210352
26.06,-0.015114903189856895,-0.020515053672805546,1.0110713906213558,28.61482430684139,77.20906279367352
26.08,0.010730196871408072,0.022016427968452105,0.9948539999876442,28.614825023241846,77.20906272896619
26.1,-0.017969359635820744,0.02122741929746267,1.0216422462598629,28.61482573758106,77.20906263944595
26.12,0.000563623147382565,0.010640123976438862,0.9974193176974043,28.614826452685847,77.20906255824357
26.14,-0.00018237993288407086,0.007233221224940332,0.9829667565133121,28.614827168740735,77.20906248874984
26.16,0.02171791131663156,0.035223762497347474,0.9848205860219331,28.614827884115474,77.2090624106939
26.18,0.009493964657599056,-6.273452235494242e-06,0.9804251832738047,28.614828598790172,77.20906232471843
26.2,-0.0005005391749028784,-0.023637482508416022,0.9945517996679263,28.614829313117802,77.20906223507829
26.22,0.016355325984005742,0.008989478256646137,1.0246744855667238,28.614830026830113,77.20906213928905
26.24,0.02780415098034627,0.04172094099074228,0.9838980963793899,28.614830740728934,77.2090620453206
26.26,0.011156206127037245,-0.020295189863717044,1.003769515220362,28.614831452886904,77.20906193554127
26.28,0.00020705239686761215,-0.007229255333879715,0.9868662130874517,28.61483216392304,77.20906181669987
26.3,-0.02623672464700319,0.008328920762029053,0.9947938191745712,28.61483287648067,77.20906171033904
26.32,-0.02130227326150745,-0.0010780969801147831,0.969799175760295,28.614833588140936,77.20906159644854
26.34,-0.006104494087093353,-0.019646071607546292,0.9955892354168693,28.614834300989333,77.20906149264677
26.36,-0.012190244043185663,0.022437157124609416,0.9961258924039007,28.614835014157027,77.2090613917311
26.38,-0.0037394260597089202,0.04640081444034519,1.010805758880714,28.61483572560526,77.20906127613436
26.4,0.0011329984979421433,0.003922629180478147,1.0044656182651075,28.61483643768385,77.20906116568887
26.42,0.010593855087134616,-0.018081365794720007,0.9760321575009591,28.614837149647858,77.20906105428898
26.44,-0.0014099755611818243,-0.030979210501069502,1.0216839648808709,28.614837861159067,77.2090609391963
26.46,0.009730032876524039,0.005159519624423617,1.0042060608044399,28.614838572915634,77.20906082608937
26.48,0.001289488296202405,0.022077546866325154,1.0039678703435497,28.614839285135456,77.20906071683197
26.5,-0.03950933132707743,0.009503354929907632,0.9998163529322972,28.614839998016112,77.20906061331804
26.52,-0.018786707876375087,-4.8076818377076885e-05,0.9896448510555556,28.614840711917946,77.20906051937929
26.54,-0.0028817511144323092,-0.011785433035786124,1.0043560467949746,28.614841426150402,77.2090604287604
26.56,-0.024193894856822152,-0.021843272654361794,1.0095117687185717,28.61484213922099,77.20906032695817
26.58,0.011998574599924091,0.016695026526497642,0.9650620861730889,28.614842851860292,77.20906022130976
26.6,0.03061501664687395,0.018275432427711714,0.989224783253078,28.614843566920108,77.20906013959508
26.62,0.024375237033946333,-0.030914595733814665,0.9949010605919282,28.61484428248086,77.20906006378385
26.64,-0.00426885741860416,0.03179677956361368,1.0051234121138857,28.61484499941743,77.20906000730463
26.66,0.02981452273699904,0.011481424417880026,1.0238662201185424,28.614845716976042,77.20905996222687
26.68,0.002973349144042231,0.02799189290291587,0.9845651837080643,28.614846434628245,77.20905991912574
26.7,-0.006741719422360787,-0.026842554969702302,0.9900407630636432,28.614847152391228,77.2090598784888
26.72,-0.012268053270818795,-0.027316483108308778,0.989749317787069,28.614847870141112,77.20905983755277
26.74,-0.0060493937297625665,-0.0029793861953459383,0.9839694481979092,28.614848587158153,77.20905978241511
26.76,-0.007763536370824576,0.010055688537903885,0.9930562700977548,28.61484930418392,77.20905972742484
26.78,0.003408324447509754,0.035927216458539274,1.0154160443997595,28.61485002174156,77.20905968232704
26.8,0.003211479620997292,0.014121578276302631,0.9789232900927131,28.614850739048908,77.20905963232863
26.82,6.092040306828939e-05,-0.004853625536240667,1.008556287903058,28.61485145653098,77.20905958569675
26.84,0.008738763394926997,-0.020527384153317844,0.9659619553996333,28.614852174335645,77.20905954602661
26.86,0.023812925495726826,0.024600011454383,0.9887732400711559,28.61485289179382,77.20905949891997
26.88,0.018991082708826476,-0.019294108515014296,0.9934102139956402,28.61485360905806,77.2090594481254
26.9,-0.02969795936899807,0.032569371095446435,1.0334971934582813,28.614854325831256,77.20905938901666
26.92,-0.0510784226980391,-0.0056876929921301864,0.9945039539049463,28.614855042153618,77.20905932319698
26.94,0.018686398224785475,0.03181164145235701,0.9559751305309816,28.614855757672636,77.20905924687635
26.96,-0.027337573968308423,0.013578625801185566,0.960022221862775,28.614856472559367,77.2090591632196
26.98,-0.004495308037853671,-0.0027399097888491653,1.0006805917269337,28.614857188416476,77.20905909113027
27.0,-0.023402260521187192,-0.010387927436522533,1.0122754171157982,28.614857903664245,77.20905901157873
27.02,-0.036039608751600394,-0.006818157546921597,1.007509117152545,28.61485861899975,77.20905893305759
27.04,0.010829254564095761,0.008566333847504751,1.0033514021160197,28.614859333979584,77.20905885043977
27.06,0.015183103206052937,0.001543129924354335,1.0232451919501133,28.61486004976471,77.20905877742885
27.08,-0.01153020801453439,-0.011876228161374102,0.9892081755852574,28.614860766328658,77.2090587151148
27.1,-0.0518208458428982,-0.003312628206352645,1.0178982111205366,28.61486148333852,77.20905865985607
27.12,-0.010924888965049655,0.0015715405943829961,0.9673597022994717,28.614862200493523,77.20905860709802
27.14,0.00783608010805093,-0.042574681888296245,0.9819010433412386,28.6148629175396,77.20905855245249
27.16,-0.029578231375482576,0.009163362295773974,0.9638591721013636,28.614863633963008,77.2090584880757
27.18,0.0036671983955831127,-0.019594424494336137,0.9945030939866042,28.614864351349404,77.20905843957127
27.2,-0.00030619698345991117,-0.0230666480641149,0.9990747756546732,28.614865068391634,77.20905838486024
27.22,0.011585829992021767,-0.033746886942214206,1.0022820298445303,28.61486578573681,77.2090583355711
27.24,0.002391607368283065,-0.03587784995735781,1.0012376670577428,28.614866503500174,77.20905829494284
27.26,-0.01946137881763111,-0.027108950062245785,0.9814489333837655,28.614867221054425,77.20905824977508
27.28,0.023931430033289826,-0.01418041915260981,0.9961951831117357,28.614867938981593,77.20905821309424
27.3,-0.0031705914605394004,0.03906518275053136,0.970051066627885,28.614868657133876,77.20905818266426
27.32,-0.0005460907901986373,-0.010517593517904078,1.027264579502645,28.61486937564052,77.20905816637413
27.34,-0.01866535918146392,0.0035550021253606266,0.99392747854204,28.61487009407213,77.20905814624271
27.36,-0.008865645023830207,0.008009627730126574,0.9902222776191262,28.61487081221711,77.20905811558984
27.38,-0.01769605428053802,0.0026213037243169746,1.0317788065688815,28.61487153021689,77.20905808080215
27.4,-0.0034589211984684598,-0.001548869214519873,0.9751550693290154,28.61487224827889,77.20905804772275
27.42,0.03423416960284687,-0.023905875271984893,0.9774882577193607,28.61487296635767,77.20905801511951
27.44,-0.027438022858627127,0.029018550965584238,0.9780755935026287,28.614873684318287,77.20905797929825
27.46,-0.03227122795753482,0.0361439328727577,0.9986425723660104,28.614874401547727,77.20905792787002
27.48,0.02942340654987217,-0.033653173882453716,1.008632632592752,28.614875118981637,77.20905788028628
27.5,-0.004186473543037322,-0.02048057181772759,1.0147935093623566,28.614875837099834,77.20905784882983
27.52,-0.013381454773198331,-0.005596206847540122,1.0514399063498994,28.614876555338494,77.20905782117144
27.54,0.02079809374792153,-0.019290755898203827,0.9550113509159848,28.614877273711727,77.2090577984973
27.56,-0.012112310794737282,0.010119311069117305,1.0121747117824884,28.614877992187132,77.20905778050796
27.58,0.03652019427093872,-0.01456544404813226,0.9888573885485554,28.614878710719577,77.20905776576835
27.6,0.013558517426785382,0.04330112135613205,0.9882716970222245,28.614879429341386,77.209057758655
27.62,-0.009758228162914053,0.023810971886871923,0.9876045574349225,28.614880147982266,77.20905775477827
27.64,0.04314616426531007,0.0042514806126442975,0.9818246065838405,28.614880866608992,77.20905774834189
27.66,-0.012114298460066768,0.020539725266394644,1.033690496692069,28.61488158516798,77.20905773538972
27.68,0.014841907440186139,0.02211800848714618,1.0168459465402782,28.61488230369643,77.20905772039964
27.7,0.0059858516081298385,-0.011278949761164865,1.0004639195711476,28.61488302226267,77.20905770798079
27.72,0.026034825787975963,-0.016324344890839296,1.02702031504974,28.614883740790866,77.20905769297472
27.74,0.031230223934537053,0.001562861259392949,0.9697494206940225,28.61488445935692,77.2090576805416
27.76,0.0006400829813153325,0.01723272248995888,0.9733858973733814,28.614885177963973,77.20905767170322
27.78,-0.01506835740692367,0.0027812079730683533,0.9564406453561063,28.61488589661073,77.2090576696854
27.8,0.009199442858782329,-0.03153992964381994,0.9860117091975342,28.61488661522108,77.20905767816888
27.82,-0.013554307395042122,-0.016056488879016846,1.0032339705340951,28.614887333825404,77.20905768729092
27.84,0.04026774495053246,-0.0014794572718875606,1.0020571715586466,28.614888052473,77.2090576857072
27.86,0.002730706621654749,-0.0015133120865166052,1.0029868382211977,28.614888771111517,77.20905768129833
27.88,-0.007306431026242174,0.039450843535796164,0.9717788633786784,28.61488948975167,77.20905767725017
27.9,0.0036936061172981685,-0.02771975884797996,1.0160630948522804,28.614890208205498,77.20905765817541
27.92,-0.02694252579059393,0.010111784836717493,1.0047925503647799,28.61489092682258,77.20905765046719
27.94,-0.019432280770213032,0.029782262166565793,1.01466108562932,28.614891645448566,77.20905764392447
27.96,0.024008278158888507,0.04542899490845592,0.962144756448199,28.614892364091233,77.2090576405036
27.98,-0.013137885579427916,-0.008087948463679226,1.0062298171759558,28.614893082707905,77.20905764826134
28.0,-0.020938219653638793,0.009828589054403996,0.9762446952016495,28.614893801353222,77.20905765086059
28.02,0.010733055050545724,0.011395207143972939,0.9920535349489727,28.6148945199736,77.20905765815907
28.04,0.02371408309325994,0.003909634631065816,1.0106872979727277,28.614895238600585,77.2090576645582
28.06,0.014379066213301334,-0.0019769040247861213,1.0018218721251182,28.614895957236694,77.20905766945036
28.08,0.019920953716116328,0.008719507790000918,0.9829692004044136,28.614896675884538,77.20905766802107
28.1,-0.015135901771389215,-0.050644921704393706,1.0001254631236884,28.614897394453596,77.20905768022662
28.12,-0.028436213334836875,0.013641389801252625,0.9693692936951271,28.614898113057823,77.20905768935843
28.14,0.030026673039109737,0.002523558073239344,1.023005347917966,28.6148988315884,77.20905770421571
28.16,-0.006453596776842715,-0.004449497935565308,0.995894319610075,28.614899550237208,77.20905770372426
28.18,-0.005016660329100947,0.04093724391439116,1.0223709988851066,28.61490026884108,77.20905771289246
28.2,0.02656388283698116,-0.013498680375811046,0.9894693662580791,28.614900987320485,77.20905773067327
28.22,0.011124600188013199,-0.008061519781300616,0.9895284802318683,28.61490170578434,77.20905774925151
28.24,0.009117755441632153,0.039831066044094685,0.9847162642672431,28.61490242428336,77.20905776597235
28.26,0.04330004689802168,-0.016641226096997135,1.0175234786338616,28.614903142717917,77.2090577859669
28.28,-0.01287036460760286,-0.011002305658730779,0.9858113768534305,28.614903860562602,77.20905782468594
28.3,0.018556802561624744,-0.002940508468617,1.0128919086483035,28.61490457889499,77.20905784898132
28.32,0.00114026249794169,0.016814689642590985,0.9923509520466142,28.614905297038625,77.20905787967504
28.34,0.0053718455772651386,0.0041560501470662686,0.9604807340021676,28.61490601539805,77.20905790290999
28.36,0.030569368528250634,-0.025852506943045254,0.9885937186442707,28.614906733761522,77.20905792598194
28.38,0.010156715125792476,-0.010643371262543791,0.976417835712743,28.614907452172993,77.20905794702539
28.4,0.01076592158099266,-0.012147088664244228,1.0006780544736467,28.614908170656996,77.20905796456343
28.42,0.021450146746196046,-0.0015444209044609115,0.9761918452865102,28.614908889142608,77.20905798201582
28.44,-0.007299054590857707,0.008516873172596582,1.0185195020142923,28.61490960775577,77.20905799018463
28.46,-0.016784193346780128,0.008364115117759443,0.9981784827929394,28.61491032625707,77.20905800677772
28.48,-0.020896183880420673,-0.03552023508096804,0.9964480801048252,28.614911044904062,77.2090580086844
28.5,-0.03932713178752004,0.02127881975121712,1.0131178427557517,28.61491176353155,77.20905801500972
28.52,0.041124142598806444,0.00505137691993247,1.0192781386815173,28.614912482173338,77.20905801866195
28.54,-0.022064167314433662,0.027690640951878124,0.9995980249646069,28.614913200803404,77.20905801272859
28.56,-0.00442507247171544,0.008883966545813438,0.9845759940090142,28.614913919442536,77.20905800845199
28.58,-0.005536265997778413,0.022026459154715242,0.9645206076777574,28.61491463793612,77.2090579914308
28.6,0.006148133956182015,0.009330906229002539,0.9862790048592964,28.61491535643558,77.20905797473465
28.62,0.016314744250785936,0.026924515124054964,0.9876557550670407,28.61491607465377,77.20905794639478
28.64,0.017209469767194906,0.01044501272035557,1.002141149059846,28.614916792979074,77.20905792182909
28.66,-0.011661548771378769,-0.0019583049288580813,0.9930970623772395,28.614917511074353,77.2090578897008
28.68,-0.00334243427572823,0.04544869440893764,1.0137586594410286,28.61491822903513,77.20905785388369
28.7,0.005651599009765993,0.017780742445597842,0.9877403345745862,28.61491894708523,77.20905782047082
28.72,-0.004973822523670942,0.011474888420088264,0.9988591766629412,28.614919664887303,77.20905778073994
28.74,0.032146911520399855,-0.02552608833076672,1.0236797488639378,28.61492038266904,77.20905774053512
28.76,0.009819499032765027,-0.025766152349270755,1.0068365042790994,28.61492109983426,77.20905768795751
28.78,0.014697555720996349,0.005854309642837068,0.9987992491662288,28.61492181727639,77.20905764053485
28.8,0.013257625373348254,0.002910423955364816,0.9879611111612965,28.614922535341485,77.20905760754285
28.82,0.0234694771497065,-0.012282451300166324,0.9873353720657004,28.614923253935267,77.20905759740026
28.84,0.003620431174074139,0.0028196539922412003,0.982987734940961,28.614923972536868,77.20905758800396
28.86,-0.025936638959116933,0.031772538560871914,0.989179862684342,28.614924691181162,77.20905758506001
28.88,0.007993759035052832,0.013908049491005974,1.0151133167748863,28.614925409665513,77.2090575675405
28.9,-0.013027137875836581,-0.022820170195054765,0.9955622345741546,28.61492612829985,77.20905756232165
28.92,-0.010572333634995138,-0.002230176542858874,0.9730045386123753,28.614926846948098,77.20905756345728
28.94,0.011727280375101866,-0.016099329617051218,1.0353633858611957,28.614927565592755,77.20905756063124
28.96,0.024765661428672713,-0.0077539983281712235,1.0063993038229033,28.614928284213107,77.20905756793314
28.98,0.000425431534721233,-0.008272313312592854,0.9718611319897366,28.614929002847443,77.20905757315187
29.0,0.006176660251979276,-0.009552911652080104,0.9911630214551835,28.614929721495226,77.20905757462106
29.02,0.03404429889270476,-0.025102707439467898,1.0022177276565682,28.61493044012876,77.20905757998149
29.04,0.004815063589771366,-0.0025530936303638026,1.0340918418659475,28.6149311587717,77.20905757663694
29.06,0.052033662283607895,-0.0112121527369462,0.9778377508348226,28.614931877407134,77.20905758165576
29.08,0.011310192912630882,-0.05858897380004536,1.0195208143871188,28.614932596049027,77.20905757802987
29.1,-0.035215255183116356,0.04105944049003326,1.0279897285394468,28.614933314617875,77.20905756580828
29.12,0.015066832422090651,0.02177539308433344,0.9874269138985086,28.614934033059395,77.20905754614104
29.14,0.007623167697655555,-0.007526014498499921,0.9944497276227954,28.61493475161132,77.20905753269008
29.16,0.025795055081654913,0.0003763809948119685,0.9792738150525246,28.614935470076748,77.20905751419093
29.18,0.013463627025399168,-0.023433086946351236,0.995930777178394,28.614936188258,77.20905748466139
29.2,-0.0027691196796754765,0.0339144575562173,0.9992682005131414,28.61493690626907,77.20905745017731
29.22,-0.024485964725787315,0.037945773895462234,1.0131929999616474,28.614937624270404,77.20905741543116
29.24,-0.0041804651457205055,0.003133874564930492,1.021803669420409,28.614938341861453,77.20905737102846
29.26,-0.017010409084186003,0.020470612883706895,0.9850380787075671,28.614939058956008,77.20905731721469
29.28,-0.011610468996094454,0.0035057355786784774,0.9606534987154801,28.614939776888065,77.20905728065814
29.3,0.011771568088412192,-0.026734508777518613,0.9995751044144752,28.614940494517374,77.20905723706514
29.32,0.033398090087028126,-0.008236467379273147,1.005870750599373,28.614941212019314,77.20905719083157
29.34,0.007893430596459621,0.0026385593354391413,1.0049883537537008,28.61494192936737,77.20905714159677
29.36,-0.023917661240703686,-0.009090954374868884,0.9934665350498191,28.614942646526938,77.20905708891927
29.38,0.008892053364402814,-0.00437306554870072,1.0024950419932788,28.614943363959995,77.2090570413188
29.4,0.023932629732913022,-0.001827991150182289,1.030308896167045,28.614944081756992,77.20905700146909
29.42,-0.012195658086387645,-0.0016175699573092262,1.0076346833792502,28.614944799443602,77.20905695911787
29.44,-0.0026803433334583538,0.0010451698099496643,0.9925326314999383,28.61494551661566,77.20905690666142
29.46,0.00029376389458394186,-0.02121210132793202,0.9899960436580801,28.61494623431633,77.20905686462056
29.48,-0.0156979662616448,-0.014340322982558724,0.9966029528464454,28.61494695198149,77.20905682180026
29.5,0.012965608676877181,-0.025691685313999388,1.0327347992366127,28.614947670189615,77.20905679313135
29.52,-0.0024189629721556314,0.019556310993724006,0.9963339858094761,28.61494838765156,77.20905674609925
29.54,0.008390648878140556,-0.042112938836806495,0.9996041131095859,28.61494910519281,77.20905670066425
29.56,-0.017749843556042002,0.023071806866338508,0.9903537285812739,28.614949823367198,77.2090566709189
29.58,-0.008749166006468209,0.027726987945256867,1.0219796671488393,28.61495054144486,77.20905663828368
29.6,0.014447627156555428,-0.006043611739652428,1.0391967450948936,28.614951259456095,77.20905660380404
29.62,-0.0074566630418353395,-0.052062741756545974,1.0090122609886278,28.61495197755364,77.20905657174158
29.64,0.0345392770246681,-0.00722621123934581,1.0016554580757084,28.614952695482696,77.20905653510863
29.66,-0.007992723712292047,-0.0012836832257763855,1.0007356566634846,28.614953413307898,77.20905649592368
29.68,0.0044936945150377185,-0.02021196439857827,0.9523138642242851,28.614954131012798,77.20905645397663
29.7,0.018651816637461797,-0.010304367876164856,1.0149030172856963,28.614954848472536,77.20905640690088
29.72,-0.028367314658660634,0.030603903977267026,1.0026833283199168,28.614955566385927,77.20905636987169
29.74,-0.03521617623961552,0.01329854324603482,1.0085668410132145,28.614956284441565,77.20905633661359
29.76,-0.030513126291401897,-0.018491282287562,0.9857707561183259,28.61495700256812,77.20905630540562
29.78,0.02525168206854364,-0.03195198339190864,0.9923108624204582,28.614957720892715,77.20905628081307
29.8,-0.011037162917848935,-0.006540346352195422,0.9917795012699365,28.61495843915773,77.20905625405747
29.82,0.05116398571336505,-0.004269135587008765,1.0204324596814607,28.614959157219378,77.2090562209682
29.84,-0.011284951973147772,0.009923983747266326,0.9924248032679381,28.61495987509294,77.20905618295025
29.86,0.0036910260639407395,-0.010706334251353181,1.041653206442196,28.614960592967098,77.20905614494689
29.88,0.030842199051357513,0.010229991507237229,1.0086172483803006,28.614961310447622,77.20905609828404
29.9,0.04012185776318246,0.03870308080120458,0.9744863468000854,28.614962027714245,77.20905604753312
29.92,0.04123007153272796,0.016310020448885253,0.9974290741349608,28.614962744741376,77.2090559925659
29.94,0.02416732461186285,-0.0009617701466154517,0.9869664975568717,28.614963462631785,77.20905595496296
29.96,0.02048125051622925,-0.0036630094210658936,0.9561123506035996,28.614964179330517,77.20905589469383
29.98,0.011850538984023662,-0.0071334626835974245,1.0319894188022758,28.61496489593306,77.20905583295836
30.0,0.015567221523332755,0.023612818249042895,1.0140628508444,28.614965613364095,77.20905578531836
30.02,-0.011023714326570669,-0.012546268919026058,1.0106641463579862,28.614966330845554,77.20905573867417
30.04,-0.016363977668446144,0.0009044541799996513,1.003308073205994,28.61496704861515,77.20905569818899
30.06,-6.748914821904103e-05,0.001023958037621707,0.9723596486261512,28.614967766419866,77.20905565852006
30.08,-0.003403692450498569,-0.01003568385623064,0.9903276572088913,28.61496848397621,77.2090556133954
30.1,-0.009064560986545504,-0.027449310957682018,1.0168356154956804,28.614969200464216,77.20905554995834
30.12,0.013927748949134306,0.006459490072353364,0.97897559940435,28.614969917065125,77.20905548819827
30.14,0.019106104171410215,-0.001220079437107671,0.9493646136749837,28.614970633223976,77.20905542010881
30.16,0.001768137725836947,0.010004809388731398,0.9954578798443815,28.614971348881515,77.20905534549243
30.18,0.029550601621105236,-0.010672006128783338,0.9971648489194492,28.614972064203297,77.2090552668091
30.2,-0.022833782282670103,0.024416425976260956,1.0027112683282942,28.61497278062135,77.20905520235502
30.22,-0.0038731891855943623,-0.017535475624236897,1.0145703728702906,28.614973498192818,77.2090551575435
30.24,-0.014336446412056099,0.03424080568035785,1.0127521162446242,28.614974215848036,77.20905511450758
30.26,-0.0373307323414612,-0.03495273019656523,1.0051753961048784,28.61497493331992,77.20905506767262
30.28,-0.001653613716853985,0.008695401291137824,1.0239106277617342,28.61497565025809,77.20905501121969
30.3,-0.002434950167665671,0.009508613650532469,0.9696206043837337,28.614976367420585,77.20905495859388
30.32,0.03026899486484262,-0.015911141358817646,1.0100916362895478,28.614977085292722,77.20905492054105
30.34,0.012616233691095552,0.008487878757220253,1.0125307672667387,28.61497780308004,77.20905488046569
30.36,-0.0204837364865841,0.025590373395203175,0.9752087542783952,28.614978519827385,77.20905482095145
30.38,0.03708185132668377,-0.04433637678708129,0.9699425878263522,28.614979236908706,77.20905476690929
30.4,0.02442067391050706,0.010054896149816292,0.985081157470488,28.61497995442269,77.2090547209189
30.42,0.011641954069372316,-0.049865416406601554,0.9867691711496942,28.614980671206226,77.20905466197298
30.44,-0.004529681976996639,-0.019313296070464163,1.0150683892700487,28.61498138807997,77.20905460446818
30.46,-0.019188784734469597,0.0325833272980189,0.9877092243261781,28.614982105174196,77.20905455064873
30.48,-0.00744413552142106,-0.01163564066784108,0.982873029634376,28.614982822233692,77.2090544962321
30.5,0.02177497239408372,-0.02347759928817945,0.9877673252661088,28.61498353889302,77.209054435358
30.52,0.03769172611869218,-0.003958754579693638,1.0223726466830843,28.61498425605826,77.20905438278074
30.54,0.03086487056544378,0.041358126763271046,1.000260867487539,28.614984973031486,77.2090543269085
30.56,-0.009776988435725482,-0.036633644944120525,0.9964149794928617,28.614985689197212,77.2090542589129
30.58,-0.022392348665780226,-0.02102619823278689,0.997799890025979,28.61498640398928,77.20905417421292
30.6,0.002817724938224079,0.029948633663592527,1.0258412066865306,28.614987119662008,77.20905409978582
30.62,-0.03536878731125703,0.03715404687075465,0.9850165654679351,28.61498783572403,77.20905403038743
30.64,0.00646335428369563,-0.0020686244858056785,1.026310165818802,28.61498855183937,77.20905396170667
30.66,-0.0029520517259733737,-0.02478105405053285,1.00420992597843,28.614989267682322,77.20905388943504
30.68,-0.009320730037364845,0.04191687003618318,0.9967916123604931,28.61498998317964,77.20905381285075
30.7,-0.03189406134533591,0.031888847834983934,1.0500180099586855,28.614990697912354,77.20905372750329
30.72,0.010272002131394332,0.013578939755244658,0.978887210204028,28.61499141231516,77.20905363864381
30.74,-0.010654016793238227,-0.0162480469787484,0.9929262848086599,28.614992124903743,77.20905353255226
30.76,-0.023398336714205763,-0.0009805868167607347,0.97535137521672,28.61499283678751,77.20905342048874
30.78,-0.05744524426563299,-0.003207201620896615,1.0190492394107233,28.61499354836195,77.20905330590428
30.8,-0.0005502981010127252,0.006617026092311556,1.0337837786730335,28.614994260536626,77.20905319626549
30.82,0.035445031933394884,0.029020028762626722,1.0333984556280928,28.614994972672815,77.20905308630279
30.84,0.0332251842909574,0.017588340822748065,1.0244789750629202,28.614995685553847,77.20905298279209
30.86,-0.009141925131725437,-0.021547521539695164,0.9960475906440807,28.614996399595892,77.20905289024638
30.88,-0.012044241207235611,0.027529929000390755,0.9926951804502031,28.614997114457623,77.20905280631276
30.9,0.009375485121500476,0.006262642800263106,0.9665766045501187,28.61499782965812,77.20905272621152
30.92,-0.01996770878376583,0.013741315917178325,1.040717470703636,28.614998544866953,77.20905264620694
30.94,0.00603583799638932,0.02933081718557206,1.0093795615629693,28.614999259352565,77.20905255821565
30.96,0.015321605567693805,-0.022231604990271023,0.9901608619026103,28.614999974390173,77.20905247624908
30.98,0.024538664477686153,-0.0007165115741292586,1.0265611377797395,28.615000690535513,77.20905240797542
31.0,-0.0020030815295990555,-0.010629091027184302,0.9805447096648,28.615001406881703,77.20905234249301
31.02,-0.004073475003539317,-0.03135718850730912,1.0081324406844534,28.61500212419829,77.20905229266683
31.04,-0.017559651735131222,0.006934199552098398,0.9965474173141833,28.61500284076414,77.20905223038115
31.06,-0.0165376070807972,0.05023113103168847,1.0127735427976061,28.615003556651207,77.20905215867877
31.08,-0.0045295778380305355,-0.03680155489011506,0.9987285292162775,28.61500427305039,77.20905209395305
31.1,0.007347310136323562,-0.0006456122209894065,0.9709814421777755,28.61500498959724,77.20905203138436
31.12,0.018271692524664988,0.012810858701495469,1.0015115274534008,28.615005706803846,77.20905197954444
31.14,-0.0160635790136069,0.002461564033123623,1.0209772828375072,28.6150064240034,77.20905192757812
31.16,0.029853771379190434,-0.002262561050314808,0.9994156718829202,28.615007140779984,77.20905186852258
31.18,-0.0054224720208513755,-0.025984327268916484,1.0155023024317817,28.6150078574442,77.20905180772317
31.2,-0.00042734588696872317,0.004655734858803272,0.979089410286519,28.615008573206232,77.20905173441889
31.22,-0.014944233582956467,-0.015135279540318528,0.999474784134603,28.61500928819644,77.2090516519175
31.24,-0.048484805205458836,-0.043798434099571064,0.9875097908982284,28.615010003857115,77.20905157734018
31.26,0.017680907927220994,0.023891844410274615,1.014939616802094,28.615010720061925,77.20905150988087
31.28,0.014736877941848667,0.01916771639684085,1.00062983124524,28.615011436476987,77.20905144538358
31.3,-0.0056265511423642675,0.001033219537021596,1.0138014735267322,28.61501215181153,77.20905136685091
31.32,0.0013398143444974383,0.004581493764114051,1.0217542085231572,28.615012866894393,77.20905128539826
31.34,0.010318784354081989,0.021486360254311228,1.0138323715024278,28.6150135810477,77.2090511939734
31.36,-0.03125091713773086,0.004486793135561652,1.0054623686858728,28.615014296095826,77.20905111212595
31.38,-0.010581053546925897,0.01808035109522629,0.9800357548297719,28.615015010712362,77.20905102552528
31.4,0.015885293592436543,-0.005949644017477003,0.999944277786662,28.615015724461376,77.20905093009141
31.42,-0.025085788463384988,0.02623967477147893,0.9893381919596833,28.615016438235322,77.2090508348998
31.44,0.005871158643332586,0.0064157145186536785,0.9931187208659155,28.615017151459703,77.20905073450517
31.46,-0.027131636092468103,0.0038810388721174805,0.992509316984995,28.615017865913185,77.20905064617598
31.48,0.009328599648670527,-0.025401221774240642,0.9804014885043552,28.615018579777608,77.20905055186888
31.5,-0.0007128296459496714,0.005739117086034175,0.9608532282173202,28.615019292413795,77.20905044619302
31.52,-0.03230263631811019,-0.016639098349889022,0.9866371390334446,28.615020002887764,77.20905032306585
31.54,0.023294787089143426,-0.012765654530569883,1.0038675890384832,28.615020713328423,77.20905019968953
31.56,-0.014691831535960985,-0.016307512566322423,0.9730364590914502,28.61502142314926,77.20905007176754
31.58,-0.01620504874028762,-0.0213246986379845,1.0003136447294325,28.615022131293067,77.2090499323051
31.6,0.004011383944618857,0.04249542806033923,1.0380053684862194,28.615022840842713,77.20904980244548
31.62,0.022972746988574304,0.02662678123976806,1.0204611311050449,28.615023551137206,77.20904967798187
31.64,-0.02031643637956794,0.03840735004288522,1.0328708301824105,28.61502426140084,77.20904955328994
31.66,0.0012335969969594332,-0.02445790039111128,1.0078225575386546,28.61502497309174,77.20904943964788
31.68,0.00857633000661146,0.0014250749982178499,1.023350196459729,28.61502568542797,77.20904933137955
31.7,0.013862112145262881,-0.025870152504081916,0.9855207053906443,28.61502639695802,77.20904921643789
31.72,0.0035288311055445038,-0.01391389754394128,0.9871131946595603,28.615027107401065,77.2090490930794
31.74,-0.007340556781666447,-0.0183625396683315,0.9452171958772505,28.615027818706135,77.20904897634482
31.76,-0.016551804412974394,0.02479168012883123,1.023722909480846,28.6150285304118,77.20904886282281
31.78,0.001722877660927495,-0.007924593562035197,1.0308064795963978,28.6150292422856,77.20904875067716
31.8,-0.021442780239712137,0.021367586673880327,0.9889364550930546,28.61502995330055,77.20904863167117
31.82,-0.05842700966989215,0.01208241779177036,0.9949209658720553,28.61503066493748,77.20904851759138
31.84,0.008731196083153356,0.04607277504209578,0.9849227577261808,28.615031375797507,77.20904839739045
31.86,0.018078696821723906,-0.02958888446279448,1.00765307102955,28.61503208654955,77.20904827636372
31.88,-0.04725864871083677,0.02518466479573598,1.0224986509060647,28.61503279876443,77.20904816706434
31.9,-0.020194614094198753,0.022928817408014553,0.9651445605223792,28.615033510329702,77.20904805240596
31.92,0.012383085220103956,-0.019467576760540693,1.008188770612845,28.615034220223738,77.20904792501211
31.94,0.04114990939423398,0.02014266672946319,0.9944665645656171,28.61503492890137,77.20904778911388
31.96,0.0004158741535081579,0.006722899260524577,1.0022678878393338,28.61503563873014,77.20904766124902
31.98,-0.01456005882458269,-0.004549525199068156,1.009179880033486,28.615036348842537,77.2090475354443
32.0,-0.0036579288220968034,-0.016478709739439993,0.9962359512245436,28.615037058812014,77.20904740859717
32.02,0.027497528382963696,-0.014382189028983718,0.9979282629318844,28.615037768205397,77.2090472776344
32.04,-0.012919283582490707,0.040996241915718525,0.9957224966489072,28.615038478148424,77.20904715059532
32.06,-0.01598384013300507,1.3656379149652559e-05,1.0194063240357656,28.61503918711893,77.20904701669402
32.08,-0.009654870443640648,0.015642600030629183,1.00837519920255,28.615039896445424,77.20904688526193
32.1,-0.019066572165174246,-0.015817987633351065,1.0044116707547472,28.615040604909247,77.20904674792472
32.12,0.0024534063198959105,-0.015597058924432777,0.9745809655781543,28.615041312262303,77.2090466033487
32.14,0.03249356916939121,0.021639696184998846,0.9924284051357369,28.61504201879191,77.20904645363895
32.16,0.006461585462320582,-0.026991524231030645,1.0179733832067834,28.615042724823166,77.20904630090885
32.18,-0.005047070042525752,-0.00830427535810543,1.0007539314624785,28.615043430788866,77.20904614778605
32.2,-0.005836225378310882,0.000680548221444641,1.0131906293917827,28.61504413706911,77.2090459965572
32.22,-0.03126381617393314,0.0022274520368010483,1.0353302360065526,28.615044837973528,77.20904581576316
32.24,0.01766219554294318,-0.0035818657003231255,1.0207721213841763,28.61504553757327,77.2090456285266
32.26,-0.0015567439402560408,0.007916395621918463,1.0018631667539948,28.615046236524037,77.20904543817089
32.28,-0.003609598271812513,0.013857115116356232,0.9897802165960855,28.615046937910584,77.20904525981962
32.3,0.06386215135689721,0.0146927509091866,0.948929008078882,28.61504763756533,77.20904507284995
32.32,0.005975058167313725,-0.019716076173356533,0.9966323015505429,28.61504833748635,77.20904488717802
32.34,-0.015035821001903687,-0.005683101958575944,0.9934797500836631,28.615049039765864,77.20904471344637
32.36,-0.008527151924110866,0.023895257237538756,1.0078073238879075,28.615049739982474,77.20904452922635
32.38,0.022968914183935096,0.017892943751477448,0.9969218954605062,28.61505044083078,77.20904434815024
32.4,0.002265408210755289,-0.027457189029621278,0.9935922988112641,28.615051140381265,77.209044160675
32.42,-0.028765559566347333,0.0070295980070440335,0.9644120213898556,28.615051839092335,77.20904396918083
32.44,0.01838457869150407,-0.0395645049874962,0.9812006434169986,28.61505253643082,77.2090437713007
32.46,-0.01336288171077988,0.0009386980412073926,1.0095330208160112,28.61505323247933,77.20904356761231
32.48,0.03746595552435091,0.03795534033491954,1.034318152622654,28.615053933136444,77.20904338557861
32.5,0.021600961314292972,-0.018957854345379724,0.9980494923250876,28.615054635117996,77.2090432102913
32.52,-0.008946437913175023,-0.01668646090983164,1.0065562214714825,28.615055338752235,77.20904304382454
32.54,0.02562032723470226,0.01528059563145719,1.0190495631390561,28.615056043096924,77.20904288130328
32.56,0.0013571102105480659,-0.03085603030419292,0.983782121275995,28.615056745059196,77.2090427059158
32.58,0.01705547350244439,-0.012655100597700782,1.007336280865709,28.61505744762409,77.2090425336879
32.6,0.009694656345889495,0.011928822751635053,0.9851901978733568,28.61505815177069,77.2090423700566
32.62,-0.01692713309981747,-0.012685716953788062,1.0172964887698202,28.6150588546658,77.20904219958604
32.64,-0.01287099664634924,-0.004719399744219433,1.0030280609590347,28.61505955897274,77.20904203685262
32.66,0.020599216351623224,0.014883714206300691,1.0059690362796287,28.61506026426839,77.2090418797741
32.68,-0.006695506642130818,0.008430921670731225,0.9843480280516282,28.615060971996765,77.2090417376015
32.7,-0.008072969264839934,0.005336367925908038,1.0141406471922156,28.61506167919754,77.20904159206196
32.72,-0.01910245158698706,-0.0067824455854007745,1.0416942584246203,28.615062384953404,77.20904143768904
32.74,0.008471981311869221,0.007401222305379107,0.9798417660914359,28.615063090214587,77.2090412804098
32.76,0.0412504983848629,-0.0024746536019951324,0.9932048198470496,28.615063797385105,77.20904113467961
32.78,-0.021350658285085457,0.009156112198515694,1.0046321494833619,28.615064502098463,77.2090409742456
32.8,0.00048438913345516136,-0.009938640502359566,1.0157281242399163,28.61506520374823,77.20904079724288
32.82,0.028244411108308585,-0.0036513794875908225,0.9888090742942106,28.61506590553662,77.20904062095474
32.84,-0.001592827824914303,-0.01979915585104028,0.9433393941971452,28.61506660663321,77.20904044113013
32.86,0.009047435924994678,-0.000700152200124718,1.0271837898832805,28.615067307741995,77.20904026136724
32.88,-0.021247870562937594,-0.0162200172725769,1.015210122391683,28.61506801031119,77.20904008916209
32.9,0.008566141944152972,-0.022280929003239868,0.9651410493902667,28.61506871203434,77.20903991253725
32.92,-0.0037428853000909756,0.005173222957107763,0.9878486241644089,28.615069410730452,77.20903972097223
32.94,0.01971459991359726,0.004254795517153207,1.0313636485905464,28.615070112718442,77.20903954571835
32.96,0.023747721031295025,0.01565747469897145,1.0289559283691574,28.61507081313734,77.20903936249888
32.98,0.05179127284037228,-0.008622511391501981,1.018772800453579,28.615071511813632,77.20903917084007
33.0,0.011592663464271513,0.008161056936735115,0.9964777513208027,28.615072212304327,77.20903898797712
33.02,0.006515926331643329,0.011015951445473264,1.0016597483762502,28.615072912172636,77.20903880204749
33.04,0.0038876860315467205,0.008895476156631896,0.9973814838974775,28.61507361193734,77.20903861561251
33.06,-0.007063325856213767,-0.01651307365604284,1.0225647956653767,28.615074312484037,77.20903843302816
33.08,0.006769676869233823,0.002987269645423778,0.9824831518700978,28.61507501472637,77.20903825910155
33.1,-0.005908028202780588,0.007282805921093228,0.9838840069023159,28.61507571645566,77.20903808250839
33.12,0.003369219525392286,0.00014356933815883884,1.0202054917367203,28.61507642046009,77.20903791808514
33.14,0.026351950712159195,-0.0417295531674217,0.9991127708897688,28.615077121221372,77.20903773657248
33.16,-0.020130851305592824,0.0032097924794696015,1.027569347109076,28.615077823173078,77.2090375611301
33.18,0.022797571222580908,0.044250620787944846,0.9865697558603891,28.615078523807078,77.20903737898095
33.2,0.026342301346797305,-0.007200785375139655,0.9989044327932235,28.615079226569314,77.20903720780096
33.22,-0.002361370539821575,-0.014561541957106423,0.981551740303121,28.615079929544294,77.20903703775826
33.24,-0.042437097980171895,0.007466971194227964,1.0001472536284712,28.6150806314989,77.20903686233093
33.26,-0.01215643974188865,0.006247564209331435,0.970429061260024,28.615081334458853,77.20903669220765
33.28,0.025939890931222186,0.023854703308328288,0.9902473315809007,28.615082038724672,77.20903652924342
33.3,-0.00045736124597764243,-0.025157363118177758,0.9712749227014377,28.615082743894263,77.20903637143215
33.32,-0.019986044645898215,0.014627605051499848,1.0138784646638253,28.6150834476,77.20903620535799
33.34,-0.010095498424564349,0.011808441225029269,1.014331786795193,28.61508415059185,77.20903603540582
33.36,0.01681240053009106,-0.002842930738810922,0.9653947453903131,28.615084853577624,77.20903586542103
33.38,0.010934671364027586,0.0067737463584338,1.0266777149100115,28.615085556501768,77.20903569510585
33.4,-0.004778641983393886,0.020589149631967146,1.049948302528397,28.615086260527107,77.20903553079883
33.42,-0.0073364882362937514,0.017446307600569005,1.0009201277347268,28.615086961503483,77.2090353503671
33.44,-0.007835162980876439,-0.022860386241474573,0.9871777147955071,28.615087663005493,77.20903517260601
33.46,-0.01844820368997005,0.01640316373510969,1.0564866118200609,28.615088364052042,77.2090349925284
33.48,0.032307513789388835,-0.0012937721006503697,0.9736206300339498,28.61508906374844,77.20903480576104
33.5,-0.006446409384226798,0.0014574819603103079,1.000402129337382,28.615089762208218,77.20903461308087
33.52,0.02434317041650993,0.00146393982003389,1.0035924454526384,28.615090460303506,77.2090344186942
33.54,0.030426321038449028,-0.0030048597759651996,1.0269029524090483,28.61509115180251,77.20903419580294
33.56,0.019966217962959207,0.023834149942141298,1.0071947795025358,28.61509184191233,77.20903396739307
33.58,-0.008632406254360969,-0.0016743591969842404,0.9900273220842309,28.6150925302396,77.20903373210699
33.6,0.008074601806732189,-0.022390922567663375,0.9809763125922408,28.615093219657545,77.20903350100178
33.62,-0.00048391212781832333,-0.007870597119394578,0.9931635635950773,28.61509390741891,77.20903326357801
33.64,-0.018074037214602563,0.0035738943362095123,0.9798614527810972,28.615094594730337,77.20903302446945
33.66,0.00648718563443206,0.024584295685941008,1.0009565063956936,28.61509528519718,77.20903279746399
33.68,-0.02358079582319605,0.012061893698976672,0.9887160764027902,28.615095977611386,77.20903257829056
33.7,0.023753587769231276,-0.01701070557494088,0.970119244134205,28.615096671733376,77.20903236624267
33.72,-0.009292345945967862,0.04970379833357783,1.025102915767498,28.6150973649162,77.20903215024495
33.74,0.004023193117456786,0.005295506219559593,0.9900465495314192,28.615098059118466,77.20903193853835
33.76,0.005665757430922843,0.025507814759980298,0.9746372639004938,28.61509875288414,77.20903172498268
33.78,-0.005178099474081547,-0.003034288671544583,0.9966348173102492,28.615099446280862,77.2090315098777
33.8,0.011733876029505494,0.010667184894108988,1.0013674313193532,28.615100140445378,77.20903129801053
33.82,-0.009498073132450489,0.016789370090368096,0.9650706654884194,28.615100833487187,77.20903108142643
33.84,0.017425945949144882,0.02436389423508512,1.0066329533425153,28.615101529290296,77.20903087665285
33.86,-0.026919593604934972,0.0211473661075645,0.9790568486261947,28.61510222480466,77.2090306706103
33.88,0.0025275915909282365,0.017443940001459556,1.0342205761838157,28.61510292142418,77.20903046947086
33.9,0.0387785799811657,-0.006301734623882172,1.0104792102415348,28.615103620539994,77.20903027990317
33.92,-0.020006626492111493,-0.011434920839121229,0.9920020001978137,28.61510432133538,77.20903009856141
33.94,-0.013554899410497031,0.006652150206483951,0.985096644593653,28.6151050198184,77.20902990599058
33.96,0.0102781569931783,0.018662561446821387,0.9979006458487275,28.6151057190466,77.20902971696152
33.98,0.003591635638791959,-0.004454414015532141,1.0122558148316658,28.615106419661167,77.20902953471536
34.0,0.007012601985471184,0.02130343931428773,0.999490117428296,28.615107121674708,77.20902935959428
34.02,0.00978374260295327,0.029052334909723587,0.9956568238572628,28.615107821933297,77.20902917558132
34.04,0.012694429371235398,-0.018326418381468396,1.001167405816358,28.615108521115424,77.20902898633126
34.06,0.022193996839124465,-0.0167384140759256,0.9879228213752609,28.615109221915247,77.20902880501174
34.08,0.00819637313857025,-0.002807501178106729,0.9931358814631392,28.615109921482237,77.20902861761634
34.1,-0.004825153092370849,0.006152253363783928,0.9582841512218999,28.615110620553068,77.2090284278335
34.12,0.013451474024054626,-0.010491340275341019,1.0194745246170474,28.61511132216243,77.209028250623
34.14,0.03799763869790431,0.027044053577342887,1.0059759556064352,28.615112023697353,77.20902807303051
34.16,-0.002652674927651471,0.008481337230369024,0.9845308831193313,28.615112724080713,77.20902788963477
34.18,-0.01949058609341283,0.0007889409648147898,1.0379746996271049,28.615113423024198,77.20902769924425
34.2,0.022141613385739455,-0.02871819047737055,1.0017403296078478,28.615114122519905,77.20902751150386
34.22,-0.002407623279071965,-0.02631631632855014,0.9792771285604961,28.615114819756368,77.20902731315766
34.24,-0.04345339092028072,0.005620185005636126,1.017134748429409,28.61511551656004,77.20902711284761
34.26,0.016948433543008432,-0.042651912523096726,1.0079609643301852,28.615116213945804,77.20902691518368
34.28,-0.010706563719078455,0.020252748192881437,1.0078915997096844,28.615116913526947,77.20902672785685
34.3,-0.0018106656460832155,-0.003163076887446406,0.9914848879069682,28.61511761419025,77.20902654585397
34.32,0.006639606611380291,0.06486185939189466,1.0090099144755607,28.615118313694822,77.20902635815645
34.34,0.003809993595581328,0.04615832501232221,0.9947648341955782,28.61511901509248,77.20902617986177
34.36,0.01418903634278079,-0.003628981384950335,1.011118829032917,28.6151197160182,77.2090259991748
34.38,-0.008709727411396867,-0.0021267400506262994,0.9619011109197872,28.615120414930416,77.20902580863539
34.4,0.010262115963521654,0.019911630280040594,0.9913225307404162,28.615121113553833,77.20902561672654
34.42,-0.005190933551678344,0.03406345219836076,1.034443101956164,28.61512181452778,77.20902543628249
34.44,0.01477620961775006,-0.03276058114872034,0.984658650891994,28.615122515762515,77.20902525715815
34.46,0.012307349680261068,-0.03572750930709373,0.9879232340501363,28.615123217016937,77.20902507813382
34.48,-0.01870877404089191,-0.012440696111087628,0.9910407732310005,28.615123920750264,77.20902491221138
34.5,0.021719642323500647,0.011654751663477288,0.9757038772822272,28.615124622326718,77.20902473483187
34.52,-0.01071926890228096,0.009937471810151942,0.955834384475435,28.615125321843397,77.2090245471929
34.54,0.0161611559656229,0.021395429099677003,0.9953882720295277,28.61512601860725,77.20902434670316
34.56,0.007345746268026813,-0.023993950567306164,1.002717188481633,28.615126716022125,77.20902414917255
34.58,0.03676367353590245,-0.04632287725937753,0.998949898629227,28.615127413724743,77.20902395296493
34.6,-0.004469319647437043,0.01716028390604291,0.9971024287610423,28.615128114001468,77.20902376904152
34.62,-0.00698633592236395,-0.01656392545930469,1.0008608174170077,28.61512881466923,77.20902358706088
34.64,-0.0003883921177546522,-0.040369757287772756,1.0204568294310152,28.615129514685616,77.20902340185593
34.66,-0.006063595656685509,0.0029012749191876324,0.9961910762814157,28.615130214704923,77.20902321666529
34.68,0.015998838038841,0.015863513764373546,0.9885183484582546,28.615130914915103,77.2090230324134
34.7,-0.03232621216873176,-0.0024411426424255454,0.9943774903022383,28.615131612323545,77.2090228348533
34.72,-0.021073648382927083,-0.009156967723649784,1.0115869351951354,28.615132314175785,77.20902265889521
34.74,-0.021356058431583863,-0.003187244642918131,1.028240537570865,28.61513301682156,77.20902248709588
34.76,0.019006151839471516,-0.007411655248015657,0.9874371252166164,28.61513371978251,77.20902231697785
34.78,0.03421226745163851,-0.026960942238803343,1.0019786757405778,28.615134423648833,77.20902215178906
34.8,-0.0020889843707494297,-0.014293613539808637,1.006767148838719,28.61513512852617,77.20902199229243
34.82,-0.0033764344638002124,0.01042559810027629,0.9801484398654235,28.61513583320601,77.2090218316674
34.84,0.0014010432622636277,0.006433570827530002,1.0004083433442583,28.615136536981733,77.20902166597844
34.86,0.02323756605216381,0.003361196119336405,0.970686522853158,28.615137241616715,77.20902150509822
34.88,-0.018547062683811483,-0.01990296963706759,0.964618993925212,28.61513794679119,77.2090213473152
34.9,0.004767379654695703,-0.0036300632427133427,1.0073349281578452,28.615138650820768,77.20902118303164
34.92,0.019503952595648594,-0.04354130092885709,0.9923225051733844,28.61513935682589,77.20902103014471
34.94,0.010021883398796906,0.003569533277707795,1.0040456081524243,28.615140063221688,77.2090208796177
34.96,0.003791632331974868,0.028577154156271347,0.999642100459833,28.615140770563055,77.20902073496737
34.98,0.020020921851342823,-0.029482642640842115,0.9804719990267241,28.615141479603338,77.20902060154621
35.0,-0.054064645859984745,-0.011718553466355107,0.9990949139607133,28.615142188669243,77.20902046830186
35.02,0.013557506390618153,0.006582135574202591,0.9753379738997029,28.61514289810232,77.20902033761827
35.04,-0.013081513662548477,0.025056852688549673,1.027819447160028,28.61514360844139,77.20902021348508
35.06,-0.03661265793712914,-0.00896449232600299,0.9728805931028007,28.615144317971914,77.2090200834898
35.08,0.010224051990499614,-0.013845006585317928,0.9960842945806284,28.61514502756402,77.20901995393142
35.1,0.027473170903259153,-0.039378462848321666,0.979154568239055,28.615145737298356,77.20901982538797
35.12,-0.0027489702925538374,0.0020687625861621275,1.0114084234672158,28.61514644592143,77.20901968912092
35.14,0.01905749094405878,0.040841520802874884,0.9933713725743699,28.61514715712637,77.20901957159721
35.16,0.03224556515977291,0.005547169239293518,0.9896266656075758,28.615147866809043,77.20901944268418
35.18,0.02629828907168095,-0.00044557958367426635,1.017064030901031,28.61514857496294,77.20901930328807
35.2,0.03279929058742786,0.006441646215339709,1.000588611833551,28.61514928466385,77.20901917450537
35.22,0.014842549821437845,-0.0002218400789720412,1.0103328889187193,28.615149995153068,77.20901905149229
35.24,0.001508672778031856,-0.0162602874452026,0.9803734812696507,28.615150704496997,77.20901892018222
35.26,-0.03203931623794337,0.016465598313554108,0.9719036611214499,28.615151414527872,77.20901879378168
35.28,-0.004921249762598972,0.004515230462235088,1.0021441592408027,28.615152126110946,77.20901867926666
35.3,-0.016864931906323835,0.00035226503867314627,0.9936230728901054,28.615152837663565,77.20901856450634
35.32,0.04341885434995628,-0.019507320545565,1.012528693449079,28.61515355159375,77.20901847084733
35.34,-0.0035177162486467323,0.026070158638695183,0.9984018309467491,28.615154264000395,77.20901836318173
35.36,0.0024640961356897136,0.013294054906662198,1.0041015067846926,28.615154977045655,77.20901826114927
35.38,0.011029707520809352,-0.01105841674734604,0.9675323494011752,28.615155691087235,77.20901816859875
35.4,0.0008720489274490745,0.020036497073638745,1.0377687387922852,28.61515640582462,77.20901808330193
35.42,0.03390102080861506,-0.009951416767704143,0.9967151602993594,28.615157120407495,77.20901799634146
35.44,-0.01245298723468904,-0.01564006985022074,1.013951739406784,28.615157834765636,77.20901790701713
35.46,0.0038921491047448544,-0.015194062349605741,0.9832781665956075,28.615158549465004,77.20901782130791
35.48,-0.014849411713960965,-0.035421371061761825,1.0061601980443469,28.61515926475436,77.20901774224288
35.5,-0.026400450224414118,0.009430847608364115,0.9739431047295051,28.615159980448897,77.20901766808828
35.52,-0.012235381818105708,-0.036622897566767,1.0090413567651935,28.61516069678176,77.20901760241688
35.54,-0.0007407359409682405,-0.024568876625315254,0.9928805183122833,28.615161412490075,77.20901752843503
35.56,-0.0085860444903452,-0.04151176018157066,1.0005838100787114,28.615162128048603,77.20901745259637
35.58,-0.01384841959747712,-0.0017213938558178613,1.013959480602602,28.615162842949708,77.20901736909892
35.6,-0.028126349273436678,-0.0030064092054374416,0.9753491937755944,28.615163557562468,77.2090172824577
35.62,-0.0016621114525738954,-0.006533924263727281,0.9863101653877441,28.61516427291055,77.20901720408513
35.64,-0.030094407480620044,-0.020851553893411527,1.0091464856217354,28.61516498833251,77.20901712659256
35.66,0.015201119273792052,-0.023444675068732802,1.041964429490935,28.615165705284568,77.20901707036889
35.68,0.0016487950586900658,0.009287397270931483,0.9972383533067704,28.615166422330745,77.20901701572488
35.7,-0.02915102998929861,-0.011011038634169754,1.0118227223584786,28.615167139405425,77.20901696156847
35.72,-0.006184181540997269,0.006327166430722895,0.9978605706028304,28.615167856530185,77.20901690827942
35.74,-0.015043128111811663,-0.01770497372248445,1.038844911895126,28.615168573341993,77.20901684978122
35.76,0.0063834902083836085,0.0036212548554216467,0.9650555666606949,28.61516929012398,77.20901679081076
35.78,0.026809008920462892,0.026065560746321274,1.0018924208933873,28.6151700074442,77.20901674105241
35.8,-0.03750344939291489,0.011723316007855667,0.9674891193287588,28.615170724813737,77.20901669222536
35.82,0.0023005215829483435,-0.008248276364329607,0.9498685685892657,28.615171441820593,77.2090166369159
35.84,-0.003202655911332808,0.005143979407118547,1.0059492410623563,28.61517215834761,77.20901657405311
35.86,0.013426801529009314,-0.004813303490604261,1.0027899559229492,28.615172874618928,77.2090165075163
35.88,0.004263932564753783,0.00015760369389456304,0.994303261245156,28.615173590933193,77.20901644158218
35.9,-0.015039386634776383,-0.006512221042970072,0.997876118199205,28.615174307887273,77.20901638539198
35.92,-0.006381078713332364,-0.003286704117707824,1.0619659886814252,28.615175024115736,77.20901631825924
35.94,-0.015920517136069783,0.004241867061483505,0.9948364972393713,28.615175740152054,77.20901624851744
35.96,0.021520142771971968,-0.019867173991639012,1.0102024872250015,28.61517645627598,77.2090161799528
35.98,0.0004262329734388444,-0.020317576539799567,0.9870127036077224,28.615177171175866,77.2090160964418
36.0,0.03802381371506015,-0.02777085107662422,1.005904651500812,28.615177885439806,77.2090160061452
36.02,-0.0012132162762924154,-0.0320054220900742,0.9952353264988877,28.61517859914831,77.20901591031885
36.04,-0.014168135338209256,-0.02434565384440959,0.9917896303454053,28.61517931216463,77.20901580802426
36.06,-0.030274287852256544,0.003189250136082584,1.0363779706440064,28.615180025351954,77.20901570728843
36.08,-0.0360627935251189,-0.017855750309837683,1.0235436992636868,28.615180738396372,77.20901560524831
36.1,-0.031682718860109794,0.010272289284621925,1.0027349329479847,28.615181450932393,77.20901549869944
36.12,0.005342533020229669,0.0006942749750512373,0.9539157612811207,28.615182163862183,77.20901539562522
36.14,0.010174500464598677,-0.039370084268761076,0.9927798155349487,28.615182878245175,77.20901530655914
36.16,-0.03162381404064267,0.013099511684433796,1.0540605512881016,28.615183593813818,77.20901523084439
36.18,0.01790076628152231,0.016215972911834197,0.9953867666672058,28.615184307972267,77.20901513947148
36.2,-0.00966122103366879,-0.019877253496697066,1.0220643514410732,28.615185022581706,77.20901505279468
36.22,0.0029358602397109874,0.008403830857899832,1.028838848039052,28.615185737054553,77.20901496466885
36.24,0.03224441256510849,-0.01712996474818398,1.0043792783171195,28.615186451646572,77.20901487780591
36.26,0.01793678631731064,0.001953407534966708,0.983163567362637,28.61518716592922,77.20901478770156
36.28,-0.005370612958116646,-0.02528996813909931,0.9512937533643422,28.615187880304386,77.20901469855406
36.3,-0.01782384450830575,-0.035862129050691534,1.0136832641721791,28.615188594797225,77.20901461063876
36.32,-0.0430363080265861,-0.007656343792259374,0.9837048799435291,28.615189308831273,77.20901451801284
36.34,-0.014383066384848403,-0.002474578925496723,1.0035230090377538,28.61519002210779,77.20901441809983
36.36,-0.0042226047765538885,-0.00795359387229208,0.9750035932082127,28.615190734983578,77.20901431454209
36.38,-0.01974359054302368,-0.02368061116445119,0.9946952491905959,28.615191448070373,77.20901421288696
36.4,-0.0026251393418460947,-0.00799798124262274,1.000674381098021,28.61519216167891,77.2090141160993
36.42,0.0015370376591753642,0.0053858950516146795,1.005371871620886,28.615192875986505,77.20901402625195
36.44,-0.004497119636161571,-0.0008978606024507397,0.9777035562529517,28.615193589895597,77.20901393238451
36.46,-0.013000051616469195,0.0036500206119842683,1.023938218975227,28.615194304035708,77.20901384082579
36.48,0.0033730934393345537,-0.013402304009084659,0.9880621043053606,28.615195018916342,77.20901375710119
36.5,0.008838812991388181,0.023434358294323193,0.9665106107909351,28.615195734605088,77.20901368287407
36.52,-0.021807981548856922,-0.023523466731095614,0.9978195316007307,28.61519645025537,77.20901360816731
36.54,0.0282186475949254,0.009751205941734372,1.0006875061805292,28.615197165759017,77.20901353165965
36.56,-0.0019717626456852346,0.023637821859199232,1.0032117886634353,28.615197881389722,77.2090134567099
36.58,0.00037699245889695325,0.009618161854977908,1.0272426480737016,28.615198596216697,77.20901337239286
36.6,0.014164288465131143,-0.0040504845412966005,0.9952710232652828,28.615199310899026,77.20901328649944
36.62,0.004664322625270033,-0.010565940933259584,0.9976076075126246,28.61520002612297,77.20901320667019
36.64,0.0190627326782649,0.020721753020925122,0.9779363123753382,28.615200741782044,77.20901313207276
36.66,0.005742483304036484,-0.028459498505233462,1.016411070057758,28.615201457261517,77.20901305527227
36.68,-0.012248747492808758,-0.019402485207592874,1.003686181281562,28.61520217288608,77.20901298024643
36.7,0.007230070504122033,-0.007951155309834429,0.9915994454541167,28.615202887943184,77.2090128985007
36.72,-0.022874524146413236,0.024753075150239962,0.9619065061306907,28.615203603487423,77.20901282248724
36.74,0.002171194115530463,0.007595352720817921,1.0288882439011018,28.615204318979515,77.20901274583947
36.76,-0.000664599812889216,-0.01936091517020491,0.9754464007108788,28.615205034283207,77.20901266694288
36.78,-0.004162337145450794,-0.006206154107698073,0.9881744398126059,28.61520574933169,77.20901258509937
36.8,-0.002570750228778615,-0.012286462881925888,1.00716689022152,28.615206464334847,77.20901250274359
36.82,-0.03763698090995278,-0.014195779844670702,0.9760688414276663,28.615207179007033,77.20901241674073
36.84,-0.01097449815481923,0.019577791171135586,0.9701298044349371,28.615207894160623,77.20901233609771
36.86,0.0018568980228222942,-0.027434862585270114,0.9575210483459867,28.615208609028794,77.20901225223511
36.88,0.0031971278399480075,0.03217561711468747,1.0144199390581128,28.615209324978945,77.20901218135465
36.9,-0.020553502818519163,0.016564593803692455,0.9890962751054736,28.61521004176391,77.20901212243115
36.92,0.025314156817294015,0.02181723341207396,1.0585454018494667,28.61521075805923,77.20901205623046
36.94,-0.017323496964290017,-0.009258790240505166,0.9801128986873825,28.615211474394886,77.20901199059855
36.96,0.019389144010534737,-0.002998814381582187,0.9815709795314216,28.615212190340504,77.20901191965868
36.98,0.008543887237433698,-0.02866303629049424,0.988692140594292,28.61521290607888,77.20901184605518
37.0,-0.012924546196876061,-0.010493248141336061,1.0048626931027698,28.615213622967516,77.20901178879164
37.02,0.03550621785219024,0.009873096952863017,0.9905959332242937,28.615214339698145,77.20901172901664
37.04,-0.0238727366351296,0.025921261235627924,1.0122466442800502,28.61521505661315,77.20901167218311
37.06,0.01838308347220003,-0.022143136336049033,0.9804282322002269,28.61521577378772,77.20901161977118
37.08,0.020011646360859565,-0.007310118739705317,0.9723681656307284,28.615216490466008,77.20901155918725
37.1,-0.013412404181532897,-0.0030259844046504466,0.9640357052118178,28.615217206663324,77.20901149162465
37.12,0.027849306001286576,-0.027915784043849704,0.955528516641256,28.61521792209328,77.20901141422789
37.14,-0.005000930291979055,0.011826984835168006,0.9896386196104988,28.615218636893207,77.20901132961382
37.16,0.00577387258559714,-0.014479806634852183,0.9939803937521355,28.615219349286164,77.20901122183069
37.18,0.005206436775424415,-0.00390780702354048,0.9873712594503363,28.615220062183827,77.20901111846851
37.2,-0.002686174829410956,-0.009038987438237554,1.0248681159437432,28.61522077679487,77.20901103180886
37.22,0.016216165463195643,-0.015786770114393486,1.0245606041921627,28.615221491517588,77.20901094635262
37.24,0.01586977441104426,-0.000140899709611094,0.9933039402511099,28.6152222051062,77.20901084937452
37.26,-0.034970639464763614,-0.004312191571360448,0.9641215777361607,28.61522291813286,77.20901074717348
37.28,0.02608680485756305,-0.007437157645573312,0.9886658978388989,28.615223630740324,77.20901064124637
37.3,-0.03324983976071349,-0.014569232433606857,0.9880035721216588,28.61522434236467,77.20901052706454
37.32,0.020650924086833146,0.006390493415659108,0.9868573007544389,28.615225054824883,77.20901041985982
37.34,0.022534102736551667,0.0330723453698457,0.9860456219220352,28.61522576802424,77.20901031923455
37.36,-0.021819328604303963,0.0027977446567825476,0.9869307420855039,28.615226480155346,77.20901020922894
37.38,-0.008216285759091696,0.01992236429822258,0.9922691676820448,28.615227192967932,77.20901010510813
37.4,-0.022114093369718715,-0.027804438503069254,0.9872891780236889,28.615227907092937,77.2090100133966
37.42,-0.004298420605774706,0.00315522878587539,1.0041664501725118,28.615228622620343,77.2090099371778
37.44,-0.006160685683714825,-0.02194736637942133,1.0072073743180971,28.61522933977089,77.20900988434101
37.46,0.015593210645386798,-0.029538498550638028,0.9817870982563502,28.6152300564739,77.2090098241378
37.48,0.02620617492239217,-0.014787428149180727,1.0254213065201407,28.615230774383495,77.20900978701314
37.5,0.027913676215799123,0.02383798668827146,0.9803987539631878,28.615231492173148,77.20900974699204
37.52,-0.011243360531566042,0.019000316573392913,0.9676439877236933,28.615232209742057,77.2090097021273
37.54,-0.004184437474890556,0.004860094441087994,1.007615561427301,28.615232927435944,77.20900965993633
37.56,-0.033668763844419004,-0.030654011197798616,0.9836518373117132,28.615233644902094,77.20900961298743
37.58,-0.016117401329923776,-0.003925613027758736,1.0064258294151478,28.615234362526994,77.20900956930026
37.6,0.01929703266194915,0.0060340001780347105,0.9519266279779894,28.61523507958312,77.20900951482591
37.62,0.032311656470964636,0.0035107245915719583,1.0278491188296615,28.615235796523027,77.20900945840152
37.64,-0.024686977437598442,-0.03687587166961492,1.013445868160808,28.615236514040454,77.20900941248078
37.66,-0.011849285183057886,-0.017806356960397438,0.96999046901674,28.615237231534763,77.20900936609365
37.68,-0.0005281151391785407,-0.0012815552829743327,0.9704244575230743,28.615237949086012,77.20900932086387
37.7,0.005603223176392136,0.0107258181903438,1.0334453180819505,28.61523866681786,77.20900927951931
37.72,-0.01619207039843292,-0.04392255642199893,0.9852524019300408,28.615239384925403,77.20900924774865
37.74,0.008481220889281795,-0.0032424795095971687,0.9833163030253476,28.615240102472953,77.20900920244283
37.76,-0.009476786941418323,0.002860975397579047,0.9546789581170143,28.61524082024072,77.20900916191556
37.78,-0.0002890454175655821,0.016992239770324262,0.9929844358879689,28.615241537910514,77.20900911919604
37.8,0.010925684960073992,0.013857151684748735,0.9954456077032849,28.615242255641803,77.20900907783889
37.82,0.00012844539621875633,0.011651426376176104,1.0143098619353896,28.61524297371759,77.20900904515
37.84,-0.008727717810531372,-0.015998810134038685,0.9720184314363105,28.615243691399495,77.20900900269537
37.86,-0.002192196078516617,-0.03816004274246615,0.9695942641551878,28.61524440866721,77.20900895196428
37.88,-0.0017672591841067064,-0.00786105514122802,1.0090192526955295,28.615245124938703,77.20900888542991
37.9,-0.007400220597642554,0.0200326365041712,1.0201346014245414,28.61524584087865,77.2090088144158
37.92,-0.005175921253342048,0.02786909055048863,0.9685769529776423,28.6152465575846,77.20900875425805
37.94,0.03197294341009434,0.014210982045955707,1.0216302817259948,28.615247274226352,77.20900869311585
37.96,0.011218388958824774,0.008586816456034688,1.0007508368297364,28.615247990084473,77.20900862103929
37.98,-0.005909606360583207,0.007592792967719309,1.021836106781493,28.61524870562685,77.20900854500306
38.0,0.013939088090214713,-0.01112237493521561,0.9985955927696477,28.615249420096934,77.2090084568481
38.02,-0.006676389795120199,-0.0026012058710724005,0.9495544416502409,28.615250133651056,77.20900835954123
38.04,0.023462492751732827,0.033381390516526624,0.9969606523536793,28.61525084753192,77.20900826539555
38.06,0.007392843843961878,-0.018851160115837526,1.0212028763734253,28.61525156039346,77.20900816171053
38.08,-0.0021460428800845776,0.03229557581419703,0.9821250796183257,28.61525227422358,77.20900806706688
38.1,0.008954338516205553,-0.006440563089841168,0.992240700621851,28.615252987994428,77.20900797184493
38.12,-0.03141752304136999,0.02650864218190157,0.9964773299289804,28.615253701836565,77.20900787731897
38.14,-0.022535349378196106,-0.028136300189950766,0.9420097224026304,28.61525441544494,77.20900778052975
38.16,-0.02387850012798111,0.011718084023292982,1.0334269515087495,28.615255129688666,77.20900769002583
38.18,0.002858861895274135,-0.014735402718952439,0.9819724864020565,28.615255844532697,77.20900760589659
38.2,0.03465029998970184,-0.02830534383848375,1.010114708649456,28.615256559620164,77.20900752449619
38.22,0.044626002923852645,0.0043706808482189136,0.9982659772770358,28.615257275099808,77.20900744769774
38.24,0.012761022028815143,0.020189435771919374,1.0251523811271872,28.615257990434856,77.20900736917088
38.26,0.01001688949888914,-0.016898828771869927,1.0081211224485616,28.615258706133158,77.20900729506337
38.28,-0.03602115468305478,-0.029980319209168025,0.9953015145695805,28.615259421607565,77.20900721820165
38.3,-0.010853475994680435,-0.0018368952866991027,0.9821296981496144,28.615260137083478,77.20900714135811
38.32,-0.015755675038164777,-0.0017487065755436215,1.0159570140276428,28.615260852371424,77.20900706227644
38.34,-0.012416951965022321,0.010966392551089974,0.9625311739209077,28.615261567334485,77.20900697947013
38.36,-0.003362876371695792,0.018991891427289766,1.012917808405518,28.615262281779646,77.20900689105342
38.38,-0.009441811553942548,-0.001188303625449882,0.9780191049689025,28.615262996579997,77.20900680644397
38.4,-0.03958599620751575,0.03711006629588526,1.0250456732391329,28.615263712292382,77.20900673251317
38.42,0.014958205122350677,0.0044846948907058355,1.003225990853254,28.615264428715722,77.20900666813519
38.44,-0.021454860514796132,-0.006928530120137992,1.0128824753570023,28.61526514437238,77.20900659350765
38.46,0.004784937282222991,-0.03223134718205656,1.0016397762764944,28.615265860814127,77.20900652939604
38.48,0.04148165339499947,-0.005253190406323355,0.9649524580971801,28.615266577073186,77.20900646268817
38.5,-0.01838769183172847,-0.006727738908222725,0.9827854167320932,28.615267293671106,77.20900640088296
38.52,-0.050605750454926594,0.01920609592562941,1.0134477867522276,28.615268009747936,77.2090063316829
38.54,-0.005720084437602217,0.009249672481337082,1.0033331163471968,28.61526872591029,77.20900626364107
38.56,0.02201919269997142,-0.023587382432652345,1.0236197981061135,28.615269442256512,77.20900619815895
38.58,0.03916694908441188,0.00344508772822075,1.0080654912607434,28.615270157670416,77.20900612056984
38.6,-0.024590991889048338,0.013430623434581068,0.9806659621859468,28.615270873485386,77.20900604793924
38.62,0.009933984464730435,0.030560627187756654,0.9840787172455874,28.61527159009365,77.20900598628982
38.64,-0.009306209135601066,0.017750079348281187,1.0020583478104648,28.6152723066063,77.20900592321483
38.66,-0.0021189670860827133,0.015216933086229557,0.9537191186799979,28.615273023805788,77.20900587124713
38.68,0.0528868669403407,0.0012017198923032723,1.0334688377124597,28.615273740917445,77.20900581772975
38.7,-0.030059406567903065,0.007766240108468992,1.0088349347275511,28.615274458402357,77.20900577115438
38.72,0.005074793229891469,0.024990098014123174,1.0245406919409774,28.61527517480368,77.20900570645924
38.74,0.009353863435308665,-0.026655547949592996,0.9683879211838167,28.615275892369013,77.2090056615203
38.76,0.021715726498786943,-0.006988786544339118,1.0248913032071052,28.61527661044404,77.2090056288099
38.78,0.001959663069417909,-0.015451374975124815,1.044629978220555,28.615277328434434,77.20900559377145
38.8,0.006161010790082046,0.007583062374522482,0.9735824328924536,28.61527804567866,77.20900554261131
38.82,-0.007832971348435823,0.02460444351301575,1.0154280358980754,28.61527876304927,77.20900549380468
38.84,0.005382538824902147,-0.011939485734421478,1.0000221988937459,28.615279479726468,77.209005433204
38.86,-0.00686384550994821,-0.04780608734938876,0.9691113230350351,28.61528019663323,77.20900537623567
38.88,0.012431437797121017,-0.008244414900489404,1.0098576794370373,28.615280913739742,77.2090053226289
38.9,-0.007392206720872679,0.018269474640348133,1.016672064096747,28.61528163037147,77.20900526133444
38.92,0.00754200787804373,0.010752598058997594,0.9879774689466231,28.615282347561326,77.20900520919459
38.94,-0.0005852562736995671,0.008563724956211523,1.0233183304051046,28.61528306509663,77.20900516363773
38.96,0.022521005015443362,-0.005599866037489595,0.9666647318642161,28.61528378298802,77.20900512605903
38.98,-0.0010278744717697249,-0.02558061472439573,0.9701048770710071,28.61528450088233,77.20900508855276
39.0,-0.03546064936413763,0.010305886432489348,1.0027319479117751,28.615285218238668,77.20900503947473
39.02,0.025238430014279833,-0.016685636200692494,1.0005077055594453,28.615285935982005,77.2090049983898
39.04,-0.018114646017252378,0.043681934667609126,0.9856685302315179,28.615286653625205,77.20900495509444
39.06,-0.013075326772976396,0.01141014416709032,1.0161918887194377,28.615287370670902,77.20900490044222
39.08,-0.011913225880869842,-0.011612966051079022,1.010617886284319,28.615288088299707,77.20900485683833
39.1,0.027488761863416346,-0.012227704947772564,1.0171627814186803,28.61528880657392,77.20900483040502
39.12,-0.04271348427957391,-0.0018588841322717657,0.9975372712929547,28.6152895248385,77.20900480363422
39.14,0.06275497067319988,-0.004790038440434996,1.0120516053595667,28.615290243443038,77.2090047945343
39.16,0.021121136181321037,0.022336675510599084,0.9910869939394001,28.615290962054573,77.20900478618186
39.18,0.004464778282583194,0.0037283233948809265,1.041076373801732,28.61529168063301,77.2090047747151
39.2,-0.0010978800123257278,-0.014632634778170561,0.9837490845975603,28.615292399133704,77.2090047580879
39.22,0.005711081497153139,0.03780881370311565,1.0421059485891662,28.615293117777064,77.20900475486141
39.24,0.010422448567586767,0.0009861666304044527,1.0006977589417883,28.615293836376456,77.20900474524855
39.26,0.01290431171900114,0.015376793519377936,0.9724897822086251,28.61529455501847,77.2090047416547
39.28,0.01111208932006897,-0.012164530148895186,1.027361587009772,28.61529527363161,77.20900473348343
39.3,0.0017916136251049763,0.007262312554890468,1.0025180277678991,28.615295992204118,77.20900472154418
39.32,-0.003946768406146522,0.006222199822863904,1.0170224819676048,28.61529671084647,77.20900471803857
39.34,-0.003025465673070234,-0.03779298584192306,1.0244771183708519,28.615297429471934,77.20900471142188
39.36,-0.0038981656070536204,0.0403055022092128,1.0067591110829006,28.615298148068,77.20900470149154
39.38,0.022675401937341293,0.025812889218450943,0.9881551831037437,28.61529886671671,77.20900470083457
39.4,0.011871134445617238,-0.007943906322919752,1.019514267553385,28.615299585282944,77.20900471325409
39.42,-0.058807772693285604,-0.02204539480911711,1.000015110149092,28.61530030376396,77.2090047309504
39.44,0.013118015530595219,0.00695123227607104,1.0137171563721683,28.615301022331288,77.20900474328741
39.46,0.003894723894375497,0.0017339539882879316,0.9569253885241708,28.61530174094455,77.2090047514447
39.48,-0.00037417512891794834,0.007113378971264588,1.008939634340197,28.61530245955186,77.20900476025616
39.5,-0.007770369061777717,0.0038315479238817925,0.9872282834970993,28.615303178130645,77.2090047716947
39.52,0.02248225439972027,0.010124819786118523,1.0330661927435707,28.61530389677356,77.20900477504651
39.54,0.018950529242457156,0.02894611398783613,1.012461746957782,28.615304615376417,77.20900478431723
39.56,-0.015457553356472182,0.011362064102572922,1.0047971549169858,28.615305333972053,77.20900479428795
39.58,0.008141045742490702,-0.020993109978198823,1.0097261998670044,28.61530605261209,77.20900479021341
39.6,-0.01943313469082572,0.02725125705424904,0.9800311829424656,28.6153067711879,77.20900477853468
39.62,-0.02759236329577861,0.032812291269765745,1.032465133810561,28.615307489702893,77.20900476272952
39.64,-0.012534344491799304,0.0630411346902417,1.039827408368338,28.615308208207587,77.20900474632803
39.66,0.017247869447655176,-0.02246988066479196,1.0078582702109644,28.615308926856056,77.20900474539188
39.68,0.019062500907521734,0.0048576402630055,1.0318080713714728,28.615309645504446,77.2090047464055
39.7,0.01026170840194586,-0.041641974063779744,0.9886170360265494,28.615310364134917,77.20900474053626
39.72,0.014501915736959943,0.011062983127584183,0.9840577286755003,28.615311082775005,77.20900473647316
39.74,0.010323565742299168,-0.010964005963335452,1.0008184949745784,28.615311801398082,77.20900472952779
39.76,-0.012829631904459045,0.03846891589649907,1.008698820767358,28.61531252003717,77.20900472524096
39.78,0.008638450893478812,-0.01549229940037164,0.9921202663751376,28.615313238685992,77.20900472570688
39.8,0.016008190504553647,-0.03378366075934523,1.0107553638073696,28.61531395727733,77.20900473607179
39.82,0.015085826596271485,-0.009425274814050392,1.0061277896414682,28.615314675870856,77.20900474623791
39.84,0.02377826742949286,-0.03950975542434275,0.980033864494179,28.615315394221607,77.20900476981824
39.86,0.014166076944021276,0.015021989090146202,1.0103758603490345,28.615316112354787,77.20900480082786
39.88,0.007028964150831658,-0.04130166092512641,1.0172705648504303,28.615316830662575,77.20900482604951
39.9,0.02140300476632855,0.0005691516236631776,1.0034293863518078,28.615317548305736,77.20900486934575
39.92,-0.0005304251849812013,-0.041556236397123934,1.0230529620652338,28.615318265820775,77.20900491531492
39.94,-0.017637493024554356,-0.006405956090732839,0.975651924130061,28.6153189836478,77.20900495445669
39.96,-0.0032613392788752777,0.03286756311609068,1.009359008442637,28.615319700808836,77.20900500710846
39.98,-0.014898052896128982,0.0072129578287159,0.9765943858720645,28.615320416854782,77.20900507672198
